emi_id,loan_id,due_date,due_amt
commodi,76487,aliquam,distinctio
voluptates,89614,rerum,quibusdam
fuga,22168,sunt,accusamus
doloremque,52487,debitis,adipisci
quia,52237,veritatis,nesciunt
ducimus,30599,tempora,reiciendis
perspiciatis,52896,ad,earum
voluptates,66147,eligendi,officiis
cupiditate,41265,deserunt,aperiam
itaque,18947,iste,maxime
quod,98049,fugit,explicabo
recusandae,32137,placeat,ipsam
enim,87550,id,incidunt
voluptatibus,79047,molestias,sunt
illo,90823,asperiores,at
possimus,80143,dignissimos,ratione
facilis,36995,maxime,eaque
est,74803,quos,molestias
doloremque,29963,quos,nobis
inventore,25675,voluptas,illo
quidem,36889,quia,voluptates
earum,27271,doloribus,ab
reprehenderit,59024,nihil,vel
ex,76977,delectus,ullam
molestias,36689,ratione,eveniet
totam,43909,iure,vel
sed,84205,nisi,rem
reiciendis,79416,sapiente,natus
illo,35797,corporis,laudantium
fugiat,28647,eos,voluptatibus
adipisci,86714,sit,totam
accusamus,46577,totam,architecto
pariatur,66298,laborum,temporibus
esse,69871,labore,itaque
aspernatur,37524,praesentium,magni
adipisci,63254,cumque,quaerat
officiis,49953,expedita,illo
minima,65897,non,odio
laudantium,43121,quaerat,facere
quos,62205,quisquam,molestias
placeat,17130,sequi,error
commodi,57366,odio,aut
veritatis,90496,blanditiis,reprehenderit
eveniet,15523,incidunt,distinctio
aperiam,14075,deserunt,in
dolor,38929,dignissimos,consequuntur
quos,15452,ducimus,non
voluptas,32972,ipsum,blanditiis
praesentium,81260,assumenda,iusto
nobis,65484,culpa,ratione
corrupti,59452,repellat,veniam
dicta,93222,quibusdam,laboriosam
deleniti,93405,at,molestias
inventore,91327,porro,praesentium
at,83402,fugit,ipsa
hic,26402,officia,corporis
velit,25678,omnis,assumenda
dolorum,64672,officiis,sed
quisquam,80590,a,cumque
minima,93252,dicta,quidem
iste,42757,voluptatem,odio
molestiae,73549,deserunt,optio
voluptatum,25815,dolorum,sapiente
perspiciatis,62788,laudantium,odio
pariatur,13810,soluta,illo
voluptates,26572,velit,quia
ratione,35748,eaque,eius
praesentium,46454,dolorem,consectetur
tenetur,57460,non,illum
alias,32477,soluta,nisi
rerum,53188,ullam,consequatur
sit,94638,enim,delectus
architecto,78728,magnam,quos
hic,82107,porro,deleniti
minima,90961,adipisci,autem
dolore,79735,dolore,eveniet
recusandae,69056,reiciendis,excepturi
inventore,42945,sequi,consectetur
delectus,66101,iste,necessitatibus
repellendus,27328,quibusdam,maiores
soluta,42756,fuga,architecto
architecto,51964,sed,exercitationem
quod,51092,recusandae,quae
error,15095,quisquam,ad
maxime,90997,sint,provident
magnam,10310,eligendi,ipsam
consectetur,67891,similique,recusandae
qui,64194,optio,tempore
placeat,48196,cupiditate,inventore
officia,86539,soluta,sed
natus,54200,modi,ducimus
architecto,18962,quia,incidunt
et,32746,reiciendis,nobis
odio,44903,deserunt,voluptatem
impedit,54791,esse,nobis
modi,81672,quia,officiis
eligendi,80104,repellat,amet
corporis,21273,voluptatibus,sapiente
cupiditate,99743,temporibus,reiciendis
occaecati,42807,eaque,velit
neque,67146,distinctio,ratione
reprehenderit,20657,voluptatibus,laudantium
quaerat,21794,temporibus,laudantium
nulla,44972,quis,culpa
tenetur,20422,maiores,quae
sint,26347,ipsa,ducimus
animi,36900,occaecati,aliquam
eaque,61679,sint,accusantium
tenetur,75916,in,esse
accusantium,19550,quam,cum
velit,24939,fuga,temporibus
provident,79237,velit,autem
itaque,93510,mollitia,eum
recusandae,12988,culpa,sed
sapiente,45964,maxime,deleniti
veritatis,70458,architecto,corporis
voluptas,87294,eos,asperiores
temporibus,43234,aspernatur,molestiae
laborum,38068,quisquam,culpa
quos,64963,assumenda,inventore
impedit,87463,tenetur,maiores
velit,68952,maiores,recusandae
repellat,48422,minima,earum
odio,10301,rerum,exercitationem
placeat,96106,sequi,et
aut,61467,molestiae,maxime
possimus,84470,corrupti,dolorem
reiciendis,30254,nesciunt,eius
occaecati,50949,nam,rem
in,11038,hic,reprehenderit
quisquam,62495,officiis,iure
commodi,40406,nihil,officiis
porro,13176,voluptatibus,iure
officiis,68296,veniam,consectetur
cupiditate,34682,quae,ut
corrupti,12827,sed,quas
veritatis,62150,vero,vero
hic,26796,nihil,atque
alias,75902,rem,ea
ipsam,18458,tenetur,facilis
nobis,74799,eveniet,impedit
voluptatem,14226,ipsum,eveniet
quisquam,46718,error,ipsam
tempore,61108,illo,saepe
eius,56032,debitis,doloremque
sit,23527,veniam,fugiat
quos,22247,perferendis,velit
quidem,23517,nihil,labore
impedit,18951,nihil,totam
omnis,99796,dicta,consequatur
quis,31991,iste,sunt
dolores,68039,ducimus,odio
qui,21350,ratione,recusandae
eaque,46050,excepturi,vitae
quia,68689,deleniti,dolore
error,92246,totam,exercitationem
adipisci,34261,molestiae,modi
laborum,61045,et,occaecati
provident,58268,qui,voluptate
quibusdam,37866,minus,cum
reiciendis,60404,debitis,quam
dignissimos,79601,ea,laborum
error,89780,nam,voluptate
deleniti,55333,ea,non
delectus,91358,porro,delectus
suscipit,97032,distinctio,voluptate
reiciendis,56144,eaque,sit
amet,25069,facilis,ea
similique,97871,fuga,voluptatum
voluptate,36447,praesentium,nulla
incidunt,10143,id,necessitatibus
repudiandae,10840,voluptates,alias
qui,49111,iusto,repellendus
sint,10750,ipsam,beatae
saepe,32256,voluptates,aspernatur
corporis,71040,mollitia,alias
sapiente,33730,suscipit,quo
aliquam,52037,laborum,dolor
adipisci,43472,atque,ex
id,41731,dolor,assumenda
recusandae,83599,laudantium,doloribus
facere,62311,modi,beatae
cum,55992,quia,inventore
nihil,45601,recusandae,iusto
quibusdam,22089,nemo,quae
quo,82175,unde,reiciendis
corrupti,33331,hic,fugiat
explicabo,65997,doloribus,hic
autem,97935,exercitationem,accusantium
commodi,54872,repudiandae,mollitia
dolorem,90306,soluta,beatae
aut,67930,iste,beatae
maiores,57845,autem,veniam
magnam,14499,tempore,similique
possimus,69804,occaecati,dolor
reprehenderit,25433,repudiandae,eaque
repudiandae,89140,tenetur,ullam
earum,72370,ex,beatae
officiis,13583,unde,odio
corporis,69740,voluptate,eveniet
explicabo,19363,eius,enim
quas,90878,maxime,quaerat
quae,23580,nobis,nostrum
perferendis,60956,autem,facilis
saepe,27894,corrupti,modi
impedit,83044,repudiandae,neque
adipisci,92675,fugit,officiis
saepe,10304,placeat,odit
facilis,34209,enim,fugiat
inventore,60663,suscipit,quidem
omnis,40753,veniam,expedita
esse,81713,laboriosam,quis
quae,70716,earum,aliquid
accusamus,46978,voluptatem,voluptas
tempore,28781,omnis,facilis
tempore,99966,ut,quae
inventore,34658,dignissimos,culpa
dicta,26275,ullam,perspiciatis
quisquam,91440,eos,commodi
repudiandae,38719,eveniet,sit
occaecati,53238,enim,ex
ipsam,95384,blanditiis,hic
repellat,13542,culpa,repellat
dolore,22649,nesciunt,facere
voluptates,65662,vero,numquam
a,61084,minima,laboriosam
tempora,64601,sit,incidunt
praesentium,51647,corporis,magni
ducimus,18505,culpa,deserunt
quam,91115,provident,aliquam
beatae,49569,dicta,sed
impedit,39765,dicta,possimus
ex,73207,perferendis,aut
totam,33906,fugit,assumenda
ipsam,81761,alias,perferendis
reiciendis,30858,illo,aut
modi,43308,ipsum,necessitatibus
iusto,98652,alias,aperiam
in,64469,sed,unde
accusamus,97337,rerum,iure
laboriosam,56251,consequuntur,provident
praesentium,22707,magnam,nulla
excepturi,79394,esse,debitis
ex,35544,enim,suscipit
suscipit,97992,quas,aliquid
officia,91153,doloribus,autem
repellendus,79933,exercitationem,in
natus,62402,esse,nostrum
fuga,88477,modi,earum
vitae,94367,quibusdam,ad
id,64552,ipsam,repudiandae
sapiente,30516,non,commodi
eos,50474,dicta,tempore
et,37069,animi,veniam
corporis,43780,odit,saepe
vel,41969,ea,dolores
sed,44152,accusamus,occaecati
amet,40622,quod,voluptatum
quo,86163,doloremque,quis
accusantium,36058,voluptates,tenetur
quidem,37591,nisi,a
voluptas,34973,porro,nulla
sequi,45010,illo,ullam
quasi,52582,illo,aspernatur
perferendis,64472,vitae,commodi
corporis,99605,ad,illo
qui,97052,blanditiis,quibusdam
quod,99714,quas,veniam
debitis,23334,tempore,possimus
quasi,10973,quam,alias
odit,23425,voluptates,minima
quisquam,96081,repellat,iure
natus,79429,distinctio,quae
itaque,14937,vel,quod
unde,12028,esse,expedita
fugiat,27728,corporis,odio
dolorem,15097,culpa,laboriosam
sunt,74342,dicta,aspernatur
ad,70386,sapiente,delectus
porro,12156,suscipit,sed
architecto,95847,nostrum,temporibus
optio,14544,eum,voluptatem
dolor,90452,corporis,ipsam
deleniti,93553,aliquid,ut
dolor,59422,id,unde
sunt,63812,eos,quidem
officia,41976,veniam,consequuntur
dolorum,75366,consectetur,vitae
laborum,77339,aperiam,architecto
maxime,26040,non,sit
voluptate,67092,accusamus,laboriosam
animi,95894,sunt,dignissimos
doloribus,52789,nulla,ipsa
minima,22348,ad,sit
dolore,96214,dolor,eius
nemo,88194,atque,expedita
facere,30772,sequi,aliquam
consectetur,78965,eum,porro
pariatur,10183,deserunt,quod
maiores,51256,totam,eius
voluptatem,53625,commodi,minus
ab,55195,similique,voluptas
accusantium,99810,ipsam,debitis
nihil,51944,voluptas,qui
reiciendis,88401,expedita,iste
libero,45786,ratione,praesentium
velit,61529,quae,ullam
sit,27015,temporibus,possimus
voluptate,88719,quam,tempore
ducimus,29139,sapiente,culpa
voluptas,12352,voluptate,suscipit
fugiat,97256,occaecati,mollitia
consequuntur,65078,occaecati,laboriosam
laboriosam,32672,eius,natus
nisi,15559,earum,voluptatibus
ab,45098,sunt,assumenda
adipisci,30832,aspernatur,nisi
tempora,54591,placeat,similique
odio,41735,inventore,nisi
eaque,86203,ipsum,sapiente
magnam,91139,aut,neque
rem,23430,numquam,minus
ex,96543,omnis,accusamus
quaerat,27680,neque,aspernatur
molestiae,73545,quo,cupiditate
optio,81140,mollitia,ducimus
facere,18986,possimus,praesentium
soluta,89609,necessitatibus,consectetur
suscipit,11360,unde,consectetur
consequuntur,51820,beatae,culpa
aspernatur,77694,dolorem,ipsa
harum,26804,repellendus,perferendis
commodi,65729,molestiae,magnam
quo,20377,pariatur,nesciunt
eum,42336,facilis,labore
perspiciatis,28444,enim,dignissimos
in,56276,facilis,explicabo
necessitatibus,16999,assumenda,tempore
dolore,10249,veniam,non
voluptate,70700,in,hic
nisi,71680,soluta,ab
omnis,78985,vitae,sequi
in,48640,laboriosam,magni
inventore,37930,explicabo,provident
cumque,80663,commodi,et
similique,10264,odio,dolorem
voluptas,92417,voluptatibus,nihil
ipsum,94402,facilis,rerum
velit,67543,esse,et
iusto,80873,voluptatum,iste
tenetur,20770,officiis,harum
perferendis,12471,beatae,iste
saepe,63282,eius,deleniti
repudiandae,91164,exercitationem,a
quo,76421,laboriosam,sint
rerum,26082,earum,vel
pariatur,27596,mollitia,dolor
voluptas,20500,exercitationem,vel
occaecati,97099,id,porro
inventore,30427,rem,tenetur
aliquid,42039,aspernatur,quisquam
est,14394,quos,voluptas
natus,95029,odio,delectus
laborum,25881,perspiciatis,illo
placeat,28066,harum,dolorem
harum,56791,explicabo,veniam
voluptatibus,77978,architecto,saepe
quas,22830,ex,impedit
ratione,83961,minima,sint
ad,35024,aspernatur,ad
iusto,62519,autem,voluptate
hic,91468,totam,occaecati
consequuntur,63160,quis,voluptatum
fuga,74338,id,tempore
consectetur,41303,laboriosam,non
odit,79327,autem,qui
recusandae,29165,consectetur,alias
repellendus,94749,occaecati,nisi
rem,63684,molestiae,est
accusamus,66998,temporibus,fuga
iste,42507,iure,architecto
ad,25421,quod,est
laudantium,52781,at,repellendus
vitae,25504,non,et
nisi,67491,quas,ex
aliquam,23791,iure,nemo
ab,87956,eligendi,accusantium
nemo,90058,magnam,eveniet
doloribus,89802,natus,quis
explicabo,24952,corrupti,ad
ex,38857,nobis,accusamus
quibusdam,53944,a,ea
impedit,29183,dicta,fuga
iusto,29900,atque,ipsa
quos,85405,nemo,aut
molestias,89975,nam,quibusdam
accusantium,50696,molestias,quasi
inventore,45506,dolor,nobis
optio,39284,magnam,inventore
alias,74891,harum,laborum
illo,37421,excepturi,beatae
atque,43597,enim,voluptate
doloribus,72159,expedita,omnis
repellendus,84371,maxime,vero
sit,82230,ducimus,delectus
at,64225,nisi,voluptate
error,77407,atque,numquam
error,43592,ipsum,dolores
doloremque,17464,minus,eius
corporis,14416,aut,pariatur
aut,25538,voluptas,praesentium
aliquam,69300,ut,iusto
recusandae,23570,occaecati,tempore
voluptas,55990,esse,fuga
debitis,65059,minima,ab
iure,42451,eius,vero
et,47795,modi,aperiam
natus,57130,enim,sit
quis,77531,quisquam,tempore
dicta,66434,hic,alias
enim,44129,illum,id
quae,97727,asperiores,error
minus,18338,illum,alias
sapiente,34917,aperiam,illum
consequatur,87540,quasi,corrupti
amet,42069,sapiente,vero
harum,80651,eligendi,quibusdam
nisi,36608,quas,voluptas
quis,60952,quos,explicabo
cupiditate,64619,unde,sunt
cum,79429,fugit,occaecati
sapiente,95642,cumque,at
incidunt,75993,quibusdam,eius
quas,31779,suscipit,odit
consequuntur,57826,sequi,nisi
eligendi,41655,vel,nostrum
magnam,39468,eligendi,ex
mollitia,82092,hic,totam
modi,13035,explicabo,sunt
id,19001,nesciunt,placeat
iure,27399,in,debitis
alias,42030,velit,voluptatibus
est,11744,quas,ullam
consectetur,25485,illo,omnis
saepe,21066,quam,quo
officiis,49351,modi,cumque
maxime,71964,maiores,fugiat
earum,37475,recusandae,itaque
ex,34829,deserunt,qui
eius,27254,reprehenderit,necessitatibus
debitis,88005,consequatur,odit
ex,89678,reiciendis,neque
alias,50442,occaecati,veritatis
aperiam,75670,illo,beatae
rerum,65346,impedit,iure
velit,51349,voluptate,eius
architecto,43099,quod,labore
maxime,82977,sint,porro
officiis,27061,illo,quisquam
nisi,99235,officia,unde
deserunt,22265,iusto,veritatis
itaque,76349,suscipit,atque
autem,83144,saepe,dicta
vel,77529,repellat,quisquam
explicabo,43774,atque,corrupti
corporis,23982,odit,rerum
ab,32352,iure,mollitia
reiciendis,19539,totam,temporibus
harum,44708,cumque,autem
excepturi,45342,ad,excepturi
eum,68697,itaque,exercitationem
autem,40021,expedita,ea
at,96105,fugit,ducimus
repudiandae,51063,voluptatum,repellendus
ipsum,44426,perspiciatis,quidem
fugit,37878,unde,quos
debitis,85502,minima,natus
debitis,16712,ipsum,repellendus
molestias,37632,facilis,vel
reprehenderit,91982,deleniti,reprehenderit
distinctio,32845,consequuntur,facere
ullam,19326,corrupti,porro
temporibus,66888,ex,reiciendis
distinctio,11946,fugit,quibusdam
magni,47296,recusandae,porro
beatae,74652,adipisci,accusantium
veniam,41100,consequatur,enim
sequi,40743,officia,cupiditate
enim,83681,nobis,libero
commodi,60538,delectus,vitae
distinctio,41487,asperiores,harum
labore,82518,odio,veniam
recusandae,60309,exercitationem,itaque
commodi,97854,ex,nihil
aspernatur,57496,autem,quibusdam
laborum,67128,similique,assumenda
eveniet,69673,nulla,mollitia
vel,19570,officiis,numquam
necessitatibus,44517,non,minus
fuga,10355,quam,autem
ut,81181,provident,expedita
libero,89007,temporibus,reprehenderit
eum,45724,culpa,dignissimos
pariatur,50430,provident,quod
iste,42948,pariatur,vero
reiciendis,70169,maiores,architecto
deleniti,20734,temporibus,hic
ipsam,18954,suscipit,assumenda
magni,17577,corporis,perferendis
veritatis,56554,quibusdam,maiores
itaque,55705,id,maxime
ipsum,51757,officiis,quaerat
quod,53445,ea,ullam
excepturi,61451,voluptates,voluptates
eius,56277,maiores,sit
vel,62101,blanditiis,qui
necessitatibus,93175,aperiam,vel
nobis,84597,odit,itaque
enim,28907,neque,eaque
tempore,80592,molestias,vitae
ducimus,50554,eligendi,veniam
delectus,70406,nisi,rerum
illum,99783,magnam,unde
atque,61070,quasi,illo
laudantium,96965,dolore,nemo
quidem,42602,adipisci,id
doloremque,86064,esse,perferendis
sed,46486,harum,ratione
nostrum,17243,minus,facere
repellendus,28025,ea,cumque
error,55998,quisquam,nulla
eaque,97445,porro,minus
ipsum,41568,atque,temporibus
consectetur,80465,facilis,enim
quasi,15854,perspiciatis,maxime
non,97314,maxime,eligendi
dolorum,26702,facilis,eum
quis,61826,libero,in
minima,22363,impedit,voluptates
enim,65987,omnis,dolor
magnam,68480,est,nemo
ullam,32523,dolor,necessitatibus
ullam,56457,voluptate,quis
quasi,74985,illo,libero
sapiente,54066,vel,nam
consequatur,43507,velit,vero
suscipit,64137,corporis,quia
similique,87882,rem,voluptate
maiores,33169,quis,vitae
debitis,76203,reprehenderit,nesciunt
consequatur,66781,mollitia,eius
eligendi,97471,corporis,facilis
aliquam,84605,in,eius
deserunt,18212,voluptatem,nihil
hic,45202,fuga,aperiam
fugiat,42195,mollitia,qui
assumenda,28773,voluptatem,id
repellendus,23680,possimus,ad
nulla,37114,quae,temporibus
minima,17843,nisi,ipsa
perspiciatis,14083,repellendus,debitis
quas,10243,eius,dignissimos
quam,74149,consectetur,incidunt
deleniti,45912,cumque,esse
natus,37484,perferendis,itaque
quo,17671,nostrum,recusandae
voluptas,17534,corporis,nemo
sapiente,90608,dignissimos,sit
fuga,87303,eos,consectetur
fugiat,65416,minima,tempora
optio,31104,voluptatibus,animi
minima,64290,doloremque,velit
eius,81086,optio,temporibus
in,15411,id,recusandae
voluptate,53204,fugiat,voluptatibus
fugit,48999,dolore,molestias
quia,73632,consequuntur,ducimus
vel,51784,ut,at
maxime,31881,sunt,quod
delectus,12001,qui,nihil
odit,83774,vero,aut
recusandae,17904,fugiat,vel
odio,26632,ipsa,doloremque
dolorum,91074,praesentium,ipsam
odio,94962,error,ea
deserunt,91851,optio,voluptatibus
tempore,93176,suscipit,similique
velit,71917,corporis,sint
dolorum,62211,error,dolorem
veritatis,45175,quos,distinctio
provident,24601,quis,voluptatem
non,29224,minus,quam
ipsum,98258,quidem,cum
non,85166,eos,eum
porro,97259,excepturi,voluptas
assumenda,93999,maiores,molestiae
laudantium,60951,repellat,eligendi
quam,91389,laboriosam,commodi
nisi,14510,quisquam,ea
numquam,76105,quidem,assumenda
quam,40516,incidunt,adipisci
non,48038,esse,aliquam
facilis,28094,temporibus,voluptatem
excepturi,67115,deserunt,placeat
sed,92681,rem,repellendus
totam,70185,enim,sint
quam,19011,alias,porro
alias,71712,nihil,provident
cum,93446,hic,sint
amet,27982,temporibus,id
praesentium,31015,recusandae,ex
eos,88902,occaecati,eveniet
possimus,74087,harum,repellat
quia,26156,at,consequuntur
unde,46928,esse,iure
quo,63169,est,molestiae
fuga,34191,corporis,aut
commodi,98727,sapiente,ut
minima,50025,dicta,officia
doloremque,10231,quas,quisquam
exercitationem,88033,commodi,nam
atque,18750,nam,explicabo
nam,83612,maxime,odio
nulla,27802,voluptatibus,delectus
non,92062,illum,eius
reprehenderit,95369,dignissimos,a
non,99328,ratione,perferendis
eveniet,98886,corporis,itaque
dolor,56434,minima,veritatis
vero,76936,porro,quae
dignissimos,80938,magni,nostrum
suscipit,78428,consectetur,dolor
architecto,82255,iusto,maiores
nobis,39362,vel,eligendi
laudantium,71681,ratione,assumenda
asperiores,26718,cum,facere
ad,98937,odio,vitae
provident,59136,delectus,voluptates
veritatis,49668,voluptatum,hic
eveniet,51062,voluptatibus,mollitia
eum,91353,totam,odio
quis,24103,possimus,at
minus,90643,nemo,nam
earum,15570,nemo,consectetur
officiis,49135,omnis,ipsa
eum,84126,assumenda,eligendi
ad,71421,expedita,eaque
hic,34855,facilis,doloribus
molestias,64543,consequatur,vero
iure,96086,tenetur,reprehenderit
voluptatibus,96077,dolores,fugiat
recusandae,10313,repellat,totam
minima,23743,perferendis,quod
dicta,98480,dolorum,quos
quisquam,86373,veniam,quia
velit,10192,doloremque,inventore
tempore,13835,aperiam,odit
adipisci,23632,numquam,soluta
eligendi,59937,labore,est
nobis,67045,nam,quas
explicabo,37445,hic,tenetur
distinctio,41484,nulla,magni
pariatur,12075,dolores,expedita
fugit,90819,assumenda,assumenda
veniam,29625,eos,quasi
doloremque,60780,vero,atque
eveniet,21283,perferendis,sint
omnis,70962,assumenda,omnis
provident,87966,atque,enim
eveniet,37813,facere,voluptas
ipsa,36167,molestiae,nesciunt
omnis,77297,animi,asperiores
corrupti,22450,at,sed
nostrum,91413,earum,sit
quidem,99416,reprehenderit,saepe
nihil,21070,assumenda,error
magni,18067,quisquam,omnis
inventore,90222,temporibus,officiis
error,98934,eius,tempore
architecto,77800,ducimus,quo
laborum,19499,quod,atque
error,38032,iste,voluptatem
ullam,56671,tenetur,corporis
labore,64871,repellendus,tenetur
velit,58739,consectetur,aliquam
deserunt,25896,earum,atque
dolore,86204,natus,libero
vero,75097,quibusdam,qui
saepe,41874,omnis,ratione
eum,89684,molestias,porro
dolore,76534,a,at
dolore,29391,itaque,deserunt
veritatis,73685,dolore,ratione
dicta,81766,vero,ea
voluptate,11138,laboriosam,distinctio
soluta,63627,nemo,rerum
fuga,70060,accusantium,molestias
dolore,18399,hic,repellat
eaque,59997,odit,fuga
ex,20223,voluptatibus,fuga
culpa,51395,suscipit,architecto
perspiciatis,81270,quasi,sed
architecto,15337,doloribus,architecto
provident,36514,quo,quisquam
facilis,86051,itaque,molestias
eos,71424,a,nulla
doloribus,20943,natus,nam
temporibus,18278,architecto,velit
nesciunt,84253,repellat,optio
saepe,71056,dolore,mollitia
sequi,28599,modi,nobis
necessitatibus,43185,voluptatem,error
exercitationem,55757,placeat,quo
magni,24090,voluptate,eum
hic,40031,consequatur,inventore
dignissimos,26150,voluptate,officiis
quaerat,66348,officia,adipisci
iure,34239,quasi,iure
labore,90649,exercitationem,distinctio
odio,43298,libero,nobis
ea,82633,commodi,necessitatibus
reiciendis,32923,enim,ullam
provident,49179,pariatur,impedit
corrupti,69784,numquam,asperiores
blanditiis,62177,adipisci,consectetur
distinctio,14550,voluptatibus,repudiandae
hic,39604,laborum,laudantium
dolor,13943,quae,unde
deleniti,25959,officia,delectus
in,28614,error,magnam
nihil,48621,molestiae,unde
provident,55249,temporibus,voluptatem
veniam,54465,exercitationem,cum
distinctio,95913,quam,quasi
alias,12383,pariatur,repellendus
eos,99795,voluptas,aut
quaerat,71804,veritatis,cupiditate
nam,56097,earum,corporis
exercitationem,14407,delectus,mollitia
impedit,33415,fugit,repudiandae
corrupti,83553,quia,fugiat
dicta,91611,nobis,ea
cumque,36906,doloremque,corporis
modi,56170,blanditiis,minima
maxime,59565,cum,dolor
nihil,36404,molestias,porro
veniam,27409,vitae,hic
hic,93451,aspernatur,at
omnis,70112,suscipit,necessitatibus
modi,74004,rem,voluptatem
ad,98317,nesciunt,officiis
asperiores,31218,provident,quis
voluptates,83995,ullam,sit
possimus,74441,hic,ad
corporis,33894,nemo,quasi
non,46386,minima,sed
commodi,29302,laborum,laborum
itaque,41404,numquam,commodi
doloremque,43565,culpa,incidunt
ipsa,52470,natus,atque
nemo,71379,occaecati,quidem
aliquam,54028,molestiae,vitae
neque,24835,enim,consequuntur
praesentium,77035,esse,tempore
ea,98449,occaecati,consectetur
mollitia,71741,nesciunt,ab
expedita,69274,expedita,alias
necessitatibus,45815,quas,enim
ratione,49258,occaecati,atque
perferendis,64290,nostrum,nostrum
sit,34282,consequuntur,aperiam
eius,93823,delectus,magnam
voluptatibus,27465,maiores,ipsa
nobis,81283,ex,aliquid
reprehenderit,98814,molestias,quis
quasi,27682,nihil,magni
eos,96601,iste,itaque
consequatur,28404,vel,eos
corporis,71050,fuga,modi
perferendis,73824,voluptas,eaque
ipsa,70960,aliquid,aperiam
consequatur,35030,cum,aspernatur
ex,49321,dolores,nesciunt
consequuntur,53859,mollitia,totam
omnis,19501,corrupti,facere
nemo,83815,dolorem,aliquam
eligendi,86202,enim,adipisci
numquam,39680,alias,culpa
nihil,87887,explicabo,quas
quibusdam,65130,laborum,fuga
saepe,19932,ratione,eligendi
accusantium,37475,deserunt,dolore
sit,56342,inventore,odio
optio,87221,mollitia,impedit
autem,14412,doloribus,consequatur
minus,36338,saepe,delectus
non,90706,incidunt,officia
voluptates,76622,inventore,reiciendis
impedit,44191,reiciendis,repudiandae
quas,19540,ducimus,ratione
iure,28082,modi,facere
explicabo,76421,asperiores,veritatis
vel,26514,culpa,consequatur
accusantium,67625,repellat,doloribus
temporibus,98632,alias,asperiores
quo,65066,asperiores,quas
voluptate,30825,ad,nam
magni,19873,minima,eligendi
unde,67011,vero,voluptates
velit,27806,esse,maxime
architecto,17348,ullam,vero
dicta,94226,dolor,pariatur
aut,34940,provident,nostrum
quaerat,95724,sapiente,repudiandae
sequi,81272,quia,magni
fuga,22637,impedit,doloremque
pariatur,63375,quam,qui
cupiditate,82960,voluptate,quas
voluptatum,31281,minus,assumenda
eum,32513,ratione,animi
omnis,38082,omnis,repellendus
iste,88495,qui,quas
sapiente,58555,adipisci,quo
eligendi,89164,praesentium,unde
delectus,45536,delectus,laboriosam
nam,57714,ab,voluptate
quidem,99668,atque,nostrum
placeat,55088,voluptas,maiores
voluptas,62850,expedita,reiciendis
veniam,17840,fugit,incidunt
a,44073,itaque,inventore
non,25541,neque,doloremque
deserunt,50536,fugiat,vel
itaque,57105,asperiores,consequatur
atque,67951,ratione,magni
dolore,23952,quod,eum
deserunt,52193,fuga,beatae
laudantium,12591,rem,doloribus
iste,45499,commodi,dolorum
quibusdam,71147,ipsum,corrupti
facere,38011,hic,corporis
occaecati,72082,laboriosam,quos
magni,85306,temporibus,eum
laboriosam,87051,nesciunt,corrupti
quibusdam,57141,provident,quia
mollitia,47633,sunt,a
a,66107,ut,velit
iusto,59634,quae,odio
sequi,11601,facilis,reiciendis
sapiente,87245,ad,doloribus
ea,13345,tempore,optio
mollitia,55492,vero,numquam
commodi,72125,consequatur,ratione
repellendus,87032,vitae,voluptatem
delectus,41112,sapiente,repellendus
animi,19680,ea,tempora
eaque,73837,voluptas,facere
aut,58457,nisi,harum
sunt,92566,itaque,ipsa
veritatis,71740,recusandae,veniam
reiciendis,45388,expedita,porro
adipisci,84685,ipsum,error
fuga,91946,tenetur,rem
nesciunt,28499,vel,doloribus
illum,47704,animi,deleniti
cum,72983,ratione,ut
architecto,57873,neque,soluta
laboriosam,57048,nesciunt,reiciendis
fugit,68792,tempore,dolore
quas,97575,est,tenetur
cupiditate,75058,eveniet,quasi
occaecati,89596,dolore,itaque
ut,70285,necessitatibus,cupiditate
quia,66086,deleniti,consequuntur
consectetur,99662,fugiat,dolore
perspiciatis,43011,adipisci,quae
doloremque,31538,dolorum,expedita
placeat,60612,laborum,saepe
earum,47352,provident,minima
quia,97319,nesciunt,vero
hic,82461,nemo,voluptas
minima,75913,deleniti,ipsa
eligendi,36342,fugiat,recusandae
veritatis,10767,velit,ad
quia,98293,nam,nostrum
magni,96997,deleniti,nemo
neque,43782,vel,aspernatur
ullam,90036,animi,quod
quod,76622,iusto,quibusdam
laudantium,12755,deserunt,ab
at,26016,deserunt,nihil
impedit,95203,rerum,aut
molestiae,84639,consequatur,nulla
perferendis,42362,ut,vitae
excepturi,49007,ab,vitae
dolor,47097,mollitia,a
accusamus,81645,deleniti,rem
labore,27945,labore,veritatis
necessitatibus,10451,voluptate,soluta
vel,92434,perferendis,placeat
at,37840,magni,sapiente
vel,61337,saepe,dignissimos
nesciunt,26522,dolor,cumque
suscipit,64307,praesentium,cum
voluptate,74636,animi,harum
vitae,89452,velit,fugiat
ea,85478,delectus,exercitationem
error,74027,quod,quasi
neque,23212,delectus,ab
delectus,68460,quisquam,et
dolores,56762,ducimus,quos
recusandae,61633,rem,praesentium
tenetur,93219,architecto,quasi
maiores,84873,voluptatibus,harum
ad,72219,nam,debitis
ab,27283,commodi,id
perferendis,54944,est,provident
itaque,53849,repudiandae,error
aspernatur,48265,culpa,quae
excepturi,72213,accusamus,ipsam
expedita,11169,debitis,deserunt
libero,79961,minus,modi
iste,57699,sunt,in
est,94635,possimus,iusto
recusandae,34145,dignissimos,placeat
qui,74090,pariatur,odit
ipsum,16862,soluta,accusamus
optio,79979,quisquam,ipsam
doloremque,11791,perferendis,molestias
officiis,60668,repellendus,dolorum
quo,43943,pariatur,accusamus
voluptatibus,56262,tempora,maiores
asperiores,25636,molestiae,enim
ipsa,30384,velit,tempora
officia,71526,ratione,distinctio
earum,55167,in,quidem
rerum,79024,maxime,labore
a,13586,maiores,ex
laboriosam,31729,voluptas,quos
necessitatibus,95313,illum,voluptatibus
quidem,68014,magni,fugiat
harum,57453,assumenda,ipsa
harum,69431,neque,totam
ut,89641,ab,natus
consequatur,21583,ratione,aspernatur
facere,60001,ipsum,esse
quis,67381,hic,unde
dolorem,33010,a,culpa
aperiam,72859,natus,exercitationem
laudantium,22091,non,aliquam
corrupti,45493,fuga,illo
ab,55023,placeat,quas
quos,15766,adipisci,consequuntur
quidem,38527,architecto,impedit
beatae,51955,temporibus,porro
quia,18411,deleniti,molestiae
tenetur,62380,similique,sit
temporibus,46782,et,nesciunt
deleniti,10287,veniam,consequatur
mollitia,32643,quas,adipisci
nam,16078,facere,id
molestiae,44089,tenetur,libero
dolores,87175,tenetur,tempora
vitae,77755,earum,aliquam
ratione,45746,rem,reiciendis
quibusdam,46936,aliquid,ullam
neque,15238,nulla,voluptatum
magni,26216,dolor,mollitia
minus,87490,at,adipisci
quisquam,13781,iste,labore
voluptate,40861,fugit,ea
libero,85036,amet,at
ipsum,99306,incidunt,omnis
deleniti,48919,ullam,expedita
placeat,76202,cum,earum
eum,87239,eius,vel
nulla,11134,optio,impedit
neque,72376,sit,non
facilis,44856,dolore,cumque
provident,15804,omnis,minus
aperiam,61874,voluptatem,debitis
et,21539,totam,porro
explicabo,62978,ipsum,doloremque
quo,74224,odio,veniam
excepturi,13153,quaerat,non
possimus,74437,possimus,quaerat
et,90107,aliquam,facere
doloribus,68539,suscipit,tenetur
atque,74110,excepturi,quidem
expedita,32030,ipsa,eius
itaque,42741,possimus,consequuntur
quibusdam,93154,nisi,voluptate
delectus,66651,tempore,magni
quaerat,29209,labore,itaque
sint,10242,reprehenderit,rerum
consectetur,91330,nam,quos
accusantium,10305,voluptate,quae
sequi,11876,id,pariatur
porro,40189,repellat,harum
deleniti,83301,odio,ullam
