loan_id,event_type,moratorium_flag,old_roi,new_roi,approval_authority
58222,rerum,commodi,dignissimos,ducimus,doloribus
45779,suscipit,maiores,aut,debitis,laboriosam
15244,provident,quasi,similique,ex,fuga
44417,id,veniam,consectetur,quibusdam,veniam
19030,dicta,cumque,corporis,laboriosam,dolores
50480,quia,odit,nam,illo,quas
23760,ab,porro,nobis,debitis,neque
93948,ab,repellat,reprehenderit,consectetur,doloribus
57624,doloribus,architecto,officiis,blanditiis,expedita
92888,exercitationem,aliquam,eligendi,autem,quam
89464,rem,corrupti,hic,est,et
63620,similique,nobis,saepe,blanditiis,ex
31527,sit,atque,excepturi,odit,laborum
87404,consectetur,molestias,iste,quasi,enim
58816,consequatur,magnam,culpa,laboriosam,fugiat
99836,placeat,iusto,voluptates,facilis,quibusdam
59455,molestias,pariatur,accusamus,at,tempore
12204,eligendi,repellat,iure,commodi,et
59286,quo,delectus,sunt,voluptate,inventore
86926,ratione,illo,porro,culpa,quis
28075,vitae,facere,quo,libero,exercitationem
42047,dicta,facilis,veniam,a,id
58626,molestiae,harum,impedit,incidunt,nam
38830,vitae,soluta,beatae,nisi,magni
35147,consectetur,explicabo,tempore,voluptate,porro
85744,omnis,harum,amet,vero,illo
39666,iste,eum,sunt,repellat,porro
64706,nesciunt,harum,sunt,perspiciatis,deleniti
95665,nam,sed,molestias,odit,ullam
33926,possimus,quis,ex,officia,enim
63897,in,dolorem,vero,veniam,illum
48444,minima,sunt,dolorem,debitis,temporibus
17720,temporibus,excepturi,pariatur,eius,vitae
69870,accusantium,ad,error,reiciendis,aliquam
51963,sunt,aspernatur,animi,eveniet,pariatur
16238,in,accusantium,ut,corporis,laborum
83012,maxime,dignissimos,quas,tenetur,at
65339,non,voluptatem,itaque,tempore,possimus
19947,magnam,nesciunt,totam,optio,nihil
91268,voluptas,dolorem,iure,praesentium,fuga
89263,velit,beatae,itaque,aliquid,in
11049,consequatur,fugiat,expedita,ducimus,asperiores
52678,quod,sunt,cum,officia,iure
87377,rem,veritatis,officiis,nostrum,eligendi
26946,suscipit,alias,reiciendis,reprehenderit,quam
55567,modi,dolor,architecto,fuga,corporis
39179,unde,quis,doloribus,autem,explicabo
90934,voluptate,fugit,iusto,nobis,omnis
49043,aliquam,temporibus,numquam,sit,nulla
36633,iste,possimus,molestias,consequatur,iste
32407,maxime,ducimus,temporibus,facere,dignissimos
42513,inventore,delectus,sequi,minus,eum
19639,explicabo,illum,aspernatur,cumque,accusamus
94729,ut,ratione,iste,sunt,quam
81269,deserunt,recusandae,hic,ratione,sunt
66699,soluta,laboriosam,vel,nesciunt,odit
45202,quos,aut,ab,doloribus,soluta
40793,rerum,a,in,fugiat,corrupti
26998,nostrum,quasi,in,aut,mollitia
49933,laboriosam,eaque,impedit,error,sapiente
93788,quia,quos,facilis,vero,corporis
87090,sit,exercitationem,occaecati,qui,enim
49684,in,veniam,architecto,laboriosam,quae
14797,mollitia,eveniet,amet,consequatur,culpa
14965,repudiandae,ab,nemo,amet,recusandae
68823,et,tenetur,possimus,aliquam,harum
37278,architecto,enim,voluptate,sapiente,quidem
27895,cumque,quod,et,aliquid,perferendis
34069,consectetur,nemo,in,vitae,ipsum
28645,maiores,facilis,sed,quod,libero
76348,rem,alias,inventore,impedit,provident
55655,id,vitae,maiores,possimus,quos
19756,voluptate,ratione,eaque,error,ullam
43546,rerum,minus,voluptates,alias,vel
23942,eum,facere,eius,velit,earum
64097,ipsum,quam,qui,deleniti,dolorem
19431,dolor,consequuntur,et,molestiae,nihil
58659,eligendi,facere,tempora,provident,perferendis
30877,reiciendis,libero,adipisci,neque,odio
47276,sed,suscipit,aut,iste,reiciendis
17053,aut,saepe,hic,tempore,ab
43467,cupiditate,voluptatum,pariatur,voluptate,debitis
66432,aspernatur,reprehenderit,reprehenderit,dolore,dolorum
35142,aspernatur,ut,nemo,ullam,reprehenderit
73436,fuga,aperiam,asperiores,nulla,assumenda
12818,dolorum,quidem,nisi,quos,veritatis
95933,eius,commodi,qui,explicabo,sequi
42440,iusto,fugiat,tempora,tenetur,molestias
91647,quidem,ratione,nihil,quibusdam,beatae
14569,quisquam,ipsum,perferendis,molestias,natus
56879,iste,enim,dolor,expedita,consequuntur
81513,voluptates,ipsa,nobis,fugit,fuga
67737,ipsum,quo,hic,magnam,quos
73171,numquam,facilis,quidem,magni,expedita
27494,nemo,explicabo,fugit,vero,impedit
17011,repellendus,voluptatum,impedit,tenetur,fuga
54956,nemo,consequuntur,asperiores,explicabo,fugit
66499,explicabo,praesentium,occaecati,dignissimos,distinctio
19116,in,suscipit,sint,atque,quo
40247,rerum,odio,architecto,neque,dolor
42200,quo,maiores,soluta,maiores,rem
36769,minus,maxime,repellendus,distinctio,animi
69309,commodi,accusantium,provident,dignissimos,quaerat
12369,vel,ut,placeat,itaque,laboriosam
26702,assumenda,deserunt,architecto,voluptates,nihil
18211,placeat,repudiandae,aliquid,placeat,excepturi
78664,iusto,quod,placeat,ratione,fuga
12202,ex,maiores,minus,modi,neque
37344,deleniti,quibusdam,assumenda,tenetur,reiciendis
39128,aut,quisquam,rem,voluptate,a
11227,expedita,nostrum,libero,repellendus,beatae
86979,rem,ipsa,doloribus,blanditiis,facere
61996,illo,dignissimos,ipsum,quo,similique
59924,autem,ipsa,quasi,incidunt,sed
58765,maiores,eligendi,laborum,fugiat,vitae
52444,architecto,quos,officia,repellat,ipsam
26775,dignissimos,nisi,rerum,et,alias
11595,aliquid,sint,ratione,porro,ducimus
99210,dolores,quisquam,quaerat,laboriosam,dolorem
14668,laboriosam,earum,doloribus,dolorum,aut
41899,amet,sit,autem,eaque,adipisci
12033,architecto,corrupti,voluptate,a,similique
80328,nihil,non,rerum,aut,excepturi
50835,odio,commodi,fugit,tempora,rerum
51635,nihil,vel,quo,quia,dolor
98757,illo,nisi,reiciendis,ex,commodi
22037,magnam,vel,eaque,quos,soluta
91733,ratione,soluta,nemo,quisquam,ex
90844,quae,deserunt,recusandae,provident,neque
40708,id,fugiat,tempora,beatae,asperiores
12545,provident,quod,repellendus,deserunt,neque
76094,atque,consequatur,iste,nisi,suscipit
59893,dignissimos,qui,qui,possimus,asperiores
31867,eaque,consequuntur,error,iusto,iure
49040,similique,praesentium,rerum,et,saepe
59036,iure,laborum,veritatis,incidunt,ullam
25682,corrupti,cupiditate,similique,debitis,magnam
62139,voluptate,hic,porro,iure,ipsam
73770,dolorum,consectetur,facere,ratione,occaecati
14551,rem,voluptatum,numquam,delectus,veritatis
75594,nesciunt,nesciunt,odit,corporis,velit
71146,eos,provident,eum,totam,explicabo
55516,libero,beatae,soluta,dolorum,alias
74857,perspiciatis,quae,facere,veritatis,quod
44042,quos,repellendus,reprehenderit,cupiditate,consectetur
49588,corporis,magnam,illo,recusandae,sequi
46994,provident,nihil,facilis,nisi,beatae
96070,fugiat,occaecati,commodi,nisi,repellat
17970,soluta,laboriosam,vero,expedita,quisquam
64004,animi,sed,officia,amet,deserunt
54521,perferendis,dignissimos,est,fugit,aperiam
12240,aliquid,iste,accusantium,hic,laborum
40318,nesciunt,placeat,pariatur,labore,laboriosam
64784,tenetur,ipsam,qui,iure,eaque
32266,ab,tempora,a,suscipit,nihil
96390,illum,porro,consequatur,sapiente,nemo
37513,quis,culpa,atque,quisquam,maxime
53944,iusto,eligendi,molestiae,autem,tenetur
81486,quibusdam,similique,voluptatum,laboriosam,in
52807,nostrum,qui,eum,similique,vero
34854,earum,tenetur,est,doloremque,suscipit
73668,iste,quis,vel,officiis,occaecati
64396,ducimus,eius,enim,exercitationem,perferendis
80078,fuga,quas,harum,itaque,non
79711,eaque,sequi,fugiat,quidem,similique
57795,amet,consequatur,quia,libero,cumque
94125,cum,eaque,animi,adipisci,non
92275,asperiores,veniam,ut,quos,tenetur
61871,maiores,hic,molestias,omnis,cum
88226,quos,unde,accusamus,ad,totam
56609,consectetur,tempora,voluptate,repudiandae,atque
63675,vero,voluptatibus,voluptates,quo,omnis
89986,deserunt,nihil,quasi,quae,quis
98454,quae,reprehenderit,voluptates,architecto,quas
77551,accusamus,itaque,eveniet,incidunt,minus
14763,laboriosam,praesentium,alias,maxime,sit
33920,nulla,quod,eos,numquam,laboriosam
96264,sit,sunt,voluptas,iusto,cupiditate
56080,consectetur,tempora,quae,non,itaque
62679,nisi,doloremque,doloribus,porro,deserunt
77086,autem,dolorem,numquam,cum,itaque
20459,voluptatibus,consectetur,earum,quae,id
23464,aut,facilis,possimus,qui,fuga
82490,commodi,sequi,incidunt,expedita,voluptatem
38680,ratione,vitae,quis,in,commodi
76218,temporibus,illum,nihil,quam,soluta
82484,ipsam,aspernatur,nostrum,error,incidunt
27283,quasi,est,temporibus,similique,repellat
23401,animi,repellendus,unde,quis,quae
40591,fugit,reprehenderit,necessitatibus,repellat,fugit
97173,illo,eaque,asperiores,natus,dolores
91991,debitis,reiciendis,quia,incidunt,voluptatum
41603,repellendus,atque,quam,incidunt,at
33043,laboriosam,quisquam,totam,et,deleniti
28786,consequatur,blanditiis,eum,aperiam,adipisci
88635,nesciunt,minima,ea,animi,laudantium
49002,deserunt,veniam,blanditiis,quae,provident
90661,incidunt,doloremque,voluptates,quisquam,enim
24181,libero,quae,fuga,temporibus,similique
54597,aspernatur,aspernatur,ex,blanditiis,temporibus
70987,nihil,perspiciatis,nihil,atque,harum
84745,dignissimos,tempora,assumenda,tempora,saepe
14382,recusandae,consectetur,sapiente,voluptate,similique
43946,voluptatem,cum,quae,sint,doloribus
56670,accusantium,provident,facilis,nostrum,optio
48778,quis,voluptates,eum,maiores,distinctio
79267,sapiente,sequi,optio,laudantium,provident
96578,ab,illo,ex,laboriosam,molestias
59646,ab,provident,minima,iusto,mollitia
39423,nostrum,sed,delectus,fugiat,dicta
73492,quas,similique,dolorum,iste,magnam
60747,quo,neque,sed,et,nesciunt
31995,accusamus,praesentium,omnis,commodi,facere
66985,recusandae,repudiandae,quidem,possimus,cum
80379,fugit,vitae,odit,perferendis,enim
56868,fugiat,ipsam,excepturi,atque,autem
11584,dolor,veritatis,illo,perspiciatis,non
33505,quas,impedit,distinctio,provident,quisquam
57629,officiis,qui,saepe,debitis,totam
90600,beatae,tempore,explicabo,blanditiis,distinctio
24529,optio,nemo,accusantium,doloribus,consequatur
88284,voluptatem,atque,minima,veniam,nam
81176,quod,repudiandae,quasi,eos,quas
86343,esse,perspiciatis,eligendi,velit,optio
21043,temporibus,expedita,inventore,amet,laboriosam
35231,iure,ducimus,voluptatibus,aperiam,repellendus
47084,officiis,earum,sapiente,in,ex
87414,maiores,culpa,voluptas,laboriosam,quidem
52868,delectus,magni,consectetur,magnam,ipsa
97774,culpa,rerum,dolores,nesciunt,fugit
85676,voluptate,aliquam,nisi,quis,quibusdam
62287,minima,impedit,aut,cupiditate,a
97494,harum,non,dolorem,vel,deserunt
92811,consequatur,quis,aut,enim,placeat
57597,incidunt,dolore,consequuntur,odio,modi
75254,esse,excepturi,velit,explicabo,nulla
30517,amet,perferendis,eius,explicabo,facere
14240,ab,repudiandae,voluptatum,laborum,iure
54809,dolorum,illum,nulla,recusandae,accusamus
74999,itaque,odio,nostrum,laudantium,ipsa
79804,qui,molestias,excepturi,in,eum
18632,magni,iste,accusamus,nihil,veritatis
84688,minima,labore,deleniti,ex,illo
95098,aliquid,eum,aut,veniam,cum
76117,optio,exercitationem,aliquid,explicabo,corporis
91517,mollitia,possimus,autem,veritatis,voluptatum
82758,eaque,dolor,enim,laborum,numquam
76676,enim,assumenda,laboriosam,dolores,nesciunt
93963,magnam,dignissimos,unde,soluta,praesentium
46966,porro,facere,nobis,deleniti,quaerat
40118,velit,nobis,nisi,qui,laborum
90398,odio,iusto,voluptatum,illum,rerum
18921,cum,assumenda,id,cum,maxime
66414,est,optio,nulla,inventore,voluptates
94574,praesentium,aut,explicabo,aut,necessitatibus
55034,cumque,inventore,voluptatibus,magnam,eveniet
84900,beatae,incidunt,ipsa,dolore,nesciunt
88084,nemo,et,consequuntur,a,beatae
48193,architecto,itaque,perferendis,sapiente,suscipit
76509,placeat,error,doloribus,unde,deleniti
56910,repellendus,delectus,expedita,ratione,quidem
62466,dolores,placeat,nesciunt,qui,excepturi
61305,fuga,sint,nulla,tempora,doloremque
32861,perspiciatis,modi,dolore,tempore,est
24531,nihil,neque,ullam,eaque,fugiat
69715,debitis,est,amet,ut,molestias
57675,modi,porro,suscipit,minus,quae
96507,rem,laborum,occaecati,neque,voluptates
20903,perspiciatis,vero,tenetur,laudantium,soluta
94586,nobis,neque,magni,mollitia,incidunt
85803,sed,magni,sapiente,mollitia,aliquid
94487,pariatur,at,odio,veritatis,cumque
48036,amet,voluptatum,asperiores,perspiciatis,minus
59747,sequi,vero,officia,corporis,aliquam
63456,magnam,recusandae,fugiat,optio,ipsum
48293,eum,laborum,fuga,nihil,accusamus
57291,quia,adipisci,voluptatum,odio,et
48282,quia,quod,ipsam,unde,necessitatibus
16653,molestias,officia,cum,veritatis,ut
44390,repellendus,nobis,nesciunt,iure,atque
19721,saepe,beatae,quam,dolor,quas
89296,voluptates,dicta,officia,deleniti,culpa
29361,illum,magnam,fugit,nemo,quibusdam
41255,quos,numquam,dolor,quas,perferendis
11740,dolorum,corrupti,commodi,libero,non
14809,nemo,a,accusamus,delectus,voluptatum
93603,exercitationem,soluta,fugit,sunt,atque
10511,aspernatur,doloremque,nesciunt,eligendi,sapiente
72514,quaerat,maiores,autem,optio,labore
68289,molestiae,natus,ipsa,fuga,tenetur
47872,ipsa,ipsam,dolorum,asperiores,eos
94302,accusantium,laudantium,explicabo,commodi,fugit
99817,ab,incidunt,repellendus,rerum,numquam
96412,labore,aliquam,quam,architecto,aspernatur
49845,nisi,eos,perspiciatis,eum,aut
33091,pariatur,unde,facere,aspernatur,reprehenderit
57655,nobis,eveniet,veritatis,sunt,eaque
81580,aliquid,voluptatem,fugiat,est,consequatur
46918,iste,dolorem,velit,labore,quia
27782,nesciunt,pariatur,expedita,nisi,atque
42354,consectetur,velit,beatae,deserunt,eveniet
36568,saepe,eligendi,labore,ratione,maiores
71828,earum,laudantium,eligendi,dolores,veniam
19745,odit,eaque,tempora,libero,deleniti
82596,veniam,expedita,numquam,ipsa,illum
15443,distinctio,velit,laudantium,perferendis,eius
86417,aspernatur,nam,eius,debitis,id
75336,distinctio,numquam,magni,delectus,eos
25148,repellendus,ducimus,error,fuga,enim
51603,voluptatum,ad,quas,non,modi
85522,consequatur,consectetur,ab,quo,sunt
16778,explicabo,non,aliquid,doloribus,consequuntur
16539,repellendus,illum,odio,dolorem,neque
48072,ad,praesentium,assumenda,dolorem,cumque
22533,minima,omnis,sunt,deserunt,quia
61347,rerum,eaque,et,praesentium,dolor
63680,necessitatibus,id,laborum,rerum,expedita
80717,aut,quisquam,praesentium,minus,voluptates
26652,recusandae,in,eligendi,quibusdam,saepe
82456,nesciunt,quod,placeat,officiis,culpa
56717,magni,placeat,porro,eos,nostrum
49911,minus,at,sequi,voluptatem,necessitatibus
50425,fuga,nobis,assumenda,dolore,dolore
45566,eum,maxime,suscipit,ipsa,quasi
15029,quo,possimus,ratione,ea,saepe
16488,eius,laudantium,adipisci,labore,nostrum
25535,nemo,corporis,nobis,deserunt,tempore
91033,id,quas,nobis,dicta,error
21996,distinctio,et,iusto,ipsam,pariatur
97534,deserunt,earum,quos,voluptas,commodi
47690,fugit,eos,reprehenderit,pariatur,voluptatem
62666,eveniet,laborum,reprehenderit,ullam,nam
92865,autem,nam,expedita,architecto,fugit
37285,impedit,eos,fugit,sit,ullam
92659,harum,id,sint,debitis,recusandae
72221,corporis,similique,ullam,quos,eum
83230,deserunt,distinctio,vitae,corrupti,occaecati
92762,sunt,voluptatum,vel,eum,dolore
61589,itaque,nemo,at,rem,quasi
59981,distinctio,earum,ea,doloremque,delectus
97368,consequuntur,consequuntur,recusandae,minus,maiores
75628,soluta,asperiores,odio,quasi,ad
27873,velit,consequatur,soluta,explicabo,iste
41701,quo,magni,nulla,tempore,voluptas
27225,culpa,non,facere,earum,similique
42099,sequi,id,quibusdam,ullam,nostrum
35160,rem,tempore,odio,rem,veniam
78300,consequuntur,repudiandae,assumenda,sunt,molestias
14946,aut,ipsum,laborum,ab,quam
15082,animi,maiores,eaque,eum,quisquam
73400,aperiam,corporis,praesentium,aliquam,molestiae
15007,autem,quibusdam,mollitia,autem,nihil
31822,nulla,consequuntur,est,ad,placeat
22637,vel,qui,dolore,voluptates,et
87323,earum,pariatur,illo,corporis,a
65627,repudiandae,facere,nihil,pariatur,corrupti
18096,est,minus,magni,omnis,doloribus
36313,doloremque,vero,nisi,voluptates,eaque
20143,impedit,nisi,alias,ducimus,rem
54019,sit,illo,dolorem,assumenda,culpa
76838,officiis,excepturi,neque,ex,earum
73637,sint,quod,tempore,cum,at
10308,tempore,vero,perferendis,aliquid,suscipit
85918,ad,sunt,debitis,consequuntur,totam
26619,quis,maiores,tempore,ab,excepturi
92051,dicta,laborum,excepturi,cum,incidunt
47330,adipisci,aliquid,ipsa,dicta,cumque
57514,nisi,quod,distinctio,mollitia,est
37682,sunt,amet,repellendus,odio,beatae
13516,corporis,voluptatem,qui,ducimus,quibusdam
68323,nesciunt,voluptatum,odio,deserunt,consectetur
73148,voluptatem,dolorem,nesciunt,cum,quibusdam
90029,voluptate,ipsa,mollitia,accusamus,natus
80911,odit,qui,quibusdam,quo,labore
83770,porro,molestias,accusantium,maiores,quasi
71671,doloribus,iste,eveniet,beatae,eveniet
67406,corporis,exercitationem,atque,aliquam,fugiat
59345,consequatur,veritatis,voluptatum,quam,molestiae
32431,asperiores,temporibus,sequi,possimus,amet
92122,voluptas,iste,iste,accusamus,in
75239,eum,itaque,aliquam,maiores,laudantium
24361,atque,ea,sequi,odit,excepturi
30610,officiis,quidem,occaecati,aperiam,delectus
92520,vitae,hic,dolore,nam,suscipit
75277,itaque,iusto,eaque,assumenda,exercitationem
79023,esse,facilis,laborum,aperiam,temporibus
99852,repellendus,ducimus,repellendus,similique,eius
29163,fugit,dignissimos,illo,nihil,cum
32295,molestias,quam,tempora,doloribus,hic
75497,adipisci,debitis,dolore,impedit,occaecati
42619,quasi,id,aliquam,libero,ipsa
24602,occaecati,perferendis,doloremque,non,vel
16115,hic,molestiae,iure,veritatis,perspiciatis
22216,odio,nihil,inventore,minus,beatae
36735,laboriosam,expedita,placeat,dignissimos,voluptatem
24538,ab,et,asperiores,esse,quis
54906,fuga,eos,facere,deserunt,consequatur
92019,nihil,veniam,non,atque,excepturi
29068,fuga,labore,eum,at,recusandae
18440,quae,explicabo,velit,nesciunt,illum
93670,aliquid,libero,atque,earum,vitae
95633,quia,sunt,dolorem,delectus,accusantium
68573,repellat,iure,excepturi,asperiores,dolores
22191,autem,amet,eos,dolorum,impedit
77765,quasi,perspiciatis,ipsam,labore,in
88709,ab,magnam,facere,dolorem,itaque
87273,maiores,libero,adipisci,odit,voluptate
51351,corrupti,voluptas,cumque,labore,sit
15864,recusandae,suscipit,eius,debitis,ratione
69320,laborum,ducimus,asperiores,iusto,eligendi
48531,distinctio,sed,beatae,exercitationem,molestias
82350,rerum,blanditiis,culpa,repudiandae,aspernatur
87955,perferendis,enim,ipsam,ad,repudiandae
38665,aspernatur,perspiciatis,quidem,natus,quae
20253,facilis,iure,accusamus,suscipit,eaque
19208,autem,ratione,veniam,ipsum,provident
94218,saepe,aliquam,ut,cumque,cupiditate
21668,quas,ut,quibusdam,et,quaerat
99016,neque,cum,repellat,explicabo,totam
62263,soluta,facere,quos,quas,beatae
30892,et,repellat,ab,nam,debitis
25818,excepturi,nam,sapiente,quo,mollitia
74284,magni,corrupti,ipsa,dolorum,laboriosam
99266,aspernatur,numquam,culpa,amet,voluptates
50392,praesentium,voluptatibus,ducimus,ex,nemo
65118,in,doloribus,deserunt,commodi,maxime
53964,distinctio,ex,qui,velit,hic
48154,tenetur,natus,quasi,natus,ab
22920,repudiandae,rerum,cum,odit,saepe
16197,quia,asperiores,quasi,amet,temporibus
47158,nesciunt,fugiat,doloribus,animi,cumque
42050,in,veniam,dolore,libero,ullam
77756,provident,praesentium,distinctio,ea,aliquid
20722,eaque,reprehenderit,provident,illo,quasi
51403,quo,perferendis,sint,voluptatem,vitae
90809,exercitationem,dolorum,repellat,voluptas,blanditiis
51233,earum,veniam,id,beatae,deleniti
23809,sit,nulla,autem,ipsam,velit
87117,numquam,facilis,in,est,quas
99278,voluptatum,temporibus,reiciendis,placeat,error
27782,ea,qui,amet,fuga,vero
33176,error,vel,maiores,vero,suscipit
95933,laboriosam,perferendis,nisi,rerum,perferendis
89309,minus,reprehenderit,harum,ad,placeat
70230,itaque,corrupti,perferendis,consequuntur,quia
97783,tempora,quo,quisquam,laudantium,tenetur
16528,blanditiis,in,tempora,commodi,occaecati
21689,qui,provident,blanditiis,necessitatibus,repellat
90483,aliquid,culpa,veniam,repellendus,natus
34106,iusto,doloribus,modi,impedit,odio
50603,provident,eaque,impedit,doloremque,voluptates
44422,delectus,numquam,neque,eveniet,architecto
55858,quaerat,quisquam,sint,quos,quisquam
75769,nam,magnam,reiciendis,eveniet,quaerat
96026,facere,aliquam,sequi,eaque,atque
98611,minima,cum,labore,porro,nobis
38957,vitae,beatae,vero,harum,adipisci
60167,dolore,recusandae,totam,veniam,harum
17556,quaerat,mollitia,nulla,esse,commodi
49487,iusto,fuga,necessitatibus,voluptatem,sint
14733,odit,cupiditate,maiores,corrupti,tempore
32036,non,illo,voluptas,a,quod
19838,ut,cumque,laborum,exercitationem,est
87693,necessitatibus,eligendi,itaque,natus,natus
73448,laudantium,ipsum,quaerat,accusamus,aperiam
60024,vero,quisquam,perspiciatis,iure,minus
72991,mollitia,vero,quos,ipsum,nobis
26843,delectus,omnis,temporibus,cupiditate,hic
84723,ipsa,dolores,eos,blanditiis,possimus
51687,atque,delectus,quod,excepturi,ex
86113,dolor,nihil,quam,accusantium,veniam
53514,unde,dolor,veniam,maxime,minus
84956,fugiat,quisquam,numquam,nemo,quis
56164,dolorum,consectetur,adipisci,saepe,esse
49568,numquam,eligendi,nulla,illo,ex
82007,iusto,facere,id,id,a
25179,dolore,voluptate,quaerat,ducimus,tempore
84178,dolor,ipsa,necessitatibus,suscipit,nam
62058,porro,repellat,aut,dicta,quam
50448,molestias,dolore,ipsa,tempora,facere
96800,quos,iure,laboriosam,nam,ad
29368,voluptates,error,ex,quod,quae
55250,praesentium,sed,voluptates,placeat,quas
99050,illo,ipsam,minus,nulla,cupiditate
62658,quidem,velit,asperiores,distinctio,deleniti
88279,ducimus,tempore,cupiditate,cum,officiis
35448,alias,iusto,aliquam,dolore,totam
52593,eum,voluptatibus,labore,sunt,laudantium
27397,dolore,nisi,adipisci,odio,suscipit
55283,praesentium,repellendus,id,corrupti,adipisci
20723,voluptatibus,vel,veniam,nostrum,fugit
16587,possimus,id,optio,distinctio,doloremque
75296,placeat,temporibus,molestias,possimus,reprehenderit
69346,ab,doloremque,dolorem,vel,perspiciatis
67431,est,minima,libero,cumque,quidem
36670,eligendi,hic,voluptates,nulla,repudiandae
64343,earum,repellendus,laborum,placeat,quidem
32711,non,nostrum,molestias,veniam,similique
79489,deleniti,consequatur,molestiae,autem,totam
69273,doloribus,earum,culpa,necessitatibus,eius
50542,eveniet,atque,ad,quas,aut
49316,iure,quis,similique,vitae,debitis
85730,modi,molestias,mollitia,ducimus,aperiam
52322,sequi,minima,commodi,ipsum,et
21188,reiciendis,explicabo,omnis,atque,optio
24319,quos,quae,consequuntur,voluptatum,quidem
17616,magni,voluptate,mollitia,odit,eaque
13551,autem,nobis,facere,itaque,ea
30175,inventore,voluptate,maiores,tempora,molestiae
42687,debitis,voluptas,ab,dignissimos,cum
42216,voluptas,ipsa,aut,magni,nam
54555,blanditiis,itaque,quasi,magni,saepe
55636,accusantium,voluptatem,sunt,autem,deserunt
93476,placeat,rerum,excepturi,dolorem,velit
61947,ducimus,cum,non,quidem,nobis
81992,earum,accusamus,recusandae,aperiam,autem
48423,laudantium,cupiditate,necessitatibus,et,rem
33941,aliquid,velit,repellat,quae,optio
31135,nesciunt,cupiditate,odio,reprehenderit,dolores
82548,placeat,error,quos,voluptas,mollitia
47888,eveniet,omnis,sint,culpa,quae
50694,commodi,sequi,quo,cupiditate,iusto
70158,ipsum,qui,quam,id,dolores
62326,a,dicta,architecto,hic,maxime
71604,voluptatem,asperiores,in,tenetur,eos
10601,qui,neque,laboriosam,dolorum,vero
94069,laboriosam,quia,nisi,nisi,sequi
52710,voluptates,sapiente,nobis,ullam,culpa
43826,porro,ab,explicabo,eos,accusantium
35365,odit,numquam,numquam,quaerat,officia
28175,nulla,modi,accusamus,aspernatur,incidunt
92737,sequi,quod,sit,distinctio,ratione
37800,corporis,animi,quibusdam,quidem,iste
60895,perspiciatis,nemo,veniam,fugit,molestias
49365,quas,corrupti,numquam,facere,ut
19829,a,magnam,hic,facilis,sint
81457,autem,minus,officia,excepturi,nesciunt
90675,mollitia,facilis,animi,nam,nisi
92617,ullam,officiis,maxime,doloribus,ex
10330,reprehenderit,temporibus,aliquid,dolores,esse
88639,neque,doloribus,ipsa,modi,facilis
85976,vel,quaerat,maiores,ut,porro
93590,ullam,suscipit,vel,impedit,nobis
39904,nemo,voluptas,adipisci,delectus,consequuntur
11255,minus,modi,nulla,beatae,sit
55296,labore,itaque,non,dolores,magnam
69806,aliquid,magnam,explicabo,illo,veritatis
44696,quos,beatae,doloribus,iste,quidem
37349,minus,placeat,commodi,praesentium,in
15811,repudiandae,provident,placeat,eos,cupiditate
14822,quo,aspernatur,et,architecto,ab
37717,provident,perspiciatis,voluptatem,dignissimos,impedit
11115,perspiciatis,quia,non,soluta,maxime
85535,porro,aut,modi,voluptates,sint
51683,quis,iste,nisi,placeat,debitis
23639,illo,consequuntur,officiis,ipsa,quam
70622,inventore,sapiente,aut,tempore,voluptas
90611,expedita,exercitationem,dolores,excepturi,dolore
66116,qui,laudantium,animi,voluptates,nemo
24362,inventore,nihil,suscipit,veniam,velit
24620,exercitationem,nulla,itaque,tenetur,aut
27534,doloremque,voluptatem,id,ea,deserunt
39272,fugiat,explicabo,libero,eum,quis
81206,voluptas,reprehenderit,sit,aliquid,corporis
26698,minus,voluptatibus,unde,sint,totam
89972,ea,neque,ratione,animi,odit
74942,exercitationem,neque,amet,temporibus,mollitia
72092,fugit,quaerat,inventore,dolorem,illo
28257,officiis,dolores,quibusdam,non,facere
95914,dolores,illum,officiis,debitis,consequuntur
54739,vel,fugit,minima,magnam,neque
87272,aspernatur,mollitia,soluta,eos,illo
12820,soluta,blanditiis,dicta,rem,repellendus
76364,vel,autem,aliquid,aliquam,deserunt
56355,possimus,tenetur,odit,nesciunt,iusto
97687,officiis,aliquid,quae,unde,temporibus
78053,iusto,minus,nam,possimus,fuga
54551,quis,porro,quis,sint,repellendus
85495,nobis,rem,omnis,tempora,ea
99557,molestias,vitae,accusamus,voluptates,fugit
99382,fugit,voluptatem,perferendis,tempora,facere
22410,optio,repudiandae,mollitia,molestias,ullam
28827,saepe,optio,neque,possimus,sint
49998,officiis,cum,maiores,debitis,molestias
61767,magni,commodi,minima,voluptatum,rerum
24726,corrupti,nulla,doloremque,voluptatem,assumenda
52293,assumenda,accusantium,asperiores,temporibus,adipisci
77461,temporibus,nobis,consequatur,ullam,sequi
21075,pariatur,itaque,alias,voluptas,ratione
11790,veniam,ducimus,alias,nostrum,minus
87592,omnis,exercitationem,inventore,sed,quia
52742,necessitatibus,repudiandae,autem,eius,vitae
62529,est,necessitatibus,minima,vero,animi
11309,commodi,tenetur,cumque,quia,mollitia
59710,sunt,eligendi,quibusdam,error,voluptatem
99533,ad,asperiores,minus,sequi,adipisci
85881,minima,ab,facilis,explicabo,adipisci
66875,reprehenderit,beatae,eos,maiores,minima
63512,sint,atque,dicta,inventore,magnam
50202,modi,nihil,maiores,maiores,laudantium
21099,velit,possimus,quibusdam,iure,accusantium
40317,molestiae,repellendus,odio,autem,nihil
26318,nobis,aut,repellendus,fugit,voluptatem
65851,magni,dignissimos,iste,quidem,suscipit
74364,quae,eaque,eligendi,quo,earum
94561,accusantium,eum,modi,itaque,veritatis
69456,quisquam,nisi,numquam,soluta,qui
13894,repellat,rem,facere,aperiam,repellendus
46034,eveniet,perspiciatis,vero,incidunt,maiores
42673,commodi,fugiat,beatae,suscipit,id
22594,dignissimos,rerum,sapiente,nostrum,modi
85525,veniam,rem,repellat,asperiores,dicta
52636,assumenda,iusto,doloribus,dolorem,ipsa
97634,nostrum,praesentium,ipsa,fugit,incidunt
16327,earum,atque,nihil,itaque,mollitia
51277,exercitationem,est,iusto,enim,veritatis
56976,eos,ex,quo,rem,deserunt
67907,sint,illum,autem,dolorem,aperiam
66705,aperiam,ex,quidem,exercitationem,enim
31897,impedit,voluptates,culpa,delectus,quam
41785,rerum,a,facilis,repellendus,reiciendis
72464,repellendus,molestias,ipsam,non,eum
31761,qui,sapiente,quibusdam,deserunt,nihil
39408,reiciendis,nostrum,ipsam,architecto,ad
71208,laborum,quas,dolorem,possimus,ipsa
79327,tempora,molestias,omnis,pariatur,quibusdam
14249,culpa,unde,unde,optio,culpa
74158,cupiditate,molestias,quam,quo,dolore
33886,maiores,atque,laboriosam,id,saepe
81997,minus,ullam,enim,tempora,repellat
95497,cupiditate,ab,non,corrupti,dolores
84260,voluptatem,praesentium,sequi,dolores,voluptatem
80035,mollitia,perferendis,soluta,officia,alias
75244,nam,laudantium,suscipit,ratione,eos
99003,consequatur,doloremque,totam,similique,ut
47197,voluptates,suscipit,quis,et,consequatur
34796,velit,dolorem,vero,quae,ullam
86559,laudantium,dolores,omnis,tempore,quasi
88793,corporis,impedit,ratione,mollitia,perferendis
25908,velit,laboriosam,facilis,eius,consectetur
73347,vero,nam,exercitationem,ea,qui
24902,a,enim,fuga,minus,perferendis
55488,porro,facilis,officiis,odit,doloribus
10001,eligendi,dolore,corrupti,nesciunt,iusto
25496,ad,qui,voluptas,modi,repellat
19353,quo,eos,possimus,sequi,recusandae
34163,cumque,totam,ad,quas,iusto
57733,odio,saepe,dolores,a,ipsam
96361,fugit,eaque,enim,doloribus,maxime
78775,sunt,voluptatibus,numquam,saepe,minus
39646,tenetur,praesentium,ut,consequuntur,iusto
67826,suscipit,fugit,ratione,atque,libero
66589,unde,placeat,adipisci,magni,eaque
48453,laborum,fuga,blanditiis,praesentium,blanditiis
61396,accusamus,autem,sint,omnis,impedit
28630,ea,quos,reiciendis,temporibus,natus
28504,quisquam,impedit,sequi,magnam,earum
86864,qui,voluptatem,nihil,suscipit,quidem
62793,itaque,tempore,magni,minima,vel
41012,sit,deleniti,repellat,ex,autem
96202,blanditiis,facilis,delectus,cum,veritatis
35486,mollitia,fugiat,tempora,quidem,necessitatibus
54906,consequuntur,rem,voluptatem,quos,consequuntur
30672,beatae,ipsam,quae,facilis,aliquid
83225,doloremque,necessitatibus,nam,quibusdam,facere
76743,provident,magni,ratione,sequi,sed
49834,ad,animi,porro,eaque,debitis
92975,sint,aliquam,delectus,dolor,modi
81584,amet,voluptatem,ipsam,harum,odit
32553,error,eaque,molestiae,repellat,excepturi
65958,quisquam,ea,neque,in,consequatur
77609,soluta,magni,voluptatibus,at,ullam
33449,accusantium,quod,veritatis,sit,ad
93141,explicabo,tempore,voluptatibus,vero,commodi
22566,dolores,dolorem,possimus,ipsum,voluptatem
30559,quae,laboriosam,optio,earum,velit
50248,consequuntur,eos,aliquam,harum,aut
59322,cupiditate,autem,repellendus,reiciendis,consequuntur
37855,cumque,explicabo,debitis,aut,quidem
82353,officiis,asperiores,saepe,et,ipsam
27433,expedita,velit,iusto,nisi,accusantium
29194,debitis,dignissimos,suscipit,excepturi,eius
24767,totam,optio,voluptate,itaque,laborum
12939,sapiente,exercitationem,atque,doloribus,rem
81694,aliquid,sunt,cumque,in,sunt
52001,ipsam,neque,corrupti,deleniti,consectetur
88078,inventore,sed,non,optio,rem
47415,ipsa,dolorem,a,officia,aliquam
82431,ut,temporibus,quam,tenetur,nam
66119,ipsam,aliquid,natus,voluptatibus,occaecati
12441,voluptatibus,beatae,aliquam,quaerat,quidem
31308,maiores,quos,dolorum,aliquid,exercitationem
73847,ex,dolores,consectetur,ex,rem
64986,ullam,molestiae,pariatur,incidunt,autem
96879,repellat,autem,dolorem,ipsum,eligendi
76674,id,sequi,occaecati,delectus,provident
30030,placeat,eos,ducimus,officiis,voluptatum
28768,ipsum,fugit,voluptatem,deserunt,sit
64321,quae,recusandae,iure,nemo,ut
28661,ipsa,voluptatem,error,architecto,cum
77193,laboriosam,ad,quod,dignissimos,tenetur
82439,est,numquam,aperiam,dolores,ex
61121,neque,commodi,optio,consequuntur,eligendi
40448,possimus,magnam,dicta,est,aperiam
41836,cum,autem,ut,consequatur,voluptates
11174,inventore,excepturi,modi,dolorem,illo
38201,ad,ipsam,voluptatum,asperiores,excepturi
88790,facilis,labore,eligendi,voluptatum,velit
91078,veritatis,soluta,esse,sunt,laboriosam
57911,earum,quasi,animi,soluta,fuga
97795,quia,velit,quisquam,cum,amet
19499,cum,tenetur,eos,doloribus,laborum
79976,temporibus,mollitia,repellat,ut,minima
59620,magni,officiis,tempore,ex,mollitia
96845,asperiores,amet,saepe,eligendi,similique
30772,sapiente,cumque,quia,odio,voluptate
26369,tenetur,laboriosam,quisquam,sit,cum
71692,doloremque,necessitatibus,dolor,iusto,est
10355,corrupti,voluptatibus,illum,magni,laborum
62208,modi,alias,eligendi,natus,explicabo
76079,nesciunt,non,facilis,eveniet,nisi
82755,aperiam,ratione,non,dolorem,possimus
60076,quaerat,necessitatibus,debitis,error,architecto
89812,odio,delectus,temporibus,harum,eos
57507,tenetur,fugit,velit,aut,tenetur
69130,nobis,assumenda,impedit,labore,quis
98765,ipsum,non,veritatis,illum,soluta
78611,ipsa,natus,temporibus,eius,eum
44119,eos,blanditiis,consectetur,asperiores,eveniet
89228,eaque,eligendi,ab,eius,placeat
13200,culpa,blanditiis,eaque,explicabo,earum
92698,quia,labore,ad,aspernatur,perspiciatis
14396,voluptatem,possimus,consectetur,quae,quis
10837,ratione,praesentium,consectetur,consequuntur,eaque
27184,fugiat,minus,provident,quod,odit
45567,illum,repudiandae,vel,unde,occaecati
76551,ipsum,rerum,tempora,incidunt,culpa
69079,blanditiis,unde,minima,ad,occaecati
41988,nam,iusto,magni,earum,nisi
95035,unde,doloribus,accusamus,illum,cum
58860,a,minima,adipisci,adipisci,quod
52414,consequuntur,quam,cum,nemo,veniam
47800,asperiores,laborum,sunt,ipsum,sequi
77242,nihil,quos,quibusdam,nihil,fuga
40687,sed,doloribus,aspernatur,suscipit,numquam
29819,consequuntur,nostrum,eveniet,commodi,distinctio
50770,consequuntur,fugiat,nisi,minus,distinctio
38753,quisquam,consectetur,atque,similique,perferendis
27857,exercitationem,iste,placeat,impedit,rem
22196,mollitia,repellendus,adipisci,facilis,expedita
45478,accusantium,quasi,at,neque,tempora
36589,sapiente,odio,sint,architecto,pariatur
87421,fugit,assumenda,omnis,dignissimos,aliquam
63088,nihil,at,fugit,dolores,aut
52687,ut,repellat,sit,doloremque,ad
80022,optio,nulla,quam,illum,nulla
58306,perferendis,animi,praesentium,et,nihil
36013,temporibus,consequatur,magni,voluptas,quidem
65087,deserunt,repudiandae,vitae,reiciendis,debitis
73441,quidem,aperiam,accusantium,nam,qui
26757,facere,asperiores,laboriosam,corrupti,accusamus
37025,possimus,placeat,animi,iure,nam
61853,nostrum,omnis,aperiam,est,veniam
44216,alias,illo,omnis,beatae,rem
88675,eaque,magni,repellendus,architecto,ipsum
32336,doloribus,fugit,quibusdam,ducimus,dolores
98775,exercitationem,voluptatem,eligendi,placeat,minima
12291,possimus,enim,ipsam,iure,molestias
45866,voluptatum,vitae,nostrum,suscipit,a
64329,harum,minima,quaerat,ullam,modi
52592,tempora,vitae,nesciunt,nobis,expedita
41554,aliquid,nam,sequi,eaque,magnam
21460,soluta,fugiat,ipsam,animi,rerum
79533,unde,illo,aliquid,totam,aliquam
44484,adipisci,maiores,nobis,cupiditate,illo
50228,assumenda,quaerat,laudantium,dolor,molestias
53198,aliquam,sed,provident,aliquam,cupiditate
80743,quasi,ipsa,vitae,quam,voluptatum
46263,eum,tempore,ea,maiores,delectus
81523,vero,officia,iusto,rerum,quod
52823,ex,sint,eligendi,itaque,est
90140,sed,repellat,doloremque,dolor,quia
34095,autem,architecto,magnam,voluptatibus,et
38736,hic,quos,fugit,praesentium,unde
71193,consequatur,earum,labore,sapiente,beatae
19630,repellat,impedit,provident,unde,unde
92622,soluta,soluta,reiciendis,sit,veritatis
41475,ipsum,perspiciatis,fugiat,voluptate,molestiae
38676,quis,reiciendis,accusantium,aut,voluptates
73517,atque,vel,culpa,laborum,numquam
61305,repudiandae,a,iure,deleniti,reiciendis
25428,ea,eos,nostrum,odit,nihil
79677,voluptates,officia,tenetur,soluta,maiores
80777,aliquid,maiores,alias,itaque,ea
93294,quis,accusantium,similique,ullam,placeat
44045,soluta,eum,quo,quos,maxime
68688,doloribus,maxime,nemo,delectus,numquam
78024,accusantium,ratione,assumenda,dicta,odit
65885,non,a,aut,nulla,accusantium
44963,vero,magni,corporis,omnis,iure
53610,libero,laudantium,quasi,tenetur,officiis
80462,minus,debitis,expedita,corporis,saepe
24167,eaque,distinctio,dolorem,reprehenderit,illo
25934,cumque,possimus,necessitatibus,debitis,delectus
72889,neque,sit,explicabo,atque,repellendus
97880,laborum,vero,porro,harum,et
92799,ipsum,at,modi,similique,facilis
79215,totam,assumenda,minima,porro,possimus
15644,sit,maxime,excepturi,vitae,officia
39357,est,voluptate,neque,repellat,ratione
19558,explicabo,quasi,molestiae,error,adipisci
11094,magnam,consequatur,est,sequi,quo
62700,maiores,praesentium,enim,perferendis,officia
74651,veritatis,error,dolorum,dolores,recusandae
19506,voluptas,a,esse,soluta,amet
79211,accusantium,autem,debitis,laudantium,aspernatur
45097,nesciunt,pariatur,exercitationem,maiores,ab
46932,sint,odit,dolores,dicta,soluta
69718,aperiam,laborum,officia,deserunt,in
53169,corrupti,minus,ullam,eaque,enim
28967,necessitatibus,optio,excepturi,dolores,fugit
66713,ad,vero,vero,ipsum,ducimus
83237,perferendis,optio,exercitationem,dolore,ipsum
77864,asperiores,vitae,dolorum,harum,minus
68650,dignissimos,consequuntur,laboriosam,perspiciatis,excepturi
92693,unde,eaque,velit,consectetur,veniam
51888,commodi,magnam,facere,necessitatibus,iusto
53602,sed,quo,ducimus,dolorum,exercitationem
12625,earum,quia,libero,magnam,cupiditate
93680,accusantium,illo,repellendus,minus,saepe
46521,tempora,commodi,dolor,pariatur,aperiam
81945,quidem,est,porro,eos,eos
32871,expedita,a,quam,autem,atque
47832,ducimus,repellat,sunt,quae,dolorum
39108,repellendus,suscipit,quo,ipsum,iste
21618,vel,cumque,unde,eligendi,ratione
37085,libero,cumque,nobis,suscipit,nisi
27430,nulla,nulla,dolorem,similique,impedit
55065,repellat,veritatis,quas,cum,quae
98475,similique,ab,odit,corporis,beatae
79603,beatae,ducimus,in,expedita,ducimus
95006,inventore,ipsum,quasi,totam,enim
73058,quisquam,odio,eaque,quae,fugiat
96314,magni,sed,eos,at,eaque
79086,dolore,quae,eveniet,distinctio,velit
32389,ducimus,tenetur,iste,eligendi,repellendus
31163,rerum,accusantium,cumque,numquam,qui
96705,consectetur,non,voluptates,ab,accusamus
49417,fugit,modi,illo,iste,eaque
77074,nam,vero,unde,impedit,tenetur
94924,dolorem,expedita,eius,maxime,officia
19003,numquam,voluptas,aliquam,quis,voluptatem
93425,rerum,odit,aliquid,delectus,rerum
99352,dolore,officia,excepturi,eveniet,neque
48796,iusto,nihil,aspernatur,harum,perferendis
17593,corrupti,soluta,soluta,in,dolores
42769,aut,eveniet,iusto,repellat,odio
15899,est,quia,porro,dolorum,nesciunt
51661,suscipit,nesciunt,quasi,sint,consequatur
52940,recusandae,vitae,voluptatem,quos,vel
71578,asperiores,iusto,pariatur,laboriosam,quasi
86763,praesentium,illo,cum,optio,aut
92187,nulla,labore,ad,eos,dolores
16386,rerum,dicta,ut,autem,autem
53609,dolores,minima,laborum,suscipit,mollitia
91573,ex,nemo,voluptas,odio,veniam
40817,quaerat,nihil,distinctio,dolor,nihil
52955,enim,voluptas,fugit,unde,quod
46225,quod,deserunt,corporis,eos,quam
70970,dolores,magnam,facilis,excepturi,voluptate
68795,quos,occaecati,ducimus,doloremque,nesciunt
45693,illum,iusto,aliquam,qui,sit
96291,fuga,quibusdam,dolorem,quisquam,debitis
36600,incidunt,tempore,deserunt,ad,consequatur
64851,quia,eos,sunt,reiciendis,nulla
28044,sunt,illo,quod,eligendi,facilis
18930,enim,quasi,voluptatibus,ducimus,ratione
20341,quibusdam,voluptatibus,illo,voluptate,occaecati
82263,facilis,tempore,vitae,repellendus,consectetur
86947,omnis,repellendus,repudiandae,sint,dolorem
60833,minima,consequuntur,modi,minus,vero
19038,dolore,aspernatur,occaecati,assumenda,ipsa
25712,cumque,asperiores,maiores,architecto,ea
99870,doloremque,repellendus,dolor,doloribus,adipisci
53991,impedit,impedit,ad,nam,nostrum
89088,voluptatibus,officiis,officia,eius,quo
71491,quisquam,expedita,harum,voluptatibus,eveniet
84917,sequi,dignissimos,officiis,harum,reiciendis
97678,aliquam,rem,facere,eligendi,quisquam
87912,deleniti,voluptate,nostrum,voluptates,alias
86270,ullam,cupiditate,maxime,totam,voluptatem
26798,in,vel,eligendi,maiores,aliquam
75891,porro,voluptas,non,odit,magnam
48099,temporibus,tempore,tenetur,voluptate,debitis
69152,libero,veniam,consequatur,nam,magnam
74607,atque,eos,odit,autem,est
85879,consequuntur,id,asperiores,aliquid,ut
86774,optio,vel,sint,pariatur,saepe
26742,aliquam,minus,consequuntur,a,et
74365,recusandae,corporis,saepe,facilis,asperiores
32761,voluptatem,corporis,sit,consequuntur,sunt
42419,ipsum,repellat,hic,eaque,veniam
35642,voluptate,dolores,harum,aspernatur,possimus
59367,ullam,explicabo,explicabo,aspernatur,animi
37379,veniam,nulla,ad,tenetur,molestias
98042,quisquam,provident,corporis,error,voluptas
41135,aut,doloremque,repellendus,temporibus,nobis
90068,dolores,vel,libero,mollitia,illo
62942,nostrum,eveniet,dicta,quas,ipsa
50249,optio,earum,magnam,sapiente,voluptatibus
75104,ipsa,aperiam,vero,corrupti,dolorem
65893,praesentium,esse,ipsam,quis,labore
38387,libero,earum,quis,iusto,dicta
94680,iste,omnis,optio,impedit,nobis
80563,voluptates,perferendis,laudantium,enim,aspernatur
99632,aperiam,est,voluptates,velit,eius
34500,mollitia,ipsum,adipisci,in,occaecati
74177,minus,dicta,et,voluptates,rerum
73301,vitae,optio,tempore,saepe,ut
32027,modi,labore,dicta,reprehenderit,itaque
35439,ea,temporibus,saepe,eos,natus
88333,vel,numquam,nam,ipsa,ipsam
91501,voluptate,accusamus,quasi,fuga,ullam
62892,ullam,quidem,atque,nulla,explicabo
12565,odit,accusantium,velit,rem,numquam
74259,dolores,natus,nobis,quisquam,facere
71283,facere,tenetur,laudantium,libero,itaque
94650,nostrum,totam,totam,facere,eum
22329,inventore,voluptates,sapiente,dignissimos,consequuntur
78054,nesciunt,hic,neque,natus,voluptates
11020,quis,laboriosam,cumque,debitis,provident
26416,debitis,enim,eum,accusamus,rerum
81673,eum,necessitatibus,placeat,exercitationem,maiores
71473,consequuntur,consequuntur,nobis,provident,possimus
96971,non,laudantium,ratione,laboriosam,aliquid
90075,autem,cumque,nulla,officia,quisquam
15813,perferendis,dicta,optio,itaque,tempora
83091,maiores,ducimus,nobis,blanditiis,quibusdam
65784,repellat,provident,blanditiis,repellendus,voluptate
91662,accusantium,illum,eos,vitae,assumenda
93174,nisi,error,quisquam,voluptatibus,labore
46192,necessitatibus,hic,maiores,earum,animi
57393,itaque,laboriosam,at,consectetur,deserunt
38888,a,repellat,quo,dolorum,quidem
58037,quibusdam,iure,error,quis,consequatur
33899,iste,accusantium,atque,recusandae,qui
98664,dignissimos,nisi,eligendi,id,dolores
12895,accusamus,atque,facere,recusandae,eaque
80295,et,minus,rerum,aliquam,nam
91181,commodi,illo,porro,tempore,perferendis
22052,ipsum,nesciunt,quibusdam,at,mollitia
52566,quidem,error,nam,itaque,fugit
40435,neque,dignissimos,odio,accusamus,est
82846,officia,exercitationem,doloribus,corporis,earum
20312,natus,maiores,nemo,praesentium,atque
68404,amet,illum,omnis,dolores,tempore
61216,voluptates,occaecati,laboriosam,saepe,soluta
90347,aspernatur,neque,quasi,itaque,quidem
99787,vel,exercitationem,placeat,praesentium,illo
70325,excepturi,earum,repellat,iure,eius
92787,aliquam,ea,animi,dolorum,quia
89707,neque,dolor,aspernatur,veniam,ducimus
18920,nesciunt,magni,sequi,repellat,id
91581,ipsam,tempore,ex,iusto,necessitatibus
50151,commodi,illum,totam,minus,eligendi
39569,deserunt,recusandae,asperiores,ex,itaque
61041,natus,occaecati,quia,consequatur,maxime
91576,fugit,officiis,necessitatibus,atque,reprehenderit
11604,fugit,tenetur,repudiandae,iure,reiciendis
15103,beatae,temporibus,ipsam,alias,perspiciatis
14993,expedita,laudantium,dolorum,alias,fuga
44704,eaque,maiores,fugit,nihil,provident
23311,suscipit,porro,animi,repellendus,alias
23814,cupiditate,reiciendis,iste,facilis,illo
28822,corporis,praesentium,placeat,quod,libero
64465,inventore,explicabo,alias,recusandae,exercitationem
16486,quibusdam,natus,exercitationem,placeat,iusto
28128,eveniet,sit,corporis,suscipit,alias
42890,accusantium,explicabo,quaerat,ad,nam
34723,repudiandae,saepe,non,eum,quae
18329,placeat,enim,odit,facere,tenetur
35795,impedit,fugit,natus,beatae,dignissimos
31403,ut,quidem,dignissimos,molestias,vero
12367,tempore,harum,debitis,pariatur,cumque
62069,molestias,eum,omnis,sequi,officia
78349,omnis,enim,blanditiis,totam,eligendi
52760,consequuntur,laboriosam,voluptatum,esse,voluptas
84068,accusamus,ex,nisi,dicta,ipsum
15536,perferendis,omnis,iure,totam,ducimus
29490,ratione,cupiditate,non,magnam,voluptates
77974,iusto,deserunt,nemo,minima,ipsum
41187,quidem,aliquam,inventore,voluptatum,similique
55213,quam,fugiat,deserunt,provident,laborum
45845,earum,illum,quam,molestiae,esse
50275,tempore,quo,sit,maxime,cupiditate
50961,quae,vel,cumque,recusandae,velit
44505,quia,occaecati,eveniet,delectus,necessitatibus
30579,mollitia,fugiat,quia,itaque,incidunt
95013,distinctio,quia,voluptate,odio,deserunt
27268,tenetur,dicta,qui,accusantium,natus
