txn_id,dr_acc,cr_acc,amt_paid,txn_date
quia,quo,voluptatibus,dolor,repellat
itaque,temporibus,optio,earum,eaque
atque,minima,blanditiis,molestiae,illum
culpa,in,cum,error,tempora
quam,quia,soluta,dolores,totam
dolorum,esse,reprehenderit,reprehenderit,cumque
accusantium,fuga,aspernatur,laborum,quaerat
perferendis,nobis,laboriosam,vitae,nesciunt
architecto,nostrum,ipsum,atque,minima
tempore,reiciendis,tempore,suscipit,voluptatem
eligendi,numquam,saepe,perferendis,omnis
ullam,animi,reprehenderit,dolore,voluptatum
magni,cumque,deserunt,illo,quaerat
facere,sed,architecto,dolore,ex
sunt,iste,minima,atque,atque
repudiandae,distinctio,non,totam,porro
expedita,labore,aliquid,repellendus,tempora
distinctio,incidunt,id,eos,ducimus
odio,suscipit,quae,ab,inventore
provident,voluptatem,libero,excepturi,omnis
quidem,vel,odio,cum,enim
ad,tenetur,amet,animi,at
praesentium,nulla,molestias,odio,aliquam
quo,reiciendis,tempore,accusantium,aliquam
fuga,molestias,nobis,placeat,labore
facere,aspernatur,tempora,voluptate,laborum
sapiente,aut,perspiciatis,nisi,occaecati
repellat,ducimus,est,quod,neque
quidem,omnis,doloribus,natus,distinctio
possimus,repudiandae,odio,voluptate,sapiente
a,iusto,harum,eaque,consectetur
commodi,officiis,voluptatibus,eligendi,incidunt
eum,officia,aspernatur,minus,laboriosam
repellat,explicabo,quo,quis,quae
perferendis,sequi,velit,quaerat,quam
nam,aliquid,nisi,repudiandae,porro
ut,sequi,recusandae,asperiores,quidem
molestias,exercitationem,modi,perferendis,blanditiis
laborum,quis,quod,eos,aspernatur
excepturi,rem,minus,impedit,blanditiis
ducimus,laboriosam,iure,temporibus,iure
impedit,nihil,incidunt,accusamus,dolorum
unde,totam,pariatur,eos,laborum
sequi,voluptate,architecto,maiores,aut
similique,amet,nisi,officia,quo
error,fugit,repellat,vel,iure
quibusdam,veniam,tempore,dicta,amet
rem,reprehenderit,aliquam,ducimus,enim
doloribus,architecto,eos,reiciendis,vel
maiores,ut,iste,minus,numquam
adipisci,reprehenderit,doloremque,quas,sed
sint,illum,quam,rem,possimus
explicabo,rerum,quis,amet,quas
error,culpa,explicabo,illum,explicabo
nesciunt,facilis,saepe,molestias,tempore
modi,sint,ullam,incidunt,suscipit
dicta,sed,accusamus,aliquid,labore
quam,eum,explicabo,perspiciatis,aspernatur
velit,expedita,earum,nemo,reprehenderit
suscipit,suscipit,in,sit,quod
sed,cupiditate,natus,velit,reiciendis
reprehenderit,ullam,sed,deleniti,numquam
voluptatum,ipsa,sed,quidem,ratione
placeat,beatae,odio,quo,vero
molestiae,ex,laboriosam,eos,rerum
dolores,hic,enim,accusamus,occaecati
velit,debitis,voluptates,ducimus,architecto
distinctio,distinctio,repudiandae,dolor,numquam
dolorum,aliquam,nesciunt,saepe,doloremque
possimus,autem,autem,maxime,excepturi
porro,aperiam,ratione,ab,cupiditate
fuga,ipsum,occaecati,ratione,tempore
fugit,saepe,facilis,odio,mollitia
laboriosam,saepe,quas,aliquid,officiis
nesciunt,quibusdam,laudantium,nobis,error
culpa,deserunt,mollitia,mollitia,ad
ea,autem,aliquid,esse,dolor
a,repudiandae,cumque,nisi,cumque
sint,fuga,perspiciatis,asperiores,tempora
suscipit,dolor,eveniet,adipisci,odio
non,eveniet,labore,nulla,repellendus
animi,asperiores,minima,nihil,molestias
deserunt,distinctio,adipisci,perspiciatis,explicabo
illum,blanditiis,quis,aliquid,nam
quod,earum,illum,porro,facilis
quis,vel,illo,accusamus,asperiores
animi,quasi,fugiat,impedit,minus
hic,soluta,voluptatum,ad,ad
ut,beatae,perspiciatis,ducimus,cumque
fuga,error,eius,eaque,sint
rem,necessitatibus,laudantium,reiciendis,tempora
saepe,quis,culpa,error,natus
esse,eos,dolor,quo,fugiat
aspernatur,mollitia,odit,dolorem,ipsa
ipsa,nobis,blanditiis,tenetur,eligendi
dicta,amet,aperiam,doloribus,facere
itaque,fugit,nulla,perferendis,fugit
vel,assumenda,mollitia,aliquam,consequatur
tenetur,eveniet,possimus,voluptatem,autem
cumque,ipsam,quia,vel,nihil
similique,iusto,tenetur,rem,voluptate
blanditiis,beatae,quo,eos,autem
voluptates,aliquid,cum,vel,expedita
suscipit,explicabo,a,quisquam,alias
corrupti,cum,tenetur,voluptates,expedita
soluta,illo,quisquam,quod,facilis
quasi,deleniti,magni,non,doloribus
quod,quibusdam,voluptates,explicabo,error
eius,similique,incidunt,blanditiis,optio
consequuntur,error,qui,maxime,hic
non,alias,inventore,veritatis,harum
aspernatur,autem,quam,quas,reprehenderit
alias,magnam,voluptates,enim,ea
corrupti,fugiat,odio,necessitatibus,error
aliquid,voluptatem,pariatur,quam,provident
laboriosam,nobis,cumque,facere,iusto
nobis,commodi,quam,dignissimos,aliquam
beatae,minima,nobis,ullam,quos
aut,labore,quasi,aliquid,laudantium
accusantium,nisi,officia,quo,cum
fugit,cumque,labore,in,temporibus
impedit,sint,excepturi,impedit,architecto
quisquam,praesentium,alias,saepe,eaque
fugit,ex,modi,praesentium,ut
adipisci,nihil,expedita,assumenda,delectus
numquam,distinctio,dolore,nisi,repudiandae
dignissimos,provident,explicabo,earum,tenetur
temporibus,velit,beatae,ut,laudantium
facere,quaerat,rerum,tenetur,nesciunt
alias,velit,dolore,nesciunt,eligendi
explicabo,ipsam,necessitatibus,odit,ullam
quis,dicta,temporibus,inventore,sequi
magnam,voluptatibus,facere,error,tenetur
porro,quasi,maiores,eligendi,adipisci
optio,similique,adipisci,ipsam,praesentium
deleniti,temporibus,sed,deleniti,occaecati
maiores,suscipit,iusto,numquam,earum
fugit,molestias,neque,magni,occaecati
dolorum,ipsam,iusto,libero,minus
temporibus,occaecati,cupiditate,laudantium,culpa
perspiciatis,nam,voluptatibus,in,voluptatem
esse,distinctio,pariatur,itaque,nobis
facere,nam,blanditiis,aliquid,ut
quae,autem,aperiam,reiciendis,vitae
quibusdam,pariatur,maiores,corporis,sed
incidunt,ad,doloribus,magni,blanditiis
reprehenderit,quibusdam,ab,dolores,molestias
non,doloribus,ipsum,voluptatem,provident
facere,molestias,quia,velit,nobis
nobis,reiciendis,minima,quisquam,deleniti
aut,mollitia,sapiente,quo,tenetur
inventore,blanditiis,similique,enim,nulla
est,quae,iusto,quidem,sapiente
ad,vitae,dolore,modi,vel
nihil,dolor,tenetur,ex,qui
asperiores,fugiat,nobis,quia,unde
provident,facilis,optio,assumenda,vero
placeat,eveniet,vitae,ad,repudiandae
possimus,eligendi,libero,iure,facere
autem,consectetur,rem,ab,quae
exercitationem,temporibus,ipsam,fuga,sequi
minima,rem,commodi,fugit,ex
molestias,quos,consequatur,deserunt,facilis
optio,quibusdam,tenetur,tenetur,ipsum
perspiciatis,at,delectus,temporibus,expedita
eum,molestiae,delectus,commodi,sint
quos,nam,exercitationem,quod,eaque
consequuntur,consectetur,iusto,qui,quaerat
iste,iste,quas,aliquid,recusandae
repellendus,voluptatibus,illum,unde,quos
tempore,error,ad,eum,id
at,aut,distinctio,dignissimos,neque
nisi,explicabo,harum,quaerat,eaque
repellat,est,et,vitae,asperiores
temporibus,earum,corrupti,odio,vero
facilis,cum,cum,beatae,necessitatibus
labore,consectetur,voluptatum,eligendi,sit
eligendi,earum,eligendi,inventore,alias
labore,provident,vero,inventore,dolores
sed,perspiciatis,aliquam,sit,officia
aliquam,occaecati,ipsum,eos,doloribus
esse,tempora,ipsum,harum,excepturi
accusantium,expedita,aliquam,id,aut
deleniti,totam,enim,doloremque,non
eum,consequatur,esse,quam,eveniet
id,et,voluptas,porro,reiciendis
esse,voluptatibus,blanditiis,amet,nemo
nam,vitae,ipsa,perferendis,esse
aspernatur,ea,maxime,non,commodi
ipsam,aperiam,officia,laudantium,eaque
asperiores,distinctio,tempore,saepe,molestias
odit,vel,temporibus,dolorem,quod
corporis,praesentium,earum,aspernatur,veniam
rem,assumenda,in,explicabo,vitae
animi,ullam,reprehenderit,animi,autem
tempora,quos,aperiam,aspernatur,odio
vel,culpa,laboriosam,quo,quas
optio,fugit,itaque,neque,iusto
incidunt,facere,blanditiis,corporis,recusandae
aperiam,dolorem,dolores,architecto,corporis
reprehenderit,voluptatem,corrupti,debitis,sed
porro,distinctio,animi,porro,fuga
voluptatem,molestias,earum,doloribus,autem
recusandae,eligendi,ea,voluptatum,illo
ut,alias,officiis,libero,mollitia
magni,voluptatum,dolores,autem,aperiam
veniam,amet,natus,ut,sit
eveniet,magni,quod,sapiente,reiciendis
voluptatum,dicta,nostrum,dolorem,animi
quas,placeat,veniam,laudantium,est
tenetur,est,provident,animi,voluptas
repellendus,iure,quisquam,mollitia,esse
libero,accusantium,repellendus,minus,suscipit
dicta,cumque,reiciendis,mollitia,corrupti
culpa,iusto,dolores,ea,quidem
ratione,nesciunt,dignissimos,at,velit
consequatur,doloremque,exercitationem,velit,illum
molestias,nisi,quis,illo,distinctio
praesentium,libero,perspiciatis,nulla,fugiat
iste,aspernatur,ex,facere,deleniti
error,tempora,ea,vitae,corporis
explicabo,incidunt,dolorum,ipsum,assumenda
consequuntur,quam,dolor,libero,possimus
nesciunt,corrupti,at,aut,alias
saepe,ipsum,cupiditate,voluptatum,est
saepe,doloremque,eius,excepturi,ex
a,necessitatibus,occaecati,assumenda,odio
minima,tenetur,ea,asperiores,quod
autem,quo,dolorum,molestiae,odit
voluptatum,voluptatem,fugiat,magni,aliquam
fugiat,architecto,aliquam,ab,in
similique,culpa,rem,ipsum,modi
dignissimos,voluptatem,reprehenderit,accusamus,tenetur
alias,fuga,doloribus,dicta,voluptas
ut,hic,atque,laudantium,fuga
mollitia,praesentium,quos,mollitia,a
enim,labore,enim,reprehenderit,vero
praesentium,facilis,corrupti,culpa,magnam
debitis,dolor,mollitia,ipsum,ea
facere,facilis,aliquid,odio,tempore
eius,error,ducimus,architecto,exercitationem
repellendus,nemo,veritatis,quas,nobis
saepe,corporis,sequi,accusamus,nostrum
libero,sed,explicabo,occaecati,quo
voluptate,earum,sed,officia,omnis
non,totam,possimus,inventore,accusantium
ratione,aspernatur,pariatur,laborum,libero
sunt,aperiam,eos,qui,pariatur
ducimus,et,cum,fugit,labore
iste,exercitationem,et,cupiditate,nostrum
eaque,deserunt,veniam,harum,nesciunt
illo,perferendis,ab,distinctio,repellat
explicabo,omnis,eius,molestias,fuga
deleniti,quis,accusamus,similique,illum
ipsa,itaque,nesciunt,delectus,culpa
cum,reiciendis,quaerat,minima,laborum
dolor,animi,ipsum,ipsa,aperiam
inventore,ea,distinctio,possimus,dolores
expedita,quia,sequi,temporibus,autem
in,expedita,ad,nobis,accusamus
deserunt,enim,blanditiis,provident,reiciendis
neque,exercitationem,ut,quidem,vero
recusandae,dolore,veniam,veniam,ducimus
eum,odio,ipsam,incidunt,voluptatem
consectetur,magni,eaque,cupiditate,possimus
laborum,odit,veniam,porro,minus
deserunt,blanditiis,ab,soluta,ut
esse,cupiditate,tenetur,expedita,sed
maxime,quis,minima,magni,eveniet
temporibus,totam,quis,modi,est
molestias,assumenda,ex,eum,aliquam
aperiam,vero,sequi,consequatur,odio
aut,cupiditate,ut,consequuntur,ipsam
dignissimos,alias,recusandae,eum,quisquam
architecto,ullam,non,enim,ratione
impedit,hic,fugiat,sit,dolore
molestias,suscipit,ullam,quisquam,impedit
asperiores,nostrum,maxime,optio,ipsum
at,voluptatum,provident,accusamus,temporibus
quo,asperiores,doloremque,sit,sunt
perspiciatis,nostrum,totam,fugiat,molestias
atque,officia,eius,natus,temporibus
nulla,tempore,deleniti,sit,quas
eum,debitis,nesciunt,neque,consectetur
repellat,adipisci,perferendis,ad,qui
quisquam,voluptate,quidem,qui,animi
atque,inventore,itaque,molestias,laudantium
laboriosam,error,molestiae,iste,ipsam
fugit,ipsam,neque,placeat,nihil
neque,autem,maiores,doloremque,debitis
laboriosam,sunt,id,sit,aut
autem,aliquam,tempore,dignissimos,nulla
ut,debitis,corrupti,vero,debitis
odio,aperiam,voluptates,alias,expedita
reprehenderit,quisquam,ipsum,explicabo,in
aspernatur,quidem,tenetur,ratione,porro
modi,magnam,illo,unde,adipisci
voluptate,consequatur,distinctio,minus,minus
doloribus,quam,optio,incidunt,perferendis
sit,est,soluta,temporibus,voluptate
iusto,recusandae,quae,debitis,sunt
nesciunt,tempora,exercitationem,velit,corrupti
dolores,animi,tenetur,neque,id
aliquid,nemo,voluptatibus,praesentium,expedita
corrupti,voluptates,sequi,laboriosam,excepturi
adipisci,similique,nesciunt,nam,provident
ipsa,expedita,voluptatum,voluptatem,voluptate
magni,assumenda,tenetur,dolorem,cumque
magni,sunt,ipsam,voluptate,fugit
amet,molestiae,voluptates,laborum,ipsum
sequi,cupiditate,debitis,quaerat,autem
dolor,aspernatur,inventore,adipisci,reprehenderit
laboriosam,ab,optio,delectus,quasi
minima,aspernatur,fugit,vitae,aperiam
non,harum,pariatur,doloremque,rerum
dolorum,nesciunt,et,eveniet,quis
ab,accusantium,inventore,fugit,necessitatibus
autem,minus,at,fugiat,culpa
expedita,omnis,molestiae,error,dicta
magnam,ipsum,soluta,voluptas,illo
quo,asperiores,impedit,repellat,eius
sequi,voluptatibus,natus,excepturi,rem
facilis,cumque,possimus,vel,explicabo
blanditiis,quis,deleniti,ut,atque
beatae,autem,voluptatum,enim,excepturi
iusto,error,iusto,ducimus,modi
dolorem,quo,id,libero,qui
ducimus,tempora,commodi,similique,quidem
laboriosam,ratione,vitae,repellat,fuga
cum,corrupti,rem,voluptate,molestiae
beatae,quae,provident,natus,ut
minus,error,quo,beatae,ipsum
laboriosam,eos,omnis,repellat,occaecati
quaerat,numquam,consequuntur,fugit,aliquam
hic,soluta,omnis,magnam,reiciendis
qui,nesciunt,rem,ullam,quidem
porro,repellendus,ipsum,possimus,repellendus
consequuntur,molestiae,minus,a,iste
architecto,sed,necessitatibus,itaque,ratione
iste,esse,id,repellendus,hic
magni,provident,voluptate,cumque,dolor
excepturi,ducimus,suscipit,deleniti,facilis
distinctio,optio,dolor,eaque,nostrum
accusantium,odit,corporis,inventore,unde
nam,iusto,earum,quia,commodi
possimus,reiciendis,doloribus,animi,omnis
mollitia,omnis,molestiae,excepturi,praesentium
ipsa,similique,perspiciatis,ipsum,expedita
sit,architecto,aliquid,debitis,quis
temporibus,amet,recusandae,voluptate,atque
ex,dolor,odit,occaecati,neque
dolorem,tenetur,eos,saepe,veniam
voluptatibus,occaecati,soluta,corporis,ratione
atque,animi,blanditiis,deleniti,omnis
eveniet,ipsa,sed,similique,dolorem
quia,vero,ad,est,quibusdam
id,quas,dicta,eius,delectus
magni,nostrum,animi,quam,autem
praesentium,voluptates,ipsa,non,temporibus
soluta,veniam,harum,doloremque,blanditiis
beatae,nesciunt,assumenda,recusandae,mollitia
ullam,aperiam,rerum,maiores,tempora
dolor,reiciendis,similique,suscipit,explicabo
facere,deleniti,fugiat,id,eveniet
nobis,explicabo,architecto,eius,fugiat
magni,facilis,consequuntur,consectetur,doloremque
temporibus,iusto,fuga,commodi,quaerat
sunt,similique,quod,facere,esse
minus,nisi,esse,numquam,officiis
illo,quos,voluptatum,quos,amet
vero,perspiciatis,necessitatibus,voluptatem,ipsum
perferendis,tempore,illum,impedit,fugit
at,voluptatibus,at,dicta,quam
vitae,atque,inventore,optio,nesciunt
iure,similique,iure,suscipit,facere
veniam,doloremque,voluptate,placeat,tempora
sunt,magnam,quam,modi,pariatur
vero,alias,iure,a,in
officia,deserunt,accusamus,sit,maxime
eveniet,nam,fugiat,deleniti,sequi
ex,quis,magnam,blanditiis,ipsam
consequuntur,ab,impedit,omnis,velit
illum,magnam,nostrum,blanditiis,molestiae
dolor,occaecati,adipisci,adipisci,facere
velit,perspiciatis,numquam,praesentium,ea
provident,impedit,veniam,pariatur,ullam
mollitia,sequi,nesciunt,adipisci,velit
neque,sed,fugiat,eius,quod
a,atque,incidunt,expedita,saepe
libero,id,vitae,facere,ab
dolores,veniam,aut,blanditiis,dolore
dolores,a,dolorum,accusamus,totam
sed,rerum,dignissimos,maxime,rerum
provident,perferendis,beatae,molestias,facilis
ex,blanditiis,quis,dicta,saepe
hic,delectus,in,nam,cupiditate
excepturi,eveniet,enim,modi,eveniet
blanditiis,tempore,perferendis,suscipit,atque
quas,itaque,rerum,vel,occaecati
inventore,commodi,voluptatum,optio,quo
quis,sit,blanditiis,aperiam,occaecati
id,suscipit,nihil,a,voluptate
dolorem,fuga,vel,ad,facilis
quos,labore,magnam,numquam,voluptatum
enim,eligendi,eligendi,vel,asperiores
adipisci,quidem,est,nesciunt,minima
ex,sint,quia,voluptate,quia
sit,vero,laborum,nam,a
quidem,nisi,reiciendis,voluptate,laborum
voluptate,eos,nostrum,maiores,quas
inventore,quia,vero,incidunt,distinctio
qui,dolores,qui,vitae,eos
ducimus,consequuntur,ut,quaerat,exercitationem
dignissimos,veritatis,voluptate,dolorum,perspiciatis
ut,distinctio,cupiditate,voluptatibus,enim
facilis,accusantium,quod,quisquam,aliquam
molestias,asperiores,vel,laborum,id
asperiores,saepe,quisquam,minus,temporibus
eos,excepturi,cupiditate,vel,repellat
delectus,magnam,facere,cupiditate,saepe
dignissimos,excepturi,culpa,in,commodi
officia,doloribus,tempore,inventore,dignissimos
quia,dolores,aperiam,animi,odio
sit,accusantium,deleniti,quam,nihil
blanditiis,cupiditate,ducimus,numquam,eaque
harum,dicta,illum,culpa,temporibus
nam,libero,eum,minus,ratione
nostrum,aspernatur,voluptatibus,ipsam,iste
quas,iure,voluptatum,tempore,optio
consectetur,doloremque,accusamus,rem,assumenda
fugit,architecto,qui,perspiciatis,ex
voluptates,hic,laudantium,laborum,provident
aliquid,reprehenderit,possimus,impedit,aliquam
animi,dolor,voluptas,fugiat,ipsa
recusandae,aliquid,fugiat,saepe,facere
beatae,recusandae,saepe,reiciendis,necessitatibus
corrupti,veritatis,repellat,harum,est
nam,autem,quam,hic,eligendi
cum,et,possimus,consequatur,occaecati
repudiandae,eligendi,similique,inventore,facere
voluptatibus,accusantium,magnam,numquam,iusto
esse,odit,rem,nihil,veritatis
molestiae,quos,optio,voluptate,quidem
debitis,ratione,deserunt,minima,modi
voluptatibus,laudantium,accusamus,fuga,molestiae
repellat,dolor,voluptas,nobis,similique
rem,eligendi,voluptatibus,culpa,suscipit
expedita,totam,ipsam,aperiam,soluta
earum,mollitia,a,esse,iste
accusamus,illo,tempore,iste,ducimus
modi,molestiae,doloremque,asperiores,quis
sunt,magnam,reprehenderit,rem,nemo
dolore,vero,repellendus,facilis,inventore
dolore,debitis,quibusdam,nostrum,maiores
illum,quasi,possimus,rem,omnis
quos,eos,cumque,deserunt,vitae
saepe,officia,fugit,quos,natus
possimus,corporis,ut,nobis,tenetur
quis,corrupti,possimus,aliquam,ex
quas,quibusdam,dolorem,dolorem,sit
consequatur,quod,voluptatem,voluptates,blanditiis
nihil,totam,accusantium,voluptates,delectus
reprehenderit,quae,eos,voluptatibus,voluptatum
esse,aliquam,alias,ipsum,magni
officia,aperiam,quas,voluptatum,accusamus
sapiente,itaque,dolorum,natus,voluptatibus
corrupti,similique,asperiores,ipsum,eveniet
ullam,quis,ab,doloremque,repudiandae
doloribus,voluptate,neque,harum,exercitationem
ex,tenetur,impedit,non,repudiandae
aut,incidunt,quo,quis,tempora
qui,distinctio,numquam,laborum,temporibus
veritatis,sit,quibusdam,dolor,ad
impedit,doloremque,deserunt,ipsum,sunt
voluptate,deserunt,cumque,doloremque,quaerat
aut,quaerat,asperiores,aspernatur,voluptatibus
laudantium,nesciunt,similique,dicta,officia
eveniet,numquam,placeat,amet,odio
harum,temporibus,hic,fuga,at
asperiores,quas,libero,accusantium,sed
necessitatibus,ad,culpa,ullam,distinctio
pariatur,dignissimos,dicta,nostrum,facere
delectus,fuga,dicta,saepe,cum
quo,dolorum,delectus,quisquam,molestiae
omnis,optio,maxime,ex,dolor
nihil,blanditiis,eligendi,recusandae,culpa
tenetur,aliquid,velit,voluptates,ea
necessitatibus,nam,eligendi,adipisci,necessitatibus
natus,aspernatur,odit,distinctio,id
necessitatibus,sapiente,esse,incidunt,facilis
iste,iure,vel,temporibus,non
rem,quae,dolore,ea,enim
porro,nam,omnis,facere,dicta
animi,labore,eos,hic,expedita
odit,deserunt,esse,sed,qui
qui,aliquid,impedit,libero,quod
at,perspiciatis,cum,placeat,ipsa
nihil,magni,doloremque,eveniet,est
hic,consequuntur,voluptate,dicta,dolores
incidunt,vero,fugit,tempore,error
consequatur,voluptatum,labore,quis,atque
dicta,eaque,pariatur,cumque,incidunt
eaque,natus,eius,illo,voluptatem
commodi,ratione,pariatur,enim,aperiam
id,qui,aut,error,qui
deserunt,debitis,quaerat,neque,eveniet
dolor,molestias,ea,eum,nisi
dolore,laborum,placeat,laudantium,sed
perspiciatis,neque,blanditiis,quibusdam,eligendi
voluptatibus,hic,illum,exercitationem,libero
nobis,quod,mollitia,fugit,sunt
ipsam,temporibus,perspiciatis,dolore,voluptatem
est,quis,numquam,culpa,non
amet,vitae,labore,consectetur,ab
deleniti,quibusdam,ducimus,minus,voluptatum
a,itaque,voluptate,facere,natus
dolor,itaque,iure,assumenda,placeat
quaerat,culpa,maxime,magni,molestiae
ad,adipisci,iure,omnis,voluptate
fugit,corrupti,aliquam,dolorum,quisquam
autem,adipisci,minima,minus,quae
magni,optio,laudantium,enim,fugiat
nemo,iusto,ratione,a,quis
eum,architecto,minus,animi,beatae
eum,tempora,ratione,quis,nulla
labore,atque,expedita,ratione,doloribus
accusantium,voluptate,odit,cupiditate,vel
sunt,corrupti,optio,eligendi,officia
occaecati,fugiat,sunt,natus,at
dignissimos,quaerat,et,magni,fugiat
eos,fugiat,omnis,commodi,tempora
non,totam,perspiciatis,impedit,accusantium
officia,error,corrupti,rem,numquam
culpa,dolores,qui,omnis,laudantium
expedita,ea,necessitatibus,corporis,sit
exercitationem,corporis,inventore,expedita,expedita
explicabo,porro,suscipit,nobis,nulla
cupiditate,voluptas,alias,illum,dolores
cum,corrupti,voluptas,dicta,blanditiis
non,mollitia,animi,ullam,nemo
placeat,at,earum,placeat,voluptas
veritatis,voluptates,consectetur,dicta,aspernatur
voluptatibus,voluptates,nemo,aspernatur,facilis
excepturi,a,cupiditate,perspiciatis,quisquam
possimus,repellat,sunt,tempora,magni
temporibus,impedit,ut,iure,necessitatibus
quam,quas,quo,aspernatur,libero
ipsa,libero,iusto,rerum,harum
incidunt,perferendis,sit,cupiditate,aut
laborum,veritatis,delectus,modi,labore
est,repellendus,officia,nam,saepe
repudiandae,sint,ipsa,debitis,mollitia
facilis,iusto,laborum,nisi,sunt
tempora,maiores,odit,deserunt,necessitatibus
vero,vel,ex,quidem,illo
ratione,molestiae,debitis,debitis,placeat
ducimus,eligendi,numquam,non,sunt
quidem,repellendus,porro,dolorum,aliquid
saepe,consequatur,libero,voluptate,quaerat
nihil,nemo,cum,quae,odit
est,sequi,aspernatur,aut,similique
eaque,est,unde,dicta,tempora
minus,dicta,neque,est,tenetur
alias,aut,atque,odio,beatae
sint,accusamus,culpa,nobis,dolores
aliquid,tempore,blanditiis,ipsum,nostrum
doloremque,rerum,possimus,ad,saepe
aperiam,harum,quae,laboriosam,beatae
reiciendis,necessitatibus,suscipit,beatae,nisi
quaerat,rerum,eaque,odio,aut
aspernatur,laborum,animi,minima,ea
maxime,odit,accusantium,molestias,corrupti
vitae,enim,ex,consequatur,veniam
exercitationem,distinctio,enim,numquam,eius
blanditiis,eaque,vel,optio,ullam
blanditiis,earum,aperiam,itaque,numquam
placeat,incidunt,nam,voluptatum,nostrum
omnis,alias,rem,sunt,blanditiis
recusandae,magnam,recusandae,quod,beatae
a,voluptas,fugit,voluptates,hic
qui,quia,nesciunt,itaque,maxime
laudantium,exercitationem,recusandae,iure,autem
natus,exercitationem,nihil,suscipit,repellendus
libero,nihil,quaerat,itaque,minus
praesentium,accusamus,atque,asperiores,iusto
voluptatum,quod,dicta,molestiae,deserunt
optio,impedit,explicabo,reprehenderit,modi
sed,excepturi,in,ducimus,atque
aspernatur,tempore,magni,non,est
repellendus,explicabo,molestiae,quasi,voluptatem
nobis,eligendi,dolore,alias,deserunt
atque,ratione,hic,omnis,accusamus
id,repellat,maxime,possimus,esse
voluptate,ab,doloremque,a,voluptas
corrupti,animi,error,pariatur,assumenda
esse,ipsam,molestiae,est,ratione
sint,aspernatur,dolor,ea,tenetur
vero,qui,laboriosam,nam,tempore
occaecati,illo,fuga,odit,voluptas
aperiam,sequi,quis,laboriosam,voluptatem
porro,repellendus,iste,nulla,labore
aliquam,aperiam,commodi,maxime,provident
optio,enim,repudiandae,nisi,fugit
et,repellat,quibusdam,dolorum,nisi
amet,quidem,earum,quae,quaerat
ad,deserunt,magni,tempore,deleniti
nesciunt,odit,eveniet,omnis,magni
facilis,adipisci,eum,distinctio,suscipit
laboriosam,eveniet,minima,amet,magnam
deserunt,optio,totam,quia,minus
ipsam,autem,illo,asperiores,id
amet,facere,a,debitis,fuga
vel,sit,voluptatibus,id,similique
tempora,ratione,excepturi,incidunt,nisi
dolores,hic,consequatur,exercitationem,dolor
quibusdam,error,nihil,dolorem,harum
voluptas,numquam,saepe,dolore,reprehenderit
doloribus,recusandae,aperiam,dolorum,ullam
consequuntur,numquam,minima,delectus,quo
explicabo,error,officia,voluptatum,similique
id,possimus,aspernatur,deleniti,ducimus
soluta,id,itaque,omnis,iusto
doloribus,repellat,perferendis,molestiae,distinctio
explicabo,consectetur,facilis,sint,facere
nulla,aliquid,numquam,quidem,blanditiis
aperiam,doloremque,minus,veniam,dolore
rerum,sit,exercitationem,animi,praesentium
magnam,consectetur,animi,laboriosam,eveniet
iure,dolorem,fuga,maiores,repellat
sequi,dolorem,harum,minus,quis
doloribus,sapiente,magnam,voluptates,nobis
voluptatum,architecto,earum,praesentium,veritatis
placeat,esse,recusandae,placeat,ipsum
illo,odio,adipisci,perspiciatis,cumque
consequuntur,ipsum,accusamus,soluta,eos
earum,aliquid,alias,et,distinctio
suscipit,dolore,illo,excepturi,voluptatem
excepturi,similique,aut,aspernatur,est
magni,perferendis,asperiores,incidunt,officia
assumenda,in,necessitatibus,tempora,repellat
perferendis,modi,ipsa,quibusdam,nam
perspiciatis,tenetur,reprehenderit,ipsa,corrupti
dolores,maxime,iure,quas,temporibus
eligendi,exercitationem,delectus,cum,dicta
unde,fuga,quae,architecto,maiores
magnam,quae,veniam,assumenda,beatae
vitae,fugit,rem,voluptates,neque
minus,officia,numquam,ea,consequuntur
saepe,at,dolor,esse,et
aspernatur,quod,laborum,dolorem,incidunt
quam,corporis,eligendi,voluptate,saepe
quidem,harum,necessitatibus,quis,aperiam
iure,enim,velit,perferendis,placeat
cum,unde,molestiae,sit,reiciendis
dolorem,repudiandae,harum,laboriosam,ea
ab,nesciunt,a,dolore,dolorem
quod,eligendi,ipsam,culpa,voluptatum
facere,reprehenderit,consectetur,impedit,architecto
officia,vel,eum,dolores,fugit
sed,alias,assumenda,natus,cumque
tempora,alias,esse,unde,voluptatem
placeat,consequuntur,commodi,exercitationem,itaque
officiis,exercitationem,natus,sequi,quos
blanditiis,facere,quam,officia,molestias
unde,eligendi,odio,officiis,accusantium
voluptas,similique,molestias,voluptatibus,cumque
nihil,consequuntur,repellat,doloribus,earum
sunt,sapiente,nemo,repellat,blanditiis
quos,autem,perspiciatis,eos,possimus
placeat,tempora,nostrum,nisi,perspiciatis
excepturi,cumque,iure,labore,ipsa
magnam,nisi,dicta,optio,blanditiis
quas,corrupti,expedita,pariatur,itaque
id,facilis,repellat,id,minus
similique,amet,vitae,veritatis,nulla
amet,libero,ratione,ea,inventore
odit,ab,amet,impedit,incidunt
quam,quis,pariatur,adipisci,molestiae
facere,enim,nemo,magni,voluptate
neque,nulla,earum,nam,recusandae
laudantium,molestias,corrupti,nemo,odio
voluptatum,eum,consectetur,exercitationem,ab
occaecati,nisi,cum,nemo,odit
sed,tenetur,officiis,nam,iusto
sapiente,quia,saepe,quae,vel
excepturi,doloribus,quia,voluptas,quidem
repellendus,ab,quaerat,quo,nemo
ipsa,commodi,neque,ullam,voluptatibus
magni,amet,rerum,consequuntur,numquam
dicta,animi,assumenda,atque,quidem
exercitationem,tempore,dignissimos,debitis,repellat
asperiores,praesentium,labore,consequatur,quaerat
facere,tenetur,ab,et,odit
suscipit,aperiam,vel,odit,odio
nihil,dolorum,ex,dolore,facere
temporibus,optio,ut,inventore,sunt
quia,saepe,possimus,consequuntur,sunt
molestiae,delectus,dolore,delectus,aliquam
quas,voluptates,molestiae,quidem,dignissimos
consectetur,recusandae,quos,quos,dolores
velit,iste,sapiente,quae,dolorem
quasi,eveniet,officiis,unde,expedita
exercitationem,quisquam,eaque,error,corrupti
autem,ea,quas,ex,inventore
eius,neque,ducimus,modi,inventore
cupiditate,iusto,incidunt,quod,assumenda
quibusdam,iusto,facilis,vero,illum
ad,magnam,similique,impedit,iste
sunt,magnam,consequatur,soluta,molestias
velit,harum,laborum,cumque,beatae
ipsam,magnam,eius,quod,ullam
delectus,eligendi,officia,quaerat,beatae
voluptas,expedita,numquam,omnis,assumenda
et,ducimus,soluta,dignissimos,inventore
eius,corporis,repudiandae,ipsa,neque
enim,quod,libero,voluptatibus,atque
nulla,fuga,repellendus,et,esse
laudantium,accusantium,facere,delectus,nobis
cum,ducimus,et,nulla,voluptates
recusandae,corporis,quo,ut,ipsa
ex,veritatis,suscipit,reprehenderit,officiis
recusandae,facere,provident,cupiditate,impedit
nobis,similique,quo,quaerat,asperiores
ducimus,assumenda,autem,labore,debitis
possimus,quod,quae,itaque,optio
ipsam,quos,hic,in,delectus
fugit,eaque,omnis,voluptatem,aut
rerum,sapiente,excepturi,at,fugiat
cumque,saepe,consectetur,officiis,rem
mollitia,dolorum,totam,ipsa,delectus
odio,temporibus,sapiente,deserunt,nisi
exercitationem,vel,necessitatibus,asperiores,fuga
vero,perferendis,omnis,facilis,itaque
sed,consequuntur,nesciunt,nobis,exercitationem
deserunt,debitis,voluptates,assumenda,deserunt
debitis,natus,nisi,magnam,optio
voluptates,tempora,cum,consectetur,voluptate
aliquid,fuga,autem,debitis,quos
ullam,tempora,molestias,magni,incidunt
amet,maxime,perspiciatis,vel,earum
incidunt,maxime,incidunt,consectetur,necessitatibus
aspernatur,suscipit,perferendis,rem,porro
veritatis,recusandae,cupiditate,dolores,ipsum
quo,consequatur,a,quia,quibusdam
explicabo,sunt,nihil,atque,architecto
architecto,quos,sint,molestias,repellendus
accusantium,impedit,cumque,explicabo,nesciunt
ipsum,autem,cum,nisi,veritatis
autem,libero,similique,perferendis,rem
beatae,consequuntur,blanditiis,amet,accusantium
debitis,beatae,assumenda,repellat,aliquam
vero,quo,rem,similique,voluptate
laboriosam,quidem,doloribus,neque,sed
possimus,natus,eius,architecto,distinctio
molestias,nostrum,nesciunt,odio,ut
laborum,ad,veritatis,odit,quia
sint,sequi,ratione,tempora,aspernatur
optio,ipsa,pariatur,nihil,architecto
earum,reprehenderit,aliquid,culpa,velit
alias,doloribus,autem,in,vel
nemo,aliquid,labore,at,iure
iusto,itaque,itaque,asperiores,atque
tempora,praesentium,ullam,totam,aliquam
eius,quia,placeat,ipsum,hic
error,maiores,aperiam,ab,quod
quasi,voluptatem,a,animi,odio
quo,corporis,sint,consequuntur,aspernatur
explicabo,cupiditate,at,itaque,et
quos,eligendi,quibusdam,tempora,exercitationem
perferendis,tenetur,occaecati,alias,laudantium
id,consequatur,quo,voluptate,expedita
ab,odit,quam,pariatur,harum
veritatis,vero,voluptate,pariatur,optio
adipisci,temporibus,tempora,nesciunt,amet
iste,cum,eos,blanditiis,odit
libero,labore,reiciendis,ipsum,unde
nesciunt,quam,sunt,possimus,expedita
qui,ad,neque,quia,necessitatibus
delectus,harum,sed,odio,saepe
dolor,harum,adipisci,qui,possimus
aliquam,minus,dolores,iusto,modi
nihil,nihil,sapiente,blanditiis,atque
id,placeat,ab,fugiat,assumenda
doloremque,quasi,perferendis,omnis,earum
quo,ab,amet,temporibus,libero
deleniti,dicta,dolor,minus,commodi
consequuntur,possimus,perspiciatis,eaque,necessitatibus
molestiae,nobis,tenetur,ut,minima
excepturi,nobis,unde,necessitatibus,occaecati
explicabo,dignissimos,adipisci,sequi,et
in,odit,sed,explicabo,ipsa
fuga,id,deserunt,praesentium,repellat
quisquam,placeat,pariatur,possimus,dolor
quos,iste,maiores,molestias,velit
corporis,suscipit,rem,exercitationem,corrupti
a,veritatis,enim,hic,minima
necessitatibus,tempore,dolor,error,nisi
eveniet,facilis,fugiat,provident,maiores
iure,doloremque,perspiciatis,minima,quia
eum,non,sed,enim,animi
ullam,quam,ut,praesentium,sed
sed,eos,asperiores,ab,magni
a,sint,similique,inventore,soluta
similique,delectus,veritatis,perspiciatis,aperiam
hic,reprehenderit,officia,voluptatem,mollitia
esse,similique,labore,ab,inventore
animi,incidunt,cumque,necessitatibus,magnam
impedit,cupiditate,aperiam,animi,exercitationem
modi,esse,incidunt,quidem,cumque
facere,doloremque,id,provident,modi
ullam,velit,harum,nam,ea
laboriosam,explicabo,maiores,repellat,iusto
impedit,tempore,quos,fuga,error
error,et,similique,voluptatibus,repellat
temporibus,fuga,amet,hic,vitae
neque,nisi,voluptatum,asperiores,ut
blanditiis,inventore,a,aspernatur,adipisci
expedita,expedita,minima,sapiente,neque
modi,pariatur,debitis,explicabo,quasi
sapiente,aspernatur,inventore,aliquid,animi
harum,vel,dolore,illo,possimus
vero,cum,similique,sed,doloribus
voluptatum,debitis,praesentium,eveniet,recusandae
repudiandae,reprehenderit,ullam,nulla,tenetur
minima,exercitationem,sed,error,expedita
provident,veniam,maiores,numquam,unde
nemo,deleniti,a,ducimus,fugit
praesentium,praesentium,consequuntur,mollitia,dicta
culpa,sint,assumenda,blanditiis,quia
quaerat,quasi,aut,vel,asperiores
nemo,doloremque,veritatis,reiciendis,earum
sint,voluptatum,voluptate,quia,ratione
cupiditate,consequatur,cupiditate,sequi,tempora
nobis,ab,quia,est,adipisci
tempora,saepe,iste,ratione,sunt
facilis,dolore,pariatur,iure,ut
distinctio,pariatur,recusandae,molestiae,vitae
repellat,occaecati,voluptatibus,asperiores,nisi
esse,neque,quas,eaque,itaque
repellendus,labore,quae,impedit,rerum
ipsa,optio,suscipit,reprehenderit,inventore
et,voluptas,repellat,exercitationem,eaque
assumenda,quam,reprehenderit,ipsam,rem
perspiciatis,nulla,facilis,nemo,temporibus
distinctio,provident,perspiciatis,illo,doloremque
quod,blanditiis,molestias,quae,voluptatibus
ex,similique,saepe,ipsam,eaque
dolore,commodi,iure,eaque,hic
magni,facilis,modi,voluptates,quod
voluptate,soluta,tenetur,perferendis,a
eum,in,autem,eligendi,officia
tempora,nesciunt,quis,nesciunt,aliquam
iste,atque,excepturi,consequuntur,perferendis
repellendus,vitae,incidunt,molestias,maiores
veniam,totam,asperiores,odit,dolores
repudiandae,nesciunt,odio,at,possimus
itaque,nobis,veritatis,soluta,exercitationem
asperiores,eum,quam,magnam,soluta
voluptas,provident,reiciendis,animi,voluptatibus
voluptatibus,occaecati,sapiente,voluptas,laborum
quidem,atque,quos,perspiciatis,aliquam
recusandae,blanditiis,perferendis,amet,explicabo
provident,non,dignissimos,suscipit,nisi
similique,totam,nisi,culpa,accusamus
corrupti,minima,officiis,odit,sint
autem,provident,corporis,dolorem,similique
deserunt,maxime,reiciendis,odio,dolorum
soluta,quos,odio,nemo,saepe
mollitia,recusandae,illum,officia,dolorum
rerum,fuga,corrupti,fugit,fugiat
blanditiis,facilis,dicta,quod,nesciunt
sed,voluptatum,qui,illo,ducimus
ab,non,porro,pariatur,delectus
maxime,dolore,assumenda,quam,doloribus
adipisci,numquam,error,excepturi,ad
praesentium,totam,nulla,ea,aliquid
ut,quam,aspernatur,unde,beatae
ullam,praesentium,itaque,molestiae,esse
iste,suscipit,facere,blanditiis,necessitatibus
impedit,dolorum,voluptates,voluptatum,ipsa
odio,animi,saepe,beatae,omnis
cum,mollitia,fugit,quaerat,dicta
numquam,ad,sequi,iure,placeat
ipsa,consectetur,occaecati,reprehenderit,distinctio
atque,sint,soluta,beatae,sit
quos,quo,mollitia,libero,nam
quae,voluptas,alias,corrupti,deserunt
veniam,deleniti,soluta,doloribus,dolorum
dicta,consequuntur,sed,iure,eius
aspernatur,aperiam,illo,suscipit,inventore
nesciunt,corrupti,nesciunt,incidunt,ut
sed,inventore,sint,facere,magni
quam,earum,molestias,voluptatibus,deleniti
nesciunt,quas,nisi,quae,quam
saepe,fugit,excepturi,dolor,tempora
eveniet,provident,tempore,quo,numquam
repellendus,vero,rem,ad,voluptatibus
blanditiis,facilis,ab,dolores,est
totam,beatae,quidem,minima,similique
harum,quia,atque,eos,culpa
praesentium,quibusdam,occaecati,tempora,porro
reprehenderit,vero,recusandae,sunt,rem
pariatur,porro,perspiciatis,perspiciatis,earum
vero,veniam,eius,reiciendis,aliquam
perspiciatis,labore,error,doloremque,neque
reiciendis,velit,delectus,occaecati,eligendi
laborum,dolor,aliquam,illo,iusto
quisquam,voluptas,distinctio,quidem,placeat
deleniti,impedit,accusamus,quos,dicta
ut,reiciendis,expedita,vero,nobis
pariatur,laborum,odit,ducimus,tenetur
excepturi,aliquam,doloremque,aperiam,suscipit
adipisci,est,beatae,iusto,quas
beatae,nisi,reiciendis,ullam,ratione
modi,illum,sapiente,omnis,aut
ea,architecto,ipsum,illo,quis
quisquam,beatae,magni,iste,occaecati
odio,cumque,fugiat,sit,repudiandae
corrupti,ad,ducimus,vitae,perspiciatis
autem,quaerat,reiciendis,pariatur,minus
cumque,dolorem,laboriosam,aliquam,doloribus
necessitatibus,suscipit,suscipit,iure,beatae
similique,autem,libero,quibusdam,perspiciatis
rem,excepturi,iusto,doloribus,illum
repudiandae,animi,aut,nulla,consectetur
possimus,sint,est,et,nemo
vero,blanditiis,ratione,ullam,illum
sunt,velit,velit,debitis,necessitatibus
eos,et,eligendi,aut,blanditiis
cupiditate,amet,mollitia,a,repudiandae
minus,corrupti,magnam,soluta,qui
velit,repellat,officia,non,dignissimos
aperiam,labore,veritatis,fugiat,recusandae
at,corrupti,labore,itaque,excepturi
minima,nemo,nihil,quae,id
voluptatibus,quis,fugit,consequatur,dolores
placeat,soluta,laborum,deleniti,rem
maxime,nemo,ipsa,voluptatem,vero
consequatur,distinctio,exercitationem,labore,excepturi
commodi,aperiam,repellat,occaecati,alias
perferendis,iure,accusantium,placeat,autem
harum,velit,alias,possimus,fuga
laborum,dolorum,perferendis,quibusdam,ad
omnis,eaque,magnam,doloremque,expedita
totam,minima,hic,delectus,quod
iusto,animi,praesentium,eveniet,tenetur
officiis,quam,quidem,minima,accusantium
delectus,cumque,ab,mollitia,odit
hic,quis,impedit,praesentium,blanditiis
eligendi,in,at,magnam,nostrum
non,vitae,harum,qui,ullam
corporis,quasi,qui,laboriosam,minus
voluptatem,fugiat,explicabo,adipisci,explicabo
et,quo,sit,modi,fugiat
repudiandae,minima,dolor,omnis,atque
dolore,nobis,culpa,omnis,adipisci
eaque,velit,voluptatibus,atque,animi
quisquam,odio,sapiente,illo,officia
reiciendis,eum,consequatur,porro,quae
ex,necessitatibus,laboriosam,corrupti,aut
enim,quasi,consequuntur,fugit,exercitationem
debitis,quas,ea,atque,officia
aliquid,odit,tempore,nobis,quisquam
labore,a,culpa,molestiae,error
alias,error,soluta,vel,sint
dicta,occaecati,labore,cumque,facere
odio,esse,cumque,asperiores,veritatis
autem,impedit,officia,beatae,nulla
sunt,quibusdam,error,maiores,maiores
accusantium,non,doloribus,deserunt,iusto
voluptates,cumque,labore,dignissimos,praesentium
nostrum,quas,quod,ex,corporis
aliquam,error,nostrum,dicta,eum
expedita,repellat,quis,rerum,maiores
aliquam,pariatur,provident,deleniti,laudantium
similique,rerum,ullam,aspernatur,magni
rem,eum,culpa,ea,eveniet
iusto,modi,sint,tempora,ipsa
modi,dicta,quidem,molestiae,exercitationem
vitae,culpa,explicabo,eius,pariatur
omnis,quae,illo,officia,pariatur
vero,consectetur,ipsam,facere,deserunt
ex,vero,amet,officia,sapiente
non,nam,vero,qui,reprehenderit
voluptatum,molestiae,modi,consectetur,architecto
officiis,laudantium,soluta,commodi,numquam
ipsa,minima,eum,voluptas,culpa
necessitatibus,dicta,excepturi,maiores,dolorum
tempore,occaecati,impedit,provident,sit
provident,quia,a,a,illum
ducimus,perspiciatis,facilis,error,accusantium
iste,reiciendis,nisi,itaque,quia
optio,occaecati,velit,accusamus,autem
accusantium,recusandae,officiis,iure,deleniti
similique,asperiores,nesciunt,ipsa,molestias
similique,laborum,quidem,alias,aperiam
praesentium,quasi,numquam,tenetur,perferendis
corrupti,ipsum,autem,ipsum,dolorem
consequuntur,dolorem,earum,provident,minus
id,sunt,excepturi,consectetur,amet
