app_id,utm_source,utm_medium,campaign_id,acquisition_cost
600945,placeat,accusamus,molestiae,unde
619255,earum,odio,similique,non
403595,et,velit,distinctio,nam
951652,doloremque,similique,architecto,quisquam
645397,eum,dolorum,ullam,voluptate
779259,harum,hic,ex,dolores
629654,facilis,dolor,possimus,porro
267182,tenetur,error,ipsum,vel
335526,recusandae,accusantium,praesentium,aliquid
639047,ab,commodi,pariatur,repellat
331013,quasi,dolore,aliquam,velit
266123,reiciendis,illo,aut,architecto
448657,est,nostrum,modi,dolore
156559,hic,molestiae,quia,cumque
820017,maiores,aspernatur,reiciendis,in
568310,maiores,sapiente,ratione,non
102209,repellat,commodi,laudantium,ipsum
151687,reprehenderit,quia,molestiae,labore
175239,veritatis,ducimus,saepe,blanditiis
875389,dolore,harum,saepe,consequatur
928035,dicta,quis,debitis,repellendus
904011,excepturi,ab,commodi,doloribus
898735,voluptatum,a,tenetur,illum
153388,quo,eaque,doloribus,fuga
674853,aut,tenetur,neque,sed
777044,qui,ipsa,dolor,asperiores
575503,distinctio,ipsam,quisquam,itaque
407673,temporibus,est,magni,blanditiis
269620,porro,natus,hic,totam
438660,nesciunt,labore,at,quas
726024,fuga,quidem,cumque,fugit
849206,soluta,mollitia,deserunt,corrupti
960551,asperiores,animi,qui,adipisci
717739,dignissimos,voluptates,in,necessitatibus
460085,amet,rem,rerum,sunt
141535,eveniet,impedit,dolorem,illum
123976,assumenda,rem,sed,excepturi
759360,quae,quas,perspiciatis,doloremque
966344,quis,amet,iure,totam
846944,sed,fuga,hic,hic
676868,alias,maiores,maiores,quisquam
378900,beatae,aperiam,eaque,architecto
582482,perspiciatis,optio,animi,distinctio
486230,error,quo,nihil,illum
902133,libero,similique,expedita,vitae
657431,rem,saepe,labore,ipsam
921305,magni,in,numquam,maxime
409485,aliquid,mollitia,tempora,porro
133111,ex,recusandae,pariatur,non
729257,debitis,ab,sapiente,temporibus
388632,quo,sit,at,ut
657192,fuga,ad,nobis,facere
496762,quos,illo,quia,magnam
898923,asperiores,unde,voluptates,ipsum
373020,nulla,eaque,explicabo,eos
191478,repellendus,illum,quae,vel
907656,necessitatibus,quasi,nisi,expedita
596882,recusandae,amet,incidunt,ipsa
247297,perspiciatis,eaque,cumque,occaecati
823185,non,eum,veritatis,saepe
884590,rerum,itaque,pariatur,doloremque
189337,commodi,consequatur,aperiam,voluptates
137038,nam,ut,amet,accusamus
857859,autem,laudantium,dolores,accusantium
309282,voluptate,reiciendis,exercitationem,illo
271355,earum,quod,laboriosam,unde
962738,natus,earum,ex,vero
891508,odio,cupiditate,hic,asperiores
723993,officia,est,ad,ab
809423,enim,accusamus,veritatis,nostrum
635759,tempore,porro,quidem,quidem
821825,ea,rem,itaque,minima
721517,dolores,iusto,perferendis,impedit
373585,repellendus,a,quisquam,deserunt
168354,consectetur,dicta,odio,accusamus
159048,ab,est,a,facere
921611,tempore,quibusdam,ad,facilis
511441,aut,sapiente,consequuntur,occaecati
287232,voluptate,quaerat,dignissimos,saepe
571287,qui,mollitia,in,porro
244335,omnis,est,nam,veritatis
179567,aspernatur,laudantium,natus,vel
172211,mollitia,omnis,tempora,illum
645679,illum,fugit,accusamus,commodi
984696,distinctio,quas,eaque,nemo
282286,totam,molestiae,voluptatum,soluta
102324,aut,vero,doloribus,voluptas
244148,quae,eos,suscipit,sequi
120211,nemo,sequi,distinctio,doloremque
751043,totam,laboriosam,omnis,ab
643116,delectus,esse,omnis,illo
639247,nostrum,reiciendis,nisi,dolor
615346,aliquid,nostrum,magnam,eligendi
888315,laboriosam,eaque,laboriosam,aliquam
468633,iure,nulla,eligendi,dignissimos
569438,delectus,cupiditate,alias,nesciunt
607623,deserunt,quas,quaerat,consectetur
494118,laboriosam,dolorum,nihil,laborum
426461,magni,perspiciatis,sequi,quis
627295,exercitationem,perferendis,neque,saepe
384658,quisquam,recusandae,deserunt,officia
984375,hic,totam,delectus,amet
947176,eveniet,omnis,quam,quas
497569,saepe,dicta,repellat,id
800356,reiciendis,distinctio,consequuntur,quas
474875,cumque,laborum,soluta,voluptas
269510,corporis,numquam,autem,similique
391783,quibusdam,impedit,explicabo,atque
773889,minus,perferendis,veritatis,eligendi
375563,optio,voluptatum,modi,beatae
118110,deleniti,odio,impedit,dolor
558785,soluta,voluptates,asperiores,laboriosam
970594,corporis,labore,nulla,alias
630714,voluptates,ullam,nihil,autem
166875,corrupti,hic,expedita,animi
747634,nostrum,facilis,quasi,quae
731354,iure,deserunt,occaecati,harum
921177,ex,perferendis,odio,quod
215099,qui,dolore,ipsum,eos
950922,praesentium,id,quam,perspiciatis
857517,amet,consequatur,atque,quo
957413,molestias,impedit,quo,aliquid
180258,voluptates,deserunt,expedita,animi
649902,rem,possimus,eaque,nulla
270539,pariatur,adipisci,veniam,doloremque
886277,deleniti,cupiditate,sequi,quia
349446,cumque,perferendis,dolore,molestias
834161,corrupti,officia,enim,dicta
823634,sapiente,veniam,sint,provident
196075,commodi,laudantium,asperiores,soluta
317576,facilis,id,sint,ipsam
246419,recusandae,unde,pariatur,optio
656811,tempora,numquam,rem,dolorem
313614,nostrum,distinctio,optio,eius
543235,dolores,quia,fugit,mollitia
482723,culpa,reprehenderit,perspiciatis,autem
309958,libero,fuga,alias,aperiam
758971,eligendi,eligendi,quam,temporibus
898266,facere,quae,ex,illum
511485,temporibus,saepe,provident,iusto
647921,ea,magnam,sed,earum
851304,repellat,dolores,ipsam,suscipit
353622,hic,perspiciatis,dolores,iusto
352126,dolorum,ratione,illo,in
676745,earum,est,atque,adipisci
107802,saepe,ex,quaerat,velit
514737,iure,distinctio,exercitationem,natus
896409,alias,consectetur,assumenda,asperiores
846246,atque,eveniet,quasi,aliquid
766024,eligendi,totam,perferendis,quae
755369,tenetur,voluptatem,necessitatibus,eaque
378649,aliquam,nobis,omnis,beatae
866723,minima,vero,eum,dignissimos
411898,deserunt,laborum,nobis,vero
521765,dolorem,quaerat,perspiciatis,sunt
370589,pariatur,libero,ipsum,blanditiis
134488,ab,sint,deserunt,id
686452,aliquid,ab,possimus,mollitia
477226,porro,qui,provident,perspiciatis
444387,neque,natus,accusantium,voluptatibus
105250,similique,iste,sunt,nulla
145340,ad,voluptate,voluptates,consequuntur
969132,reiciendis,sequi,odit,cum
805519,illum,sapiente,quia,illo
920993,voluptate,quod,omnis,sequi
690787,mollitia,sed,quasi,non
836532,eius,eos,quidem,ipsam
150543,illum,pariatur,minus,laudantium
676168,voluptas,deserunt,nemo,quibusdam
637734,libero,recusandae,libero,excepturi
587458,asperiores,quibusdam,voluptas,dolorum
407150,quaerat,deserunt,rerum,voluptatem
246808,saepe,quibusdam,corporis,ratione
565214,odit,consequuntur,maiores,odio
360135,nostrum,quis,dolorum,illo
231699,dolorem,quo,quis,ex
630944,non,consequuntur,ab,fugiat
353637,est,explicabo,nulla,iure
108283,animi,officia,dolore,aut
513125,dignissimos,a,officiis,accusantium
152692,eum,ex,eum,ratione
663868,itaque,distinctio,quae,hic
262101,dolorum,exercitationem,facere,earum
774698,similique,nobis,dolorum,doloribus
753104,rerum,autem,aut,neque
109057,maxime,voluptas,in,quae
910884,eaque,ut,ut,laboriosam
712410,incidunt,amet,voluptate,asperiores
868250,omnis,corrupti,ratione,dolor
961303,repellendus,molestias,explicabo,pariatur
670888,labore,dolore,iusto,dolorem
615067,animi,adipisci,nihil,at
751334,iste,rerum,officia,aliquid
350484,earum,qui,eaque,nobis
196502,reprehenderit,et,sapiente,minus
764138,placeat,dolores,ipsam,aut
721876,neque,ad,laborum,amet
953502,voluptatum,autem,rem,suscipit
316922,mollitia,voluptatibus,ea,beatae
304799,earum,accusamus,voluptatibus,quisquam
245008,labore,veritatis,in,error
197410,minima,porro,aspernatur,dolores
242702,voluptate,illum,pariatur,in
544785,blanditiis,ab,laboriosam,dolore
969833,labore,animi,sunt,itaque
406909,fuga,quia,qui,quibusdam
829769,occaecati,iusto,nulla,similique
997268,illum,officiis,nemo,beatae
474918,dolore,vero,minus,at
270008,ex,illo,officiis,eum
885595,esse,quo,neque,non
627068,reprehenderit,iste,beatae,excepturi
897545,dolore,doloremque,similique,magni
713495,sit,architecto,consequuntur,pariatur
884258,optio,sapiente,magnam,non
172304,quod,distinctio,ex,culpa
200818,eius,nam,fuga,dicta
865631,quos,nemo,minima,sint
695012,nobis,inventore,at,qui
522624,quis,corporis,neque,dolorem
466701,eveniet,dicta,necessitatibus,laudantium
361491,quod,nulla,vero,exercitationem
266130,nulla,repellat,quisquam,laboriosam
778186,dolores,necessitatibus,commodi,tenetur
608115,explicabo,similique,consectetur,sit
365807,consectetur,facilis,odit,impedit
220837,unde,alias,mollitia,veniam
997437,expedita,eveniet,aspernatur,perferendis
772101,at,necessitatibus,dolorem,quisquam
832363,ipsum,hic,vitae,assumenda
846802,asperiores,a,voluptatum,laudantium
309110,accusamus,ipsam,voluptatum,modi
565803,maxime,unde,id,distinctio
346814,nesciunt,aspernatur,consequatur,quibusdam
379546,doloremque,dolor,repudiandae,cumque
594740,eius,illo,soluta,magni
878969,ex,accusantium,aperiam,dicta
895399,voluptatum,officia,voluptatibus,error
927619,quibusdam,cumque,quaerat,sit
893407,voluptates,dolor,non,tempora
469191,laborum,assumenda,eum,dolorem
270757,expedita,consequatur,iste,deleniti
934745,unde,exercitationem,neque,minima
564869,a,earum,sequi,et
584128,natus,sequi,fugiat,provident
204686,ipsa,quasi,odit,perferendis
238098,porro,quis,occaecati,nisi
523250,veritatis,modi,hic,quos
144245,quasi,eum,culpa,nostrum
730910,vel,suscipit,eaque,perferendis
522695,consectetur,soluta,voluptatibus,aperiam
120589,iusto,laborum,quae,ab
689023,id,iusto,minus,facilis
958239,dicta,dolorem,ad,placeat
130682,esse,veniam,a,sunt
958383,minus,dignissimos,velit,optio
573118,fugit,esse,repellat,quibusdam
890985,saepe,dicta,eveniet,voluptate
860124,deleniti,ratione,laboriosam,dolorum
281660,ad,accusamus,accusamus,molestias
794865,consectetur,vero,omnis,cumque
898853,veniam,voluptate,nam,velit
846001,ipsam,reiciendis,neque,natus
502873,ipsa,veritatis,accusantium,minima
575945,ex,animi,necessitatibus,quam
716411,culpa,asperiores,debitis,eaque
920801,ex,suscipit,expedita,accusamus
471094,ab,sed,tempore,dignissimos
318428,sint,ratione,similique,doloremque
756005,consequatur,quia,magni,aperiam
924420,adipisci,ratione,unde,necessitatibus
585687,magnam,facere,pariatur,libero
754011,soluta,illum,ea,perferendis
561361,cum,error,dicta,labore
407749,atque,mollitia,autem,ex
109530,vitae,asperiores,doloremque,fugiat
695147,nihil,magnam,quam,illo
729043,officiis,assumenda,ut,fugiat
746458,explicabo,asperiores,iure,rem
329140,voluptatem,suscipit,sequi,odit
856636,excepturi,suscipit,perferendis,qui
804903,hic,quisquam,impedit,sit
648981,ipsum,distinctio,molestiae,maxime
589924,cupiditate,a,ullam,quas
624855,explicabo,maxime,dolorum,molestiae
558509,totam,quidem,laboriosam,quaerat
779339,accusamus,ex,explicabo,sed
847403,libero,dolor,assumenda,voluptas
709214,illo,non,architecto,quod
802620,aliquid,iure,alias,alias
538883,minus,quae,doloribus,delectus
996960,dolore,repellat,maxime,eligendi
154276,natus,quam,distinctio,incidunt
567709,voluptatum,tenetur,dolor,doloribus
355566,iusto,quia,mollitia,maiores
989733,libero,ratione,cumque,suscipit
845091,perferendis,impedit,non,distinctio
568991,quis,iusto,recusandae,illo
867608,amet,ullam,unde,perspiciatis
841349,aperiam,laudantium,harum,ratione
942638,labore,occaecati,illo,laborum
495227,saepe,neque,quae,quo
547090,voluptas,dolor,odit,nulla
946712,velit,accusantium,vitae,eius
978370,pariatur,atque,eveniet,veniam
517911,et,consectetur,voluptatem,nobis
553882,cumque,hic,molestiae,minus
804431,culpa,libero,ipsam,nulla
317840,libero,sapiente,nemo,perspiciatis
891479,nesciunt,quod,ex,et
467083,alias,dolorem,odio,sed
333726,eaque,a,occaecati,voluptates
390560,maiores,ea,error,odit
604729,non,quas,recusandae,doloribus
223645,consequuntur,culpa,deserunt,veniam
214235,quidem,non,quas,impedit
735099,nemo,assumenda,animi,ullam
442649,cum,consectetur,voluptates,numquam
115071,quae,quidem,blanditiis,veniam
515570,facere,mollitia,pariatur,magni
216053,placeat,aspernatur,nesciunt,quis
567530,eveniet,temporibus,totam,enim
340165,nostrum,voluptatum,voluptas,aliquid
358185,aperiam,necessitatibus,corrupti,maxime
135080,animi,voluptatum,unde,ea
820484,voluptate,quia,unde,explicabo
971090,eos,repellendus,earum,nobis
222795,ullam,nisi,reiciendis,recusandae
541448,ex,similique,quae,nobis
637697,esse,nostrum,voluptatibus,amet
153909,adipisci,a,enim,illo
143929,quaerat,nam,exercitationem,dolore
385581,voluptas,commodi,dicta,magnam
319872,qui,sint,suscipit,doloribus
246243,iure,modi,cumque,fugiat
144607,alias,veniam,iste,debitis
521510,sapiente,unde,repellat,a
992414,dolorem,nostrum,explicabo,sunt
877623,molestias,cupiditate,consectetur,nobis
237433,dolorem,reprehenderit,qui,exercitationem
615944,accusamus,pariatur,vel,vitae
778100,aliquid,odio,laudantium,cumque
210522,iste,iusto,non,inventore
789899,recusandae,esse,dolorum,repellat
880549,eveniet,culpa,accusamus,id
604374,occaecati,in,earum,nobis
717996,esse,exercitationem,corporis,labore
922155,temporibus,magnam,iste,eveniet
584416,aliquam,consequuntur,quaerat,doloribus
914929,dolorum,quasi,repellendus,harum
107254,repellat,dolorem,numquam,maiores
648528,est,officia,alias,impedit
212911,possimus,doloribus,tempora,nemo
358809,qui,necessitatibus,occaecati,unde
919784,exercitationem,recusandae,iusto,enim
844469,commodi,totam,quas,debitis
887224,nesciunt,vel,repellendus,incidunt
139561,suscipit,inventore,cum,temporibus
683967,eaque,delectus,tempore,sunt
939744,cum,beatae,itaque,ab
605654,molestiae,eum,inventore,laudantium
480387,illo,nemo,repudiandae,aspernatur
968932,consequatur,et,architecto,optio
707861,nemo,cum,dolor,magnam
547457,vitae,sint,harum,praesentium
986334,eos,quasi,dolorem,totam
842913,iste,odit,dicta,reiciendis
555984,voluptas,quas,accusantium,velit
892785,similique,saepe,officiis,ab
349288,nobis,porro,reiciendis,quasi
315222,commodi,at,laboriosam,maiores
495098,et,sit,perferendis,natus
540213,officiis,fugiat,hic,amet
443713,voluptatibus,tempore,cumque,inventore
638504,eum,tempore,aut,aperiam
192141,culpa,assumenda,perferendis,perferendis
807887,nihil,in,beatae,alias
955303,consequuntur,magni,quaerat,qui
215292,facere,ipsa,suscipit,deserunt
155142,quos,ipsam,molestias,accusamus
844755,aut,culpa,aliquid,quia
909489,quibusdam,dicta,est,modi
677545,aliquid,quaerat,non,nulla
987618,dolores,ea,omnis,inventore
483016,deserunt,qui,eveniet,maiores
867697,quae,natus,voluptate,illo
865570,alias,provident,porro,quas
946597,accusamus,cum,vero,ad
803368,quaerat,pariatur,autem,voluptatum
702545,ipsam,cum,reiciendis,officiis
972583,in,mollitia,aspernatur,incidunt
379236,laborum,facere,iure,ipsum
334764,illo,itaque,tenetur,quisquam
140249,nisi,neque,libero,harum
436555,pariatur,ut,odio,accusantium
869963,repellat,ut,omnis,facilis
883422,unde,nostrum,deleniti,esse
473329,reiciendis,at,dolores,magnam
667292,dolores,sunt,commodi,atque
567909,accusamus,sapiente,dolorem,odit
177714,excepturi,accusamus,aperiam,autem
809722,nulla,sequi,perferendis,nostrum
687616,voluptatibus,ratione,veritatis,ratione
364134,ab,culpa,accusamus,occaecati
288761,ipsam,quis,esse,corporis
958858,magni,minus,quo,quaerat
992911,ab,mollitia,cum,quam
110124,veritatis,numquam,fugit,soluta
512127,eveniet,occaecati,perspiciatis,eaque
533366,commodi,maiores,dolore,architecto
983240,quas,molestiae,commodi,voluptates
216667,optio,modi,veniam,nisi
162472,et,aperiam,voluptatibus,perferendis
539112,illo,quos,voluptatibus,rem
954264,quam,et,quasi,tenetur
104002,deleniti,totam,et,optio
458842,ipsa,deserunt,aliquam,asperiores
198442,possimus,id,quos,ex
126804,in,iste,nostrum,quam
274043,in,blanditiis,pariatur,voluptate
900809,blanditiis,consectetur,molestias,atque
419534,ipsam,laboriosam,quae,vero
411434,ut,quos,sequi,non
678725,tempora,minima,recusandae,itaque
696797,unde,officiis,possimus,exercitationem
367123,id,explicabo,delectus,corrupti
995314,voluptate,nulla,delectus,quod
159101,ut,molestias,odio,nobis
754291,ipsa,pariatur,itaque,similique
225397,perferendis,laboriosam,omnis,iusto
575337,ut,itaque,quaerat,alias
178730,libero,laudantium,animi,eveniet
290537,porro,quaerat,perferendis,deleniti
714763,quasi,amet,quasi,modi
657148,ratione,iure,aut,nisi
713736,occaecati,vel,fugiat,delectus
704170,quod,laboriosam,veritatis,mollitia
424481,nobis,recusandae,architecto,est
459496,laboriosam,quia,distinctio,provident
304613,sapiente,est,quo,sunt
768353,modi,occaecati,provident,rerum
903727,laboriosam,nesciunt,soluta,fugiat
940951,similique,quam,dicta,consectetur
287367,doloribus,vitae,voluptatum,accusantium
237151,consectetur,dolore,porro,assumenda
159489,eveniet,harum,dicta,et
483095,vitae,eligendi,corrupti,repudiandae
171363,iusto,quas,nostrum,eaque
466024,autem,nobis,necessitatibus,dolorum
699709,quisquam,deserunt,corrupti,ad
842682,beatae,consectetur,voluptates,accusantium
462605,excepturi,sed,est,totam
516377,fuga,accusantium,voluptatem,temporibus
397046,modi,architecto,asperiores,repellat
411855,voluptatem,illo,voluptatem,odit
550932,quaerat,eligendi,mollitia,exercitationem
528047,provident,voluptas,officiis,quo
766489,facere,quia,sequi,aliquid
234162,odio,blanditiis,unde,corrupti
618829,impedit,minus,numquam,quos
648017,ex,sint,atque,facere
434569,reprehenderit,ea,provident,veniam
714538,doloribus,nemo,labore,magnam
712691,unde,deserunt,culpa,quibusdam
366988,perferendis,quis,provident,nemo
462692,assumenda,quas,facere,modi
895350,quod,molestias,provident,reiciendis
401109,doloremque,iure,voluptatem,excepturi
524941,eius,sed,eos,est
720637,tempore,quibusdam,quisquam,amet
113019,nihil,ex,excepturi,officiis
868633,ipsam,eos,blanditiis,vero
448824,quod,qui,voluptas,molestiae
698115,dolore,voluptates,eum,alias
163189,omnis,animi,dolor,veritatis
661196,nemo,ex,dolor,ad
155005,ipsa,asperiores,saepe,vel
179293,nesciunt,voluptatum,veniam,laboriosam
239613,voluptas,eos,aut,impedit
308897,quasi,iste,atque,rerum
622009,sit,sunt,quae,eaque
753538,aperiam,veritatis,minima,voluptatem
537364,tempora,optio,quae,eos
662249,deleniti,occaecati,dicta,odio
129927,autem,esse,laboriosam,ducimus
737048,architecto,laborum,optio,aperiam
895051,temporibus,voluptate,non,ab
119362,at,velit,atque,amet
193844,at,nemo,voluptatibus,ex
674396,autem,quae,minima,adipisci
409544,consequuntur,porro,soluta,fugit
734783,expedita,rem,quia,quasi
473812,enim,voluptatum,aspernatur,vitae
500432,debitis,sit,unde,dicta
715739,iste,quisquam,eveniet,optio
344549,nam,quibusdam,aspernatur,optio
101367,dolorem,repellendus,delectus,consequatur
850153,sunt,dignissimos,quam,similique
984395,rem,ab,atque,maiores
522959,esse,esse,aliquam,explicabo
110127,sed,quae,eos,maxime
507828,placeat,recusandae,nulla,odit
490193,adipisci,fuga,neque,dolor
744104,error,unde,tenetur,dolores
213900,earum,voluptate,quaerat,quis
446607,quia,neque,eveniet,culpa
841643,corporis,repellendus,eum,quaerat
771577,corporis,assumenda,asperiores,minus
559055,repellat,magni,rerum,facere
698055,odit,doloribus,fuga,officiis
879295,voluptas,quae,ut,beatae
197251,nam,doloremque,in,nulla
932634,iusto,cumque,excepturi,recusandae
823297,quia,adipisci,nesciunt,vitae
876182,explicabo,neque,odit,minima
435316,explicabo,eum,non,natus
305433,minus,omnis,a,eveniet
386278,voluptates,natus,vero,voluptatum
172511,tenetur,iusto,quisquam,placeat
144407,minus,aut,alias,molestias
693343,corrupti,recusandae,dolore,quo
592314,rerum,placeat,repellat,a
902277,aspernatur,libero,reiciendis,molestias
899129,fugit,quod,eveniet,omnis
844011,iusto,voluptas,porro,quasi
642447,rerum,ipsa,quos,atque
794640,alias,eos,ratione,officia
820085,beatae,maiores,quisquam,enim
154200,neque,nemo,dignissimos,voluptatibus
124745,amet,quae,incidunt,veniam
325882,sequi,quas,possimus,commodi
265427,ex,consectetur,accusamus,eum
423240,illum,perferendis,assumenda,voluptates
442017,veniam,quibusdam,aut,consequatur
364664,delectus,veniam,unde,placeat
361038,iure,neque,sunt,eveniet
493168,nesciunt,ea,voluptatum,cum
522350,nostrum,quia,ducimus,accusantium
441452,architecto,doloremque,maxime,omnis
212613,reprehenderit,dignissimos,praesentium,recusandae
742281,commodi,quis,dolor,laborum
490352,illo,cupiditate,sunt,necessitatibus
263959,eligendi,facilis,unde,dicta
147155,distinctio,veniam,at,ipsum
349299,dolore,atque,impedit,animi
702193,asperiores,quidem,quidem,ut
431102,iure,repellat,praesentium,odit
263559,suscipit,quidem,vero,voluptas
527135,nulla,eum,atque,explicabo
459171,explicabo,praesentium,labore,eaque
666794,odio,dolor,natus,nulla
704436,natus,commodi,eum,deserunt
469344,fuga,voluptate,adipisci,hic
960209,voluptatum,laborum,nostrum,laudantium
986204,similique,sint,repudiandae,natus
497020,ullam,corporis,repellendus,tenetur
284834,aspernatur,ad,rerum,commodi
911842,exercitationem,nemo,illo,ullam
325898,delectus,incidunt,sapiente,magnam
414370,maxime,fugiat,velit,quidem
685103,maiores,numquam,reprehenderit,excepturi
313069,itaque,labore,nemo,quidem
182309,voluptates,repellat,labore,quis
576378,nihil,blanditiis,dolor,quaerat
480003,enim,asperiores,placeat,maxime
519947,nihil,ullam,adipisci,nobis
197323,mollitia,temporibus,eaque,labore
681868,magni,ratione,nam,temporibus
351122,pariatur,labore,inventore,facilis
482943,hic,corrupti,repellat,repellat
525119,nam,nesciunt,exercitationem,alias
203638,voluptatum,vel,molestiae,voluptas
597931,similique,non,quaerat,optio
545700,corporis,dolorum,incidunt,perferendis
233725,vel,voluptate,placeat,sit
768356,amet,facere,expedita,veniam
157097,ullam,saepe,aut,dolor
941085,aliquid,cupiditate,fuga,voluptates
343891,eaque,consectetur,vitae,adipisci
764705,molestias,ipsum,natus,odit
784008,quia,officia,officia,iure
401570,nisi,nisi,ipsam,inventore
846526,sed,adipisci,harum,quisquam
480719,laborum,rem,in,dignissimos
442717,hic,aliquid,harum,eveniet
536688,eos,numquam,placeat,tempora
398680,laboriosam,repudiandae,saepe,necessitatibus
151994,ea,mollitia,optio,reprehenderit
543173,deleniti,nemo,ex,eaque
267276,aperiam,porro,debitis,ratione
232719,quos,et,iste,soluta
279507,maxime,pariatur,qui,molestias
234223,doloremque,explicabo,incidunt,impedit
296484,omnis,necessitatibus,velit,illo
377081,magni,repellendus,et,esse
805814,non,vitae,ipsa,magnam
540500,labore,et,asperiores,dignissimos
957304,totam,praesentium,at,distinctio
205630,facere,earum,atque,molestias
612157,distinctio,in,voluptatibus,esse
591295,enim,reprehenderit,assumenda,dicta
109032,nemo,repellat,quo,perspiciatis
488396,magnam,aut,repellendus,consequatur
556636,ratione,nobis,architecto,aliquid
415871,voluptas,neque,mollitia,eaque
737148,laudantium,blanditiis,facilis,magnam
652059,doloremque,dolorum,incidunt,impedit
353410,assumenda,laboriosam,facilis,alias
726083,accusamus,error,officiis,impedit
680443,cum,in,ipsum,molestiae
861512,molestias,ad,aliquam,sed
581721,accusamus,provident,soluta,vel
438831,quibusdam,provident,soluta,nisi
567277,corrupti,consequatur,facere,molestiae
977932,cupiditate,suscipit,architecto,nam
433377,atque,illum,eligendi,numquam
801046,quod,sed,dolores,eveniet
101723,quia,nisi,dolor,eligendi
260730,perspiciatis,tenetur,impedit,perspiciatis
838940,quis,fugit,quo,veniam
589624,natus,modi,quo,nemo
594431,eveniet,error,odio,fugiat
107799,asperiores,eum,ut,nobis
600902,qui,blanditiis,nisi,enim
590600,totam,nostrum,id,error
543533,reiciendis,pariatur,quas,fugit
276527,laboriosam,quaerat,laborum,porro
620322,incidunt,veritatis,ipsum,eius
863384,molestiae,quo,fugit,cupiditate
894271,ducimus,delectus,libero,voluptas
365954,porro,assumenda,magnam,amet
448010,modi,temporibus,doloremque,dicta
246892,illo,recusandae,sunt,alias
607944,aperiam,deleniti,voluptatem,magnam
365210,ab,impedit,similique,et
355838,praesentium,ab,architecto,velit
192313,aliquid,accusantium,eaque,eveniet
194849,et,illo,atque,nulla
193521,totam,fugit,illum,exercitationem
148035,officiis,rerum,laboriosam,minima
670082,placeat,id,quo,iure
292493,eos,cumque,ducimus,laudantium
236799,quisquam,veritatis,nesciunt,delectus
474737,illo,accusantium,quod,inventore
850860,inventore,numquam,adipisci,distinctio
476553,facere,sapiente,voluptates,velit
821763,sunt,inventore,iure,praesentium
511407,perferendis,tempora,nemo,explicabo
204186,sit,molestias,fugiat,nostrum
483852,voluptatum,enim,quibusdam,maxime
192979,animi,deserunt,nisi,perspiciatis
300260,pariatur,at,atque,iusto
918997,officia,aliquid,quia,ex
113496,accusamus,eveniet,aliquam,ducimus
155567,autem,dolore,possimus,blanditiis
636547,aliquid,eligendi,nobis,qui
220257,culpa,quasi,cum,voluptas
492852,omnis,dolorem,qui,quisquam
634122,expedita,cum,temporibus,quam
226469,veniam,aut,veniam,architecto
357349,illum,asperiores,alias,nam
867531,assumenda,soluta,unde,blanditiis
106751,magnam,velit,neque,debitis
852290,nihil,ab,veniam,nemo
197637,totam,harum,ducimus,aspernatur
313926,nesciunt,dolorem,ullam,suscipit
855700,quaerat,sit,odio,maiores
393487,temporibus,cum,fugiat,at
340858,optio,repellat,totam,quis
540824,sit,eligendi,officia,adipisci
658925,architecto,culpa,nemo,aliquid
806999,libero,voluptatum,at,ab
404576,hic,consequuntur,amet,vel
943827,accusantium,qui,illum,sequi
936414,excepturi,doloremque,soluta,odio
351424,doloremque,aperiam,occaecati,delectus
118925,quibusdam,nobis,perspiciatis,ipsam
747576,odio,hic,cum,voluptas
698146,dignissimos,ratione,neque,quo
475609,illo,culpa,veniam,alias
860272,magni,ipsum,animi,excepturi
734367,accusantium,provident,veritatis,praesentium
575630,unde,esse,voluptatibus,optio
146580,occaecati,incidunt,nisi,tempore
502527,laborum,facere,rerum,totam
911416,eos,quia,laborum,repellendus
631176,saepe,veniam,dolorum,magni
543154,dicta,porro,dolor,porro
387262,voluptas,incidunt,fugit,ad
107601,laudantium,hic,sequi,repudiandae
511094,ipsum,corrupti,id,aliquam
648438,in,rem,quasi,odio
801166,error,provident,dicta,porro
851453,placeat,deserunt,fuga,minima
344355,temporibus,fuga,eos,molestiae
992560,commodi,atque,suscipit,sint
135606,laborum,ipsa,possimus,consequuntur
310183,dicta,accusantium,ab,eaque
689200,at,architecto,illo,deleniti
130141,tempora,nihil,ratione,ducimus
370721,hic,omnis,quod,odio
623349,corrupti,nihil,laboriosam,adipisci
491603,vitae,illum,corporis,officiis
667835,vitae,earum,rem,pariatur
272765,dignissimos,soluta,maiores,suscipit
783822,eligendi,quasi,iste,minus
946852,possimus,rem,architecto,quas
432652,incidunt,officiis,aut,quas
922531,exercitationem,facilis,officia,at
100516,at,voluptatem,illum,necessitatibus
565794,beatae,quod,laudantium,voluptatem
814088,fugit,minima,officia,voluptatem
472385,mollitia,quasi,excepturi,itaque
640197,esse,dolorem,maxime,velit
835708,totam,corrupti,voluptatibus,aliquam
121867,aspernatur,similique,minus,aliquam
234881,voluptatum,fuga,corrupti,maiores
977640,quo,dolorem,iusto,ab
746749,consequuntur,ut,labore,beatae
707780,voluptatem,enim,occaecati,recusandae
114507,maiores,doloremque,dolores,ratione
738808,quis,quisquam,reprehenderit,perferendis
494545,nobis,incidunt,sequi,sapiente
969022,accusantium,quisquam,eum,laboriosam
353248,distinctio,atque,deleniti,itaque
386659,non,voluptas,molestiae,minima
813458,saepe,in,non,aperiam
637927,asperiores,quia,maxime,odio
927728,minima,labore,autem,exercitationem
937410,earum,quis,officia,voluptatibus
414373,doloremque,sapiente,repudiandae,omnis
796588,labore,laborum,numquam,voluptas
600289,repudiandae,consequatur,cumque,minus
440484,neque,magnam,modi,necessitatibus
571305,excepturi,quisquam,ea,facere
696823,sunt,voluptate,dolorem,enim
345284,quo,sint,labore,dolores
854427,reiciendis,est,aut,eaque
466690,asperiores,eius,assumenda,praesentium
847740,architecto,architecto,architecto,saepe
220196,eius,perspiciatis,quasi,minima
304504,hic,sint,tempore,maxime
120143,ab,consequuntur,fuga,laboriosam
194221,exercitationem,a,tempora,aperiam
927746,vitae,officiis,harum,expedita
865329,harum,illum,assumenda,animi
929900,voluptate,beatae,asperiores,velit
500444,delectus,ea,aspernatur,eveniet
622168,saepe,fugiat,repellendus,labore
519037,cupiditate,totam,excepturi,animi
239146,doloremque,omnis,reprehenderit,recusandae
246634,aut,quaerat,iste,quae
896787,maiores,quam,fugiat,fuga
516399,eveniet,porro,mollitia,at
257014,ab,amet,soluta,fugit
370236,similique,aperiam,omnis,voluptate
102053,unde,repudiandae,omnis,omnis
707275,saepe,enim,laboriosam,debitis
743801,eligendi,explicabo,magni,voluptates
475961,suscipit,omnis,minima,distinctio
647104,sit,voluptatibus,corrupti,totam
141940,eaque,possimus,soluta,voluptatibus
769766,non,eveniet,amet,natus
845481,illo,reprehenderit,consequuntur,est
648402,odit,vero,minima,debitis
496351,itaque,vitae,odit,optio
797395,quaerat,sequi,perspiciatis,odit
623844,harum,esse,quae,aliquid
969643,deserunt,cumque,vero,nesciunt
539305,tenetur,nulla,hic,quisquam
998589,porro,perferendis,animi,voluptatum
132050,temporibus,sit,asperiores,nesciunt
352351,animi,sit,voluptate,tempora
289825,delectus,alias,vitae,praesentium
142426,ipsum,iusto,repellat,unde
239707,in,molestias,officiis,numquam
121447,magni,nam,explicabo,numquam
953016,similique,molestiae,inventore,harum
966041,facere,nisi,labore,magnam
763745,incidunt,minus,dignissimos,architecto
780156,quis,error,commodi,ut
447379,quia,similique,delectus,quisquam
433237,recusandae,quidem,modi,quisquam
549406,labore,quidem,temporibus,commodi
359057,atque,animi,aspernatur,architecto
204825,consectetur,architecto,atque,vitae
263808,omnis,reprehenderit,voluptatum,harum
773210,dolores,ipsam,dignissimos,vero
918327,unde,dolores,incidunt,minima
659790,magnam,quam,quis,qui
923435,facilis,quisquam,dolor,impedit
728269,consectetur,ipsam,iure,quod
623175,error,neque,aliquam,deleniti
539475,nesciunt,vero,adipisci,iusto
692502,officia,cumque,corrupti,dolorum
652373,deleniti,omnis,consequuntur,dolores
576437,eveniet,officiis,odit,eaque
278058,reprehenderit,cumque,earum,quas
838581,iusto,nemo,pariatur,temporibus
796737,adipisci,iure,culpa,corrupti
418298,maiores,fugiat,consectetur,quaerat
451921,voluptates,minima,impedit,perferendis
707306,ipsum,possimus,dignissimos,quos
942828,officiis,nulla,rem,eveniet
753110,dignissimos,dolores,possimus,accusamus
159226,fugit,excepturi,eum,exercitationem
827588,consequatur,veritatis,quasi,animi
568108,occaecati,molestiae,sed,voluptatibus
418102,labore,voluptatem,accusantium,impedit
245829,expedita,soluta,expedita,ad
584981,eius,enim,voluptatum,non
836507,corporis,nihil,corrupti,eos
308643,recusandae,illo,eveniet,adipisci
393848,quaerat,occaecati,reiciendis,sed
972824,odio,blanditiis,consectetur,perspiciatis
730370,impedit,fugit,odio,consequatur
287133,totam,saepe,assumenda,fuga
427166,a,nisi,quod,esse
108448,amet,porro,temporibus,optio
749557,molestias,rerum,ratione,praesentium
961192,optio,architecto,quis,nisi
616336,porro,ducimus,nesciunt,sapiente
886509,quam,dolor,tempore,harum
239526,similique,iusto,consequatur,provident
485393,earum,a,similique,ut
746764,voluptate,accusantium,earum,ullam
368280,maxime,iusto,quae,expedita
836321,eos,totam,sint,modi
220572,quis,iusto,nemo,quidem
613548,nisi,iusto,tempore,odit
285086,aut,quo,qui,fugit
401014,cum,veritatis,a,veritatis
555770,aperiam,saepe,dolores,deleniti
189251,ipsa,eum,error,quod
224325,quidem,porro,nihil,quae
614639,reiciendis,blanditiis,beatae,voluptatem
889546,odio,at,incidunt,ut
598566,quidem,fugit,rem,nemo
748688,porro,eligendi,doloremque,quaerat
928947,dolore,fugit,distinctio,ipsum
551355,fuga,eaque,deleniti,nemo
887554,eaque,porro,praesentium,error
703460,nesciunt,harum,distinctio,ducimus
629102,eaque,nesciunt,quod,minus
484475,illo,voluptatibus,in,unde
318480,officia,dolorum,dolore,doloribus
393115,dolore,magni,enim,quae
755617,nobis,eos,esse,ipsa
175063,occaecati,culpa,possimus,vero
669406,doloribus,possimus,sequi,ex
410779,qui,nesciunt,itaque,consequuntur
742491,vitae,enim,possimus,occaecati
352339,sapiente,eum,asperiores,quam
930240,a,ipsam,culpa,excepturi
902294,optio,praesentium,voluptatibus,molestias
810845,ex,exercitationem,voluptate,exercitationem
281586,eaque,tempora,enim,mollitia
780029,explicabo,facere,ipsam,eveniet
237616,beatae,quas,velit,dignissimos
500227,rerum,nobis,provident,amet
801159,earum,repellendus,culpa,quia
559710,fuga,optio,officia,praesentium
659073,expedita,vero,dolorem,in
835140,occaecati,ad,accusantium,repudiandae
281606,amet,eius,nemo,neque
534088,veniam,fugiat,vero,optio
107476,totam,praesentium,quod,molestias
239564,ea,adipisci,hic,corrupti
191958,nisi,sequi,ipsa,assumenda
573431,magni,quod,dicta,voluptate
343090,minima,asperiores,delectus,eos
388915,ex,voluptatum,eum,similique
618242,eaque,molestiae,porro,cum
116142,unde,dolore,sint,cum
610186,deleniti,officiis,deserunt,ab
177175,voluptatem,libero,atque,tempore
641361,ullam,quia,quis,consectetur
745512,et,neque,omnis,eligendi
245497,corrupti,explicabo,repellendus,saepe
323581,suscipit,eaque,minima,consectetur
917169,ducimus,a,minus,laboriosam
135952,recusandae,eveniet,iusto,quasi
974912,quas,nam,consequatur,eius
480829,doloremque,incidunt,delectus,quidem
456784,accusamus,possimus,consectetur,sunt
635335,explicabo,at,aut,tempore
554305,dolores,earum,alias,cum
813619,doloremque,deserunt,explicabo,quae
472659,dolorem,distinctio,fuga,fugiat
649187,maxime,ullam,consequuntur,voluptatem
147867,eius,odit,nostrum,id
545149,nihil,voluptas,sit,saepe
709296,quasi,nulla,esse,tempora
892340,illum,at,nihil,esse
947996,laborum,ex,fugiat,quod
279994,quibusdam,veniam,incidunt,molestiae
204972,odit,harum,nisi,odio
251032,quas,in,expedita,molestiae
164620,numquam,at,quo,totam
308631,veniam,nostrum,sequi,tempore
347355,alias,animi,tenetur,corporis
984052,ad,illo,voluptatem,enim
135981,rerum,fugiat,distinctio,dignissimos
512766,quas,exercitationem,ut,odio
153468,hic,dolorem,nihil,aspernatur
537878,corrupti,ex,dignissimos,exercitationem
617479,odio,veritatis,unde,explicabo
612743,quos,ea,praesentium,facere
122441,nam,provident,numquam,consectetur
497961,eius,amet,quis,vel
940266,exercitationem,dicta,vitae,adipisci
220026,mollitia,maiores,ratione,dignissimos
864720,quidem,eos,expedita,culpa
382575,harum,iste,neque,autem
907082,delectus,cumque,consectetur,ipsum
452764,placeat,incidunt,deserunt,laborum
182262,harum,quod,beatae,enim
399884,perspiciatis,architecto,qui,totam
919367,ratione,dolor,facilis,aperiam
693980,eligendi,sit,dolores,error
266558,voluptate,officia,voluptates,fuga
774591,ea,voluptatibus,maiores,repudiandae
914002,laboriosam,eligendi,recusandae,doloremque
654663,ducimus,laborum,consectetur,a
138335,aspernatur,exercitationem,atque,cumque
546591,voluptatem,deleniti,reprehenderit,tenetur
349741,ex,molestias,similique,non
433350,animi,nisi,rem,inventore
621790,expedita,est,eveniet,vero
674754,modi,quam,molestias,harum
576388,voluptatum,minus,perferendis,corrupti
422255,labore,magni,doloremque,quam
881631,reiciendis,nisi,modi,corporis
658786,tempora,tempore,ipsum,ex
284265,hic,quos,corrupti,aperiam
968412,sequi,vero,commodi,nam
109135,est,facilis,quis,rem
893488,excepturi,distinctio,amet,ullam
609085,iste,delectus,quod,aspernatur
346265,similique,deserunt,id,praesentium
461216,aut,in,magni,ratione
105161,quae,delectus,sint,aspernatur
788153,velit,deleniti,officiis,aliquam
863600,quae,earum,perspiciatis,fugiat
199267,provident,eos,tenetur,ratione
627847,tempore,unde,corrupti,atque
754592,sunt,fugiat,sequi,delectus
440770,culpa,occaecati,ab,rem
149088,laboriosam,ducimus,laborum,deserunt
924545,qui,aspernatur,asperiores,praesentium
939762,minus,asperiores,suscipit,aperiam
758551,tenetur,commodi,neque,provident
651081,minima,voluptas,eum,tenetur
861385,error,libero,nobis,necessitatibus
139310,quod,tenetur,provident,atque
679057,dignissimos,at,repudiandae,magni
732261,voluptatem,nesciunt,laudantium,mollitia
949733,aliquam,deserunt,iure,explicabo
726791,repudiandae,adipisci,esse,porro
549038,modi,porro,eius,assumenda
190480,voluptates,ipsa,velit,quisquam
879497,sunt,doloremque,sit,sit
600279,aliquam,voluptates,esse,nulla
835999,modi,eveniet,modi,quaerat
353160,error,blanditiis,quasi,quisquam
120982,consequuntur,corrupti,itaque,ad
241975,quibusdam,beatae,vel,corrupti
992640,assumenda,sunt,quisquam,fugit
177580,tempore,nulla,fugiat,saepe
995361,aut,quo,laboriosam,vero
495488,unde,ipsum,velit,esse
705343,mollitia,ullam,ipsam,sit
309916,deleniti,maiores,repellendus,voluptate
271314,doloremque,nemo,dolore,rem
516085,eos,eum,natus,similique
355941,quod,ratione,laborum,reprehenderit
607473,reiciendis,porro,voluptatibus,iure
143333,occaecati,numquam,ipsam,laudantium
307410,assumenda,aliquid,similique,tenetur
223905,eos,minus,cum,doloribus
763745,distinctio,aut,vitae,optio
538638,iste,magnam,culpa,aut
796828,libero,deserunt,voluptatum,occaecati
783430,ea,recusandae,quas,facere
305802,repellendus,nulla,ea,soluta
521805,recusandae,molestias,autem,sunt
261812,numquam,est,ab,ut
659701,aliquid,ipsam,non,beatae
485924,sapiente,deleniti,animi,cupiditate
527751,culpa,ea,repellendus,repellat
860956,cumque,architecto,exercitationem,nulla
375449,dolor,sapiente,odio,quasi
785915,eius,unde,repellat,praesentium
457763,nostrum,cum,id,accusamus
609786,odio,minima,non,nulla
744144,dolorem,voluptates,pariatur,nesciunt
986391,assumenda,dignissimos,placeat,aliquid
112648,eveniet,veniam,quidem,soluta
126688,porro,nam,doloremque,modi
526081,accusantium,architecto,vero,unde
