cust_id,highest_qual,religion,caste_category,is_ews_flag
7334,dignissimos,amet,voluptates,quasi
1214,nihil,impedit,pariatur,nobis
1642,ut,incidunt,omnis,iure
1392,repudiandae,iusto,aut,blanditiis
6086,voluptatem,nulla,accusantium,odit
4635,reiciendis,nesciunt,aut,quibusdam
1487,ducimus,totam,accusantium,illo
2874,id,vel,blanditiis,pariatur
5599,explicabo,ipsa,eum,corrupti
8977,incidunt,natus,veritatis,accusantium
5919,magnam,soluta,consectetur,eius
9676,repellendus,inventore,deleniti,tempora
1363,iusto,qui,enim,quia
6388,inventore,nulla,voluptatem,consequuntur
1350,facere,omnis,perferendis,numquam
4749,iste,fugit,magnam,architecto
5415,hic,pariatur,ullam,repellendus
2185,eveniet,voluptatum,suscipit,rerum
6033,recusandae,illum,dolorem,illo
5179,minus,nostrum,possimus,facilis
6341,deserunt,vel,repudiandae,voluptatem
5079,molestias,doloribus,magni,dolor
1910,dolor,deserunt,nisi,nulla
7005,nulla,sint,nostrum,nesciunt
5626,temporibus,quae,sed,dignissimos
8371,esse,eveniet,expedita,temporibus
2822,impedit,rem,labore,magnam
4446,dolorum,fugit,veritatis,cum
3845,dolores,atque,nesciunt,deserunt
9339,blanditiis,aspernatur,minima,maiores
9276,totam,dolorem,iure,doloribus
2686,ipsa,molestias,tempore,ut
8403,cupiditate,aut,mollitia,neque
6416,odit,ducimus,pariatur,perferendis
6801,quaerat,qui,eum,esse
8219,a,eaque,impedit,aut
1284,dolor,accusantium,id,corporis
2460,unde,magni,iste,non
4589,saepe,perferendis,autem,quam
1638,omnis,ad,est,sapiente
5190,fugiat,adipisci,doloribus,assumenda
7024,optio,corporis,ipsam,placeat
9923,sit,quibusdam,accusantium,molestias
8338,sapiente,sapiente,culpa,quas
1733,quas,ea,ab,blanditiis
9900,distinctio,necessitatibus,velit,molestias
6724,neque,nihil,amet,sunt
3410,accusamus,ex,saepe,alias
3989,tempore,ab,est,placeat
1915,maiores,neque,iusto,odio
4960,illum,rem,ea,eos
6811,exercitationem,blanditiis,quod,aperiam
3730,laboriosam,blanditiis,velit,odio
2385,magnam,vitae,non,odio
5220,esse,fugiat,quo,saepe
1260,maiores,illum,non,hic
8879,dignissimos,ex,odio,sapiente
5808,quaerat,sunt,similique,assumenda
6664,rerum,officia,odio,rerum
4419,inventore,voluptatum,id,ullam
5597,tempore,ratione,voluptates,tempore
8670,repudiandae,maiores,in,possimus
4928,corrupti,qui,dolores,commodi
8145,voluptatem,ut,cum,ea
2481,quae,veritatis,quas,hic
1053,ipsa,excepturi,deleniti,maiores
8792,quaerat,tempore,ipsum,laudantium
7296,velit,molestiae,exercitationem,facere
9269,voluptate,adipisci,illo,id
3748,harum,laudantium,nisi,nemo
4608,accusamus,ipsa,necessitatibus,earum
6975,doloremque,eius,nemo,ab
5763,ut,officiis,molestiae,nemo
9510,architecto,perspiciatis,rem,magni
6372,amet,voluptatibus,laudantium,voluptatem
9962,nobis,voluptate,illum,consequuntur
8223,atque,aspernatur,aspernatur,ab
9715,natus,culpa,facilis,repellendus
2513,tenetur,illum,aspernatur,enim
6291,consequatur,dolores,maxime,reiciendis
4645,cupiditate,voluptates,animi,distinctio
7899,accusamus,minima,voluptatem,ullam
3784,accusantium,maxime,sit,fugit
6482,numquam,sapiente,cum,debitis
4999,illum,corporis,suscipit,rerum
3332,reprehenderit,eum,sequi,consequuntur
8608,totam,dolorum,praesentium,a
3993,possimus,maxime,distinctio,iure
7563,neque,ut,a,labore
7342,molestiae,cumque,eveniet,quae
7157,veniam,illo,quae,perspiciatis
7903,nulla,corporis,enim,quae
1119,asperiores,explicabo,aliquid,vitae
4217,quas,deserunt,ipsam,esse
7209,minima,ipsa,dolor,placeat
9098,laboriosam,eos,esse,soluta
4017,perferendis,deleniti,esse,quam
1429,dicta,sed,autem,possimus
4459,reiciendis,a,ipsum,voluptate
8015,velit,delectus,sunt,consequuntur
3324,vero,voluptate,atque,voluptatem
2520,aut,soluta,eaque,quo
5776,nam,doloremque,reiciendis,beatae
2267,delectus,cupiditate,veritatis,rerum
5336,vel,est,dolorem,reiciendis
7510,autem,illum,laborum,facilis
4606,iusto,blanditiis,assumenda,expedita
2658,iusto,libero,veniam,voluptate
3990,voluptatibus,iste,saepe,quos
4757,tempora,fugiat,molestiae,dicta
2337,ipsa,tempora,cumque,quod
8227,suscipit,error,maiores,voluptas
2806,magni,officiis,quidem,sunt
2702,quaerat,excepturi,enim,cum
4104,eveniet,modi,unde,rerum
6765,in,sequi,blanditiis,earum
2981,saepe,ratione,eius,praesentium
4084,perspiciatis,labore,beatae,placeat
3613,cupiditate,possimus,nesciunt,cum
2247,sunt,quibusdam,fuga,tenetur
8321,tenetur,delectus,saepe,repellendus
3614,neque,similique,aliquam,ducimus
9050,dignissimos,voluptates,sed,ipsam
2413,nobis,harum,consequuntur,dignissimos
5334,numquam,beatae,magnam,quo
1051,labore,illum,aliquid,rem
6493,magni,qui,magni,placeat
7187,aliquam,possimus,reiciendis,vitae
5036,optio,delectus,nostrum,asperiores
8195,vel,perspiciatis,facilis,laborum
3185,ipsa,asperiores,quod,alias
3165,consequuntur,aut,velit,aperiam
3916,voluptatum,rerum,magnam,sequi
2920,tempora,error,dolores,distinctio
7939,delectus,eaque,enim,enim
3166,ullam,ipsam,dicta,doloribus
7483,quae,id,totam,qui
8562,excepturi,provident,itaque,sed
6651,vitae,eligendi,dolorem,occaecati
5515,ex,eos,tenetur,sequi
1370,repudiandae,rerum,numquam,temporibus
8868,alias,perferendis,alias,pariatur
7951,perferendis,dolorem,voluptatibus,fugiat
3928,neque,adipisci,laboriosam,placeat
4707,quis,porro,explicabo,id
6748,ut,expedita,illo,architecto
3908,nobis,ratione,animi,esse
7706,perferendis,vel,sapiente,alias
8779,aperiam,voluptates,similique,aut
2761,perspiciatis,qui,minus,optio
8176,labore,quisquam,praesentium,dolorem
2974,provident,aliquam,nostrum,tempora
3514,possimus,sequi,odio,doloremque
9486,reiciendis,voluptatibus,repudiandae,similique
3417,ratione,architecto,adipisci,officiis
3747,sint,adipisci,dolorum,porro
2735,blanditiis,recusandae,nostrum,repellendus
6794,voluptatem,dolores,harum,tempore
1139,aspernatur,cum,quibusdam,laboriosam
1986,veniam,quis,unde,quam
3071,ducimus,vitae,quisquam,ipsam
4708,blanditiis,excepturi,occaecati,perferendis
7990,neque,velit,blanditiis,deserunt
2613,iure,doloribus,eius,dolorum
7703,reprehenderit,esse,libero,maxime
1329,autem,earum,expedita,incidunt
2503,tenetur,officia,mollitia,quae
7684,laboriosam,ipsam,eligendi,aperiam
4233,maiores,accusamus,eaque,asperiores
1814,autem,perferendis,dolore,facere
8197,aperiam,vel,maiores,repellat
5696,modi,eos,ea,fugiat
1776,magnam,porro,voluptate,asperiores
8291,laborum,omnis,quibusdam,itaque
7043,sapiente,laudantium,dolorum,modi
2679,aliquam,iure,enim,velit
6030,architecto,id,dolores,ex
9235,distinctio,omnis,unde,perspiciatis
7567,veniam,autem,cumque,ipsa
8190,voluptatem,praesentium,aliquid,ut
2325,perspiciatis,vitae,explicabo,neque
8667,quas,fugiat,similique,ad
7187,repellendus,accusantium,repudiandae,quia
4878,consectetur,error,repellat,modi
6173,facere,esse,consequuntur,vero
5870,nemo,sequi,distinctio,at
8730,magni,aliquid,error,non
7023,ducimus,adipisci,sed,reiciendis
1833,a,reiciendis,consectetur,mollitia
3947,fuga,ea,aperiam,dolores
2630,itaque,voluptas,error,occaecati
4955,dolorem,illo,suscipit,aliquam
4811,amet,nulla,quia,eligendi
7060,modi,minus,fuga,accusamus
8863,eius,vitae,cum,ut
3793,ratione,nam,molestias,nam
3011,totam,eaque,modi,esse
9176,laborum,natus,similique,sed
9893,odio,assumenda,quia,dolorum
9984,qui,eum,nemo,delectus
1243,impedit,praesentium,eligendi,facilis
7518,perferendis,quibusdam,eos,sunt
5629,quo,ut,rerum,quam
2989,dolore,quos,a,rerum
5372,veritatis,impedit,deleniti,at
9467,exercitationem,soluta,velit,similique
5616,veritatis,doloremque,id,non
7421,fugiat,voluptates,eaque,cum
1246,recusandae,ducimus,ipsa,doloremque
6008,enim,esse,error,autem
5481,alias,veritatis,quos,est
4103,voluptates,quaerat,sint,quibusdam
9480,tempore,aliquam,vero,vitae
3999,natus,iure,consequatur,minus
6028,debitis,dignissimos,nobis,similique
7517,cum,temporibus,pariatur,inventore
4038,perferendis,nisi,laborum,optio
2228,et,vitae,ad,dolorem
5930,cum,odio,earum,doloremque
9834,ea,in,a,ducimus
8088,iusto,veniam,modi,facere
4278,distinctio,consequatur,minus,consequuntur
3637,dolore,mollitia,quos,sunt
6996,necessitatibus,consectetur,quaerat,dolore
2604,rerum,impedit,in,modi
5322,temporibus,consequatur,delectus,rerum
8377,enim,necessitatibus,repudiandae,quo
3181,atque,error,corrupti,accusantium
9457,ut,minus,quae,unde
4367,cupiditate,nesciunt,suscipit,suscipit
5209,expedita,ullam,quia,quisquam
9476,quo,exercitationem,dolores,nesciunt
5599,sequi,quod,porro,beatae
9750,enim,accusantium,reiciendis,possimus
9313,magni,quos,eveniet,aliquam
7563,nisi,eos,modi,nulla
8609,enim,porro,consectetur,eius
2358,ut,consequatur,omnis,perferendis
4475,vitae,doloremque,voluptatibus,perferendis
8537,labore,iure,voluptas,culpa
7496,voluptates,eos,quidem,atque
9624,deleniti,aspernatur,soluta,doloribus
7332,sit,distinctio,earum,rerum
3496,aperiam,rem,quae,dolorum
7768,exercitationem,unde,quas,vitae
2488,cumque,facere,in,nisi
8838,cupiditate,nisi,numquam,ipsam
8648,provident,quaerat,dicta,hic
1599,itaque,nulla,totam,sit
3469,fugiat,hic,voluptatum,voluptatibus
5107,impedit,sunt,non,voluptate
7394,quas,sint,necessitatibus,ea
9750,quam,optio,reiciendis,fuga
2697,accusantium,alias,ipsum,quidem
4487,voluptas,quibusdam,facilis,natus
8213,nihil,voluptatem,eos,beatae
7703,excepturi,odio,non,enim
2559,optio,id,dolorum,hic
2051,quia,quas,dicta,quasi
4968,impedit,labore,perspiciatis,earum
1474,quaerat,soluta,aut,facere
9896,quaerat,adipisci,quia,ullam
3182,ea,perspiciatis,excepturi,ratione
6923,quod,officiis,atque,tenetur
4411,fugiat,minima,natus,accusamus
7993,voluptatibus,necessitatibus,omnis,odit
7933,dolores,porro,rem,eaque
6314,totam,ipsam,unde,non
9262,expedita,eius,cupiditate,illo
3014,illo,quas,autem,sit
7679,consectetur,laborum,sequi,eveniet
1425,similique,explicabo,sunt,laboriosam
9797,culpa,quas,fuga,quisquam
3591,impedit,ad,illum,qui
1901,quibusdam,ipsum,autem,quam
4895,aspernatur,perspiciatis,cumque,dicta
8540,officiis,earum,repudiandae,earum
7160,dolores,culpa,nisi,eaque
5589,aliquam,saepe,saepe,recusandae
6547,eveniet,ipsum,ex,consequuntur
9909,alias,minima,debitis,minima
9590,mollitia,animi,reiciendis,deleniti
7104,blanditiis,sit,ratione,occaecati
1193,minima,veritatis,incidunt,quas
8400,molestiae,quos,distinctio,ratione
2151,perspiciatis,praesentium,a,at
8827,hic,in,autem,blanditiis
1640,maiores,id,voluptatibus,maiores
7978,ducimus,deserunt,in,porro
7200,hic,ex,minus,voluptatum
2475,iste,tempora,praesentium,quidem
2404,veritatis,quia,autem,suscipit
6359,fuga,sint,itaque,delectus
9860,repudiandae,fugit,explicabo,provident
9592,exercitationem,quod,quod,sed
4268,modi,perspiciatis,fugit,quidem
7575,officia,laboriosam,tenetur,eius
7287,fuga,ut,dignissimos,dolorem
8780,error,corporis,repellendus,doloremque
1144,voluptate,blanditiis,inventore,mollitia
1845,perferendis,quo,facilis,esse
3597,at,delectus,ipsum,culpa
1771,error,accusamus,dicta,distinctio
7413,minima,temporibus,cumque,odio
6876,consequatur,veniam,perspiciatis,expedita
2585,amet,in,sunt,amet
6034,reprehenderit,reprehenderit,molestiae,laborum
6617,natus,quas,minus,quasi
1797,occaecati,quam,sint,qui
2462,id,deserunt,aperiam,facilis
6102,unde,ad,quae,repudiandae
1659,recusandae,exercitationem,molestias,omnis
2216,ipsam,tenetur,fuga,officiis
4873,assumenda,consectetur,dignissimos,amet
5111,eum,quibusdam,error,sit
1611,praesentium,impedit,molestias,expedita
8012,quae,recusandae,harum,quidem
3558,officiis,harum,aliquid,libero
6033,provident,atque,necessitatibus,repudiandae
5127,sapiente,doloremque,distinctio,odit
1735,ipsum,minus,distinctio,assumenda
3451,cum,dolorem,quia,labore
8887,porro,cumque,dolores,impedit
5691,nemo,aperiam,aut,non
4603,aliquam,possimus,at,corporis
3898,quas,velit,illum,debitis
3806,et,aspernatur,quisquam,sapiente
3699,quod,repellat,suscipit,nostrum
5228,placeat,facilis,quasi,id
2203,inventore,molestiae,consectetur,dicta
2291,iure,aut,voluptas,numquam
8001,repellat,minus,assumenda,asperiores
6512,nobis,qui,laboriosam,dignissimos
2130,similique,officia,tempore,cum
4072,quidem,tempora,possimus,eligendi
3068,corrupti,nemo,inventore,iure
3528,autem,atque,omnis,accusantium
7670,illum,mollitia,odit,facere
7807,sapiente,nobis,architecto,optio
8812,nihil,amet,eligendi,quaerat
6925,magnam,unde,commodi,illo
5219,ab,occaecati,eligendi,laborum
5270,quis,accusantium,non,exercitationem
2730,ducimus,sequi,eum,mollitia
2947,quisquam,vitae,repudiandae,temporibus
3376,libero,est,natus,neque
1092,quaerat,voluptatum,beatae,voluptate
1963,delectus,perspiciatis,eligendi,doloremque
8194,odit,iure,velit,officiis
6793,ipsam,natus,quas,rem
1064,fugit,officia,dolorum,necessitatibus
2878,ea,excepturi,consequatur,porro
5473,labore,aperiam,earum,sed
8649,iste,tempora,esse,tempore
2207,ullam,doloremque,commodi,ullam
6700,culpa,qui,incidunt,beatae
9429,odit,sequi,ipsam,aperiam
4520,officiis,hic,magni,vitae
2461,sunt,nihil,sequi,impedit
3881,culpa,suscipit,veniam,quibusdam
7851,nisi,enim,sapiente,architecto
5458,repellat,temporibus,perferendis,molestiae
3596,rerum,nostrum,quas,reiciendis
7832,illo,repudiandae,consectetur,nobis
1839,dolorem,est,doloremque,praesentium
1811,consequatur,inventore,quis,culpa
4868,enim,recusandae,eum,ad
5686,molestiae,explicabo,consequatur,amet
2085,perspiciatis,perspiciatis,assumenda,vero
8905,alias,eos,doloribus,soluta
3121,ducimus,error,ipsum,in
7436,quas,quis,dolorem,exercitationem
7161,eius,possimus,at,itaque
3098,pariatur,quia,ex,error
8634,velit,tempore,amet,et
6701,laboriosam,consectetur,eligendi,reprehenderit
2748,reiciendis,expedita,repellendus,expedita
8663,veritatis,officia,sed,nisi
2522,consequuntur,perferendis,explicabo,hic
5657,ut,accusamus,velit,veniam
7169,minima,asperiores,nisi,repellendus
5888,excepturi,dolorem,libero,animi
3716,placeat,et,cumque,dignissimos
7751,dolore,modi,pariatur,dolor
3578,praesentium,minus,minima,doloremque
7207,neque,iste,temporibus,nesciunt
2734,vero,voluptate,qui,non
7005,assumenda,aliquam,labore,voluptas
6044,natus,officia,officiis,quas
2237,voluptatum,illo,consectetur,laboriosam
5532,praesentium,delectus,unde,nulla
7669,repudiandae,incidunt,consequuntur,maxime
2013,praesentium,fugit,eaque,eaque
7948,nesciunt,expedita,quae,quidem
9518,rem,harum,fugiat,minima
1548,unde,impedit,labore,totam
6547,facere,corporis,quae,numquam
7285,eum,recusandae,tenetur,eligendi
6593,commodi,incidunt,sint,inventore
9658,veniam,facere,cumque,maxime
9246,laborum,commodi,nostrum,magni
1704,quam,magni,ut,aliquam
5870,saepe,adipisci,quae,incidunt
1962,cupiditate,odit,alias,dicta
2752,recusandae,ipsum,iusto,iure
1964,tempora,illo,possimus,ea
8820,temporibus,aliquam,voluptatibus,atque
7086,vero,est,harum,provident
6142,facere,autem,itaque,veritatis
8892,fugiat,quo,facilis,vero
6641,molestiae,ipsum,beatae,et
1799,repellendus,nulla,adipisci,blanditiis
2682,in,dolore,quibusdam,quasi
6806,consectetur,id,adipisci,mollitia
8429,consequatur,excepturi,libero,aut
6259,similique,deleniti,sapiente,in
6299,aperiam,quis,maiores,autem
1864,fuga,aliquid,earum,itaque
2649,voluptatibus,eos,possimus,dicta
6619,eaque,sapiente,vero,deleniti
8716,eligendi,quia,aut,doloribus
5373,voluptates,distinctio,qui,esse
4636,eligendi,occaecati,reprehenderit,vel
6668,enim,id,nihil,reprehenderit
6272,optio,nulla,tenetur,quae
3788,explicabo,inventore,magni,doloribus
9982,nesciunt,doloremque,repudiandae,aut
1475,temporibus,dolor,odit,illo
3139,labore,voluptas,rem,unde
9046,eaque,modi,eius,laudantium
8310,molestias,neque,ipsa,molestias
1244,quod,dolor,perferendis,ducimus
7478,eum,nostrum,totam,temporibus
1461,cupiditate,illum,nulla,distinctio
8015,facere,quisquam,adipisci,occaecati
1344,maxime,molestias,delectus,unde
2138,iste,ab,rerum,voluptatum
5343,laudantium,eligendi,occaecati,dolorum
5581,labore,reprehenderit,velit,expedita
3735,ex,pariatur,laborum,odit
8218,veniam,excepturi,ducimus,ullam
2844,natus,distinctio,iusto,officiis
1421,amet,nam,consequatur,aliquid
2420,deleniti,a,debitis,suscipit
4027,saepe,laborum,ipsa,facilis
2861,a,consectetur,modi,explicabo
5274,iure,consectetur,sunt,tenetur
4140,doloribus,molestias,commodi,at
7932,asperiores,natus,fugit,itaque
1046,modi,dolore,porro,et
4269,quod,quisquam,fugiat,inventore
1519,omnis,corporis,quos,cumque
6335,ea,ab,suscipit,expedita
7778,laudantium,beatae,dicta,nam
8691,culpa,occaecati,provident,maiores
2568,deleniti,officiis,voluptatem,quaerat
8679,rerum,optio,quidem,beatae
7503,repudiandae,inventore,dolores,id
1336,occaecati,error,quaerat,reiciendis
8265,eum,doloremque,harum,repellat
5547,ipsam,beatae,cum,rerum
3332,libero,dolorem,veritatis,eligendi
4415,saepe,unde,temporibus,natus
1688,eius,velit,unde,natus
1843,exercitationem,rerum,labore,a
3257,rerum,quam,consequuntur,at
7958,odio,odit,facere,laborum
2932,nostrum,temporibus,suscipit,deserunt
9130,quibusdam,error,aspernatur,minus
6578,soluta,totam,possimus,delectus
6017,suscipit,reiciendis,cumque,nihil
9083,fugit,quis,necessitatibus,dolor
2010,natus,et,pariatur,provident
3800,vitae,enim,nesciunt,blanditiis
3224,fugiat,assumenda,ex,similique
6192,excepturi,quia,ex,aliquam
9185,dicta,ex,officiis,perferendis
3893,repellendus,accusamus,harum,sunt
7922,doloremque,non,fugit,maxime
6344,perferendis,iste,facere,eos
4233,dolor,mollitia,dolorem,commodi
4131,aliquid,pariatur,debitis,vel
2898,porro,beatae,commodi,accusantium
8469,quisquam,sunt,repudiandae,nobis
9424,ratione,aliquid,cumque,magni
3416,sed,deserunt,non,adipisci
7638,repellat,amet,quisquam,inventore
8309,minima,neque,et,debitis
2574,dicta,ex,repellendus,dolor
8379,facere,repudiandae,sint,atque
4206,non,quasi,perspiciatis,facere
7158,voluptas,quae,tempora,officiis
2196,repellat,autem,reprehenderit,explicabo
2719,velit,velit,blanditiis,impedit
1269,nostrum,nulla,sit,expedita
1596,officiis,dolorem,a,sequi
5122,quas,numquam,libero,dignissimos
6656,nihil,blanditiis,nemo,quo
7058,dolorem,tempore,illum,nobis
6207,quae,repudiandae,provident,perspiciatis
9317,culpa,animi,saepe,neque
1284,esse,similique,in,tempore
4943,autem,eveniet,nihil,dignissimos
2055,nihil,molestiae,commodi,facilis
2626,amet,optio,quibusdam,id
1898,ullam,sint,veniam,ad
1183,debitis,aut,itaque,est
6096,similique,culpa,possimus,expedita
8385,excepturi,accusantium,similique,numquam
7730,tempore,maiores,nihil,distinctio
5950,tenetur,eaque,voluptas,doloribus
3632,minima,consectetur,dolores,modi
9449,suscipit,adipisci,enim,vitae
3443,quam,velit,id,officia
5797,consequuntur,ipsam,ullam,facilis
9355,quisquam,omnis,assumenda,eaque
5930,veritatis,numquam,praesentium,amet
2556,ipsa,veritatis,adipisci,voluptas
9332,sed,amet,asperiores,quos
7465,numquam,laborum,quam,molestiae
3742,error,nisi,dolor,ab
1216,ipsum,aut,cumque,ea
5205,quidem,voluptas,ut,voluptates
9527,molestias,qui,error,at
7285,aliquid,odio,sint,doloremque
8036,numquam,libero,perferendis,quasi
1922,et,est,ipsa,adipisci
7213,totam,vitae,voluptatem,assumenda
1066,aperiam,odit,adipisci,voluptates
8102,voluptatem,minima,qui,voluptatum
1099,praesentium,adipisci,quae,sunt
5936,voluptatem,accusantium,sequi,voluptates
7945,dolores,totam,natus,modi
2322,at,enim,dolore,consequuntur
9318,temporibus,laboriosam,excepturi,velit
2946,alias,quibusdam,consequuntur,ipsum
6780,illum,similique,mollitia,odio
2173,autem,odit,error,veniam
1188,magni,sequi,ipsam,dolorem
7361,ipsa,ullam,harum,excepturi
1395,officiis,fugit,adipisci,unde
4306,illo,aut,nihil,eligendi
5482,consequatur,vitae,minus,vero
2612,rem,consequuntur,ducimus,beatae
1058,amet,adipisci,hic,dolore
2826,esse,quod,quam,ad
4137,aliquam,nostrum,minima,facere
2822,ab,architecto,corrupti,occaecati
6898,sapiente,iure,vitae,voluptas
9960,delectus,velit,eligendi,officia
6342,quam,iusto,maxime,nobis
9998,minus,voluptas,dolorem,earum
7552,cum,vero,mollitia,eligendi
7041,dolor,non,animi,dicta
6547,incidunt,fugit,molestiae,nam
6532,numquam,quo,exercitationem,laboriosam
4127,quasi,error,in,unde
2955,incidunt,velit,quaerat,sequi
9179,porro,odio,eos,labore
2278,magnam,quos,repudiandae,similique
6556,ratione,assumenda,commodi,omnis
4830,tempora,cumque,animi,velit
3210,sit,minima,eveniet,aliquam
3716,vitae,nulla,cumque,asperiores
5568,maiores,nam,voluptatem,doloremque
3507,molestias,maiores,aliquid,adipisci
8760,nulla,voluptate,pariatur,sunt
7863,tenetur,voluptates,cupiditate,illo
2226,dolor,et,illum,libero
8704,et,nulla,eius,repellendus
8280,nulla,assumenda,vitae,occaecati
4047,soluta,neque,hic,tempora
6503,qui,nemo,quae,iste
7424,optio,itaque,officiis,voluptates
4087,beatae,nesciunt,ipsum,ipsam
3782,est,veniam,voluptatibus,iusto
3146,blanditiis,mollitia,occaecati,optio
5427,odio,deleniti,occaecati,magnam
3834,deserunt,officia,cumque,quae
2642,delectus,quam,architecto,hic
5192,fuga,occaecati,nam,tempora
2813,ad,blanditiis,culpa,atque
4360,eos,iure,assumenda,nesciunt
4397,fuga,ab,quo,alias
4117,tenetur,ut,veniam,quibusdam
8716,enim,optio,placeat,rem
1259,dignissimos,perspiciatis,quidem,dicta
6171,incidunt,ipsam,similique,tenetur
4319,repellendus,hic,itaque,eius
4038,natus,facilis,fuga,voluptatibus
1455,quae,quaerat,quod,vero
8541,sint,tenetur,eaque,optio
1933,temporibus,veritatis,maiores,eos
1737,quod,voluptatum,corporis,quo
8144,placeat,quis,quo,nostrum
7274,velit,earum,praesentium,tempora
3248,a,deleniti,commodi,ut
3275,rerum,ullam,autem,consectetur
3214,reprehenderit,autem,porro,consequuntur
5403,officiis,dolores,veniam,magni
1616,sunt,suscipit,quam,numquam
6715,iusto,possimus,facilis,voluptatem
6517,a,aspernatur,recusandae,labore
3309,mollitia,est,ipsa,cum
7060,quis,voluptatem,inventore,illum
7810,non,molestias,ipsam,veritatis
3914,expedita,perspiciatis,aliquid,ab
2883,magni,accusamus,cumque,officiis
8689,placeat,consequuntur,dolore,ullam
4847,sed,assumenda,ducimus,quasi
5154,tempore,saepe,repellat,ad
1335,minima,odio,voluptatem,quibusdam
4362,eveniet,sint,iusto,nam
8598,modi,labore,ullam,facilis
8320,perferendis,ipsam,maiores,natus
5760,debitis,nobis,accusantium,consectetur
4367,voluptatibus,recusandae,ad,soluta
2247,architecto,aliquid,dolorem,qui
2739,quas,accusamus,ipsam,maiores
2123,saepe,cumque,exercitationem,tempore
9004,nulla,hic,architecto,doloribus
9337,deleniti,cum,assumenda,molestias
5909,illo,in,aut,ut
5777,explicabo,dicta,nemo,quia
8475,perspiciatis,dolore,mollitia,iusto
8649,consectetur,ab,tenetur,ad
5090,sit,totam,exercitationem,tempora
9312,eveniet,tempore,eius,occaecati
7435,ipsum,corrupti,minus,eius
2608,excepturi,quidem,perspiciatis,odit
1898,quod,cupiditate,reprehenderit,voluptas
2066,consequatur,occaecati,laboriosam,ratione
6038,autem,architecto,quas,consequuntur
3644,magni,doloribus,perferendis,distinctio
1462,soluta,quos,vero,vel
5571,magni,suscipit,voluptatibus,delectus
1764,perferendis,labore,aliquam,nihil
2566,error,placeat,debitis,et
4568,aliquam,aspernatur,occaecati,ipsa
3106,harum,cum,odit,aspernatur
8902,atque,quibusdam,odit,ipsam
3065,error,nihil,id,molestiae
4649,molestias,laudantium,accusantium,ea
9933,eius,excepturi,numquam,sit
9498,ex,dolorum,corporis,explicabo
5089,quo,nostrum,tempore,optio
8830,quae,fugiat,eum,laboriosam
6710,officia,non,ad,quo
6790,eum,nam,exercitationem,alias
4355,nulla,ullam,cupiditate,itaque
2779,ullam,suscipit,nemo,exercitationem
9589,aperiam,delectus,molestiae,eos
8330,rerum,debitis,rerum,explicabo
2385,adipisci,id,delectus,neque
3395,ab,earum,vel,aperiam
2325,ullam,eveniet,praesentium,asperiores
7523,architecto,tenetur,provident,perferendis
8789,neque,minus,aspernatur,quis
3160,fuga,qui,doloremque,porro
4741,doloribus,ea,possimus,velit
8422,magnam,pariatur,quibusdam,sed
1533,assumenda,provident,impedit,velit
2531,eius,quidem,quod,ad
8294,ex,asperiores,molestiae,culpa
8384,amet,dolorum,dolorem,vitae
6803,ipsam,facere,quas,ad
6284,odio,quidem,minus,quam
9840,repudiandae,maiores,hic,rerum
6785,pariatur,pariatur,iusto,provident
3255,neque,quas,sed,iure
5552,nulla,aspernatur,voluptate,aliquid
3753,magnam,necessitatibus,doloribus,asperiores
2596,numquam,voluptas,omnis,placeat
8881,quam,aliquam,earum,ipsam
9935,consectetur,molestiae,quam,provident
1014,porro,enim,itaque,asperiores
9392,quidem,veniam,id,consequuntur
7434,dolore,illo,tempora,quaerat
3229,blanditiis,consequatur,adipisci,eaque
2773,quisquam,ipsa,impedit,a
3639,inventore,expedita,nesciunt,nobis
6969,culpa,pariatur,nemo,neque
9219,dolorum,rerum,quam,at
1163,accusamus,quo,doloremque,quisquam
8839,accusamus,dolore,odit,dolor
3026,culpa,totam,beatae,ratione
4571,suscipit,accusamus,repellat,vel
2829,ullam,officia,at,quod
7759,corporis,qui,corrupti,autem
7520,reiciendis,deleniti,vel,sunt
4460,esse,necessitatibus,eaque,rerum
4507,perferendis,harum,impedit,similique
3818,tenetur,provident,aspernatur,autem
6220,repellendus,similique,vitae,labore
1921,eos,qui,esse,dolor
6685,molestias,non,labore,nulla
5559,est,unde,suscipit,recusandae
2223,inventore,quae,voluptates,ipsam
5818,libero,repellendus,vero,neque
9938,nisi,mollitia,perspiciatis,vel
1923,ipsam,quam,quod,quod
2877,qui,aliquid,veniam,eius
9570,vitae,consequatur,vel,beatae
1947,iusto,eveniet,nobis,enim
9706,sunt,exercitationem,unde,impedit
2244,eius,culpa,laudantium,odit
9746,cumque,ad,corrupti,sunt
3722,corrupti,fugit,ullam,optio
5695,facilis,veritatis,placeat,fugiat
9806,illum,repudiandae,quod,doloremque
7627,soluta,modi,quos,eaque
7997,eos,nemo,molestias,consequatur
7393,sunt,vel,quaerat,molestiae
8705,quod,nam,ad,sed
9284,aliquam,quae,tempora,possimus
9907,quis,ex,voluptatum,nulla
2103,voluptatibus,ullam,dolores,doloribus
2353,est,doloremque,rem,eius
2365,aperiam,quibusdam,cum,nulla
9909,harum,ad,eveniet,quod
6235,ad,fugit,occaecati,quo
4138,quos,dolorem,veritatis,voluptate
7534,aliquam,doloribus,ad,fugit
7984,et,esse,adipisci,eius
2759,placeat,labore,iusto,ipsa
4817,molestias,quod,qui,illo
9076,ad,officia,architecto,neque
1708,minus,dolore,aliquam,rem
2061,praesentium,natus,blanditiis,omnis
2145,saepe,voluptas,consequuntur,rem
1432,ex,reprehenderit,molestias,quidem
1180,provident,fugiat,iusto,repudiandae
6211,quae,illum,autem,perspiciatis
6654,sapiente,nobis,unde,tempore
4796,nisi,saepe,qui,asperiores
6204,nulla,dolorum,soluta,repudiandae
3571,corporis,molestias,consequuntur,inventore
5044,exercitationem,eius,cum,dolore
7113,nobis,nesciunt,voluptate,explicabo
3425,pariatur,non,aliquid,quae
3292,sit,fugit,doloremque,esse
5239,excepturi,dolorem,consequatur,totam
5885,quisquam,vero,eaque,repellat
2272,vel,nulla,voluptate,odit
7017,debitis,et,labore,omnis
1392,expedita,enim,ullam,quae
7889,qui,nemo,vero,quam
2406,qui,porro,unde,dolorem
6587,soluta,occaecati,error,fugiat
4342,ex,incidunt,possimus,vero
5011,quod,placeat,asperiores,magnam
9153,hic,illum,veniam,voluptatem
9675,amet,iure,voluptate,ab
2246,alias,repellat,magni,enim
4498,voluptatibus,veritatis,voluptatum,velit
8777,placeat,neque,sapiente,ipsam
3614,possimus,eveniet,quibusdam,quidem
1758,sapiente,quae,in,nisi
8303,voluptate,adipisci,nostrum,maxime
5243,illo,temporibus,neque,inventore
6091,odit,dolores,modi,quidem
3354,laborum,velit,reprehenderit,laborum
5880,praesentium,numquam,architecto,quia
3100,quo,id,quia,dolorum
8551,quis,eveniet,veritatis,optio
7596,aperiam,saepe,nesciunt,a
8190,distinctio,rerum,amet,ipsam
6057,in,labore,accusamus,quam
5009,sint,ab,excepturi,similique
1295,repellat,aspernatur,vel,maxime
1603,adipisci,temporibus,eligendi,at
7788,nemo,quam,quod,commodi
6212,similique,similique,nesciunt,fuga
2757,delectus,neque,nemo,minima
7899,vel,placeat,voluptatum,repellendus
3636,occaecati,minus,accusamus,sequi
8080,repudiandae,animi,dicta,non
3493,culpa,repudiandae,sit,molestias
2870,saepe,delectus,possimus,sit
2317,quae,perferendis,recusandae,commodi
8805,possimus,necessitatibus,aliquam,tempora
5194,aut,minima,eius,nam
8812,amet,quisquam,placeat,quasi
5852,nobis,dolore,rerum,hic
1850,consequuntur,atque,suscipit,consequatur
6827,quae,perspiciatis,vero,accusantium
1223,tempore,quas,eveniet,sunt
7299,sit,consequatur,blanditiis,dolorem
5029,saepe,occaecati,ducimus,perferendis
1853,consectetur,cum,voluptates,repellendus
4552,porro,suscipit,delectus,labore
2363,eligendi,accusantium,cumque,eum
4132,magnam,odio,qui,dignissimos
3899,sit,amet,blanditiis,dicta
2236,aliquid,blanditiis,eaque,fugiat
7995,sapiente,impedit,odio,neque
6016,delectus,voluptate,saepe,eveniet
1084,perspiciatis,laudantium,minus,id
7127,fugit,molestias,voluptates,maxime
5054,asperiores,cum,tempore,optio
9344,unde,laborum,repellendus,animi
2983,natus,dolor,laudantium,modi
4586,quibusdam,quos,voluptatibus,impedit
4555,illo,cumque,aperiam,atque
3140,dicta,eaque,harum,facilis
1779,eius,id,vitae,numquam
1574,deleniti,saepe,minima,qui
1094,soluta,molestias,commodi,porro
4970,voluptates,consequuntur,eos,dolore
3547,impedit,vitae,nemo,commodi
1512,quae,perspiciatis,tenetur,delectus
5324,aspernatur,sunt,ducimus,at
1552,minus,natus,quos,quae
1508,quisquam,eaque,quo,repellendus
2128,eveniet,velit,sunt,dignissimos
9264,aperiam,eveniet,maxime,facilis
1121,eveniet,quis,necessitatibus,numquam
3988,quae,laudantium,hic,enim
7296,animi,voluptatem,excepturi,fuga
7721,dignissimos,debitis,quae,veniam
2752,odio,magnam,et,quisquam
3881,adipisci,consequatur,assumenda,iste
5110,voluptas,voluptate,repellendus,officia
3854,quo,recusandae,eum,doloribus
7196,doloribus,consectetur,ipsam,amet
1850,aut,iusto,reprehenderit,consectetur
7290,adipisci,delectus,illo,cupiditate
9974,quia,mollitia,temporibus,recusandae
6734,quasi,recusandae,animi,voluptas
1799,laborum,officiis,nostrum,repellendus
4579,eius,laborum,minima,blanditiis
8125,voluptas,aliquam,quas,facere
8461,distinctio,et,quibusdam,cum
9667,architecto,assumenda,odio,magnam
8402,voluptatum,dolor,sapiente,quasi
7568,perferendis,nobis,ipsum,ex
5826,aliquam,eaque,illum,mollitia
4099,quos,fugit,officiis,enim
8751,dignissimos,porro,dolorum,illum
5113,molestias,assumenda,cumque,sit
5602,veniam,laboriosam,ut,quam
9446,perspiciatis,tenetur,sit,ut
6022,eligendi,non,atque,amet
7020,sequi,nisi,et,ex
1086,unde,pariatur,ab,neque
3537,dolores,incidunt,alias,at
8568,recusandae,ipsa,quos,repudiandae
3688,consectetur,illum,omnis,blanditiis
8236,molestiae,iure,quos,ipsa
5221,nesciunt,dolore,eos,doloremque
9697,velit,quaerat,veritatis,nulla
6114,perspiciatis,minus,repellendus,ratione
2213,eius,temporibus,laudantium,vero
4918,necessitatibus,error,corrupti,aliquam
1157,officiis,reprehenderit,nesciunt,quasi
2915,totam,vero,veniam,sunt
6929,fuga,animi,tempore,sapiente
8469,porro,vitae,vero,dolorum
9101,modi,vero,deserunt,laborum
5221,consectetur,ipsum,magni,praesentium
4667,quibusdam,aut,commodi,natus
1261,cum,placeat,sit,doloremque
3543,iure,reprehenderit,et,delectus
6826,tempora,sint,voluptatum,commodi
8979,ipsum,totam,velit,facilis
9685,iste,iste,exercitationem,dignissimos
2187,eaque,voluptatibus,quos,odio
9605,beatae,sapiente,eaque,eaque
2842,natus,eos,accusamus,maiores
3799,libero,veritatis,voluptatem,fuga
1163,consectetur,aliquid,voluptate,tempora
5606,perspiciatis,optio,voluptate,esse
6462,eos,occaecati,harum,repellat
2313,magnam,sunt,perspiciatis,numquam
8021,praesentium,illum,expedita,reprehenderit
3768,molestiae,eos,pariatur,a
3210,saepe,sit,ex,tempora
6536,magni,cupiditate,quibusdam,voluptatibus
6309,officiis,aut,totam,sed
2581,omnis,molestias,fugiat,aliquid
1356,voluptatem,doloremque,fugit,alias
1720,deleniti,dolorum,voluptate,facilis
5583,laboriosam,consequatur,quis,assumenda
3930,temporibus,magni,quasi,necessitatibus
1430,libero,vero,modi,repellat
7258,ad,molestiae,quasi,atque
2422,eos,sapiente,architecto,exercitationem
6057,ipsam,totam,suscipit,velit
4060,iusto,porro,quibusdam,voluptates
9039,natus,laudantium,perspiciatis,possimus
1427,amet,hic,sunt,reiciendis
3663,perspiciatis,ipsum,repellendus,non
8630,maxime,adipisci,ex,exercitationem
1164,quia,magnam,minima,aliquam
8310,modi,quis,mollitia,corporis
2764,laboriosam,ad,iure,similique
4481,eius,autem,eum,mollitia
6825,sint,animi,porro,tempore
9546,nam,accusamus,reiciendis,dolorem
5577,minus,debitis,dolore,quos
5078,inventore,porro,ab,eaque
3938,nesciunt,error,commodi,officiis
2945,ab,officia,culpa,amet
3355,ex,tenetur,omnis,quo
8585,libero,cumque,repudiandae,quos
3036,in,a,provident,ex
6393,veniam,tenetur,impedit,distinctio
6729,voluptas,occaecati,tenetur,optio
7150,quisquam,quae,sit,in
3356,sunt,rem,ipsum,dolore
5735,rerum,repellendus,est,minus
2507,vel,sunt,optio,voluptatibus
1466,dolorum,minima,harum,officia
5879,dolores,deserunt,commodi,debitis
3728,corporis,libero,molestias,tempore
5251,eveniet,explicabo,consectetur,explicabo
5364,nihil,magnam,nulla,numquam
3238,illo,molestias,accusamus,consequuntur
7305,temporibus,ad,dolorum,mollitia
1733,sit,soluta,dolorum,officia
1496,quisquam,asperiores,accusantium,eos
6430,molestiae,nulla,esse,autem
2079,occaecati,at,natus,tempore
4400,nihil,beatae,necessitatibus,fugit
3859,dignissimos,voluptatem,expedita,quaerat
4742,nulla,sunt,laudantium,magnam
7812,eum,tempore,eveniet,aliquam
5567,iusto,ipsum,perspiciatis,error
8228,iusto,blanditiis,odit,cupiditate
9938,nostrum,dignissimos,earum,consequatur
4720,aliquid,assumenda,qui,tempore
3016,saepe,neque,ea,atque
4613,in,eveniet,laudantium,veritatis
3935,harum,cupiditate,cumque,sint
2173,fugiat,itaque,laudantium,minus
7671,molestiae,perferendis,hic,officiis
4294,eius,quo,quo,illum
8426,numquam,labore,ipsum,a
6235,quos,dignissimos,temporibus,ab
7775,doloremque,architecto,quibusdam,a
5255,ea,pariatur,reprehenderit,repellendus
8456,consequuntur,eveniet,modi,libero
1138,cum,impedit,nulla,voluptates
8732,officiis,in,quod,vel
2271,perferendis,ullam,a,deleniti
5397,quas,provident,in,sapiente
4767,deleniti,adipisci,quisquam,nobis
1655,voluptatum,tempore,ad,nam
8141,quibusdam,similique,autem,maiores
3753,temporibus,amet,occaecati,non
7521,atque,ducimus,quasi,omnis
8399,vitae,vero,dolore,culpa
2056,neque,consequatur,nam,eligendi
1628,deleniti,ipsam,itaque,quod
3281,voluptatum,deleniti,corrupti,aliquid
3689,ducimus,vitae,blanditiis,sint
7207,sequi,totam,distinctio,neque
8487,quaerat,temporibus,ducimus,odio
1156,sapiente,ducimus,nemo,porro
4132,dolor,aspernatur,fuga,facere
9049,placeat,quasi,maxime,sunt
4731,natus,atque,placeat,laboriosam
5263,numquam,consequuntur,tempore,magnam
7708,dignissimos,eaque,possimus,aspernatur
7729,numquam,consequatur,asperiores,dolorem
4405,blanditiis,quod,veritatis,quod
3660,quibusdam,voluptatibus,eius,ut
6289,expedita,tempora,beatae,doloremque
2510,architecto,illo,dolor,ipsam
8944,quis,molestias,consequuntur,tenetur
3680,tempora,deleniti,nam,voluptatem
5765,quae,assumenda,saepe,vitae
2357,ut,similique,dignissimos,qui
3540,enim,repellendus,quam,sint
7375,possimus,impedit,at,aspernatur
1264,aspernatur,quam,impedit,quo
7006,nisi,omnis,cumque,assumenda
1805,consectetur,ipsa,soluta,voluptatum
9597,similique,pariatur,reiciendis,dignissimos
7606,atque,magni,autem,aspernatur
6741,quibusdam,doloremque,libero,quo
3562,sint,temporibus,voluptatibus,ea
1414,ea,nihil,consequatur,voluptates
9119,aperiam,tempora,eos,fugit
1268,neque,officiis,officiis,ea
3426,sit,ut,voluptatum,blanditiis
3591,sunt,ut,amet,cum
5344,odio,reprehenderit,culpa,et
9476,omnis,dolorum,inventore,exercitationem
8690,id,nulla,assumenda,facere
1915,consectetur,voluptatum,rerum,itaque
4400,ex,sit,voluptate,nemo
8372,qui,quos,quos,reiciendis
4898,quas,assumenda,voluptas,voluptatum
7708,unde,excepturi,commodi,possimus
2152,quod,omnis,laborum,dolor
5006,ipsum,at,alias,vero
2396,eaque,sunt,molestiae,iusto
9631,atque,ea,nobis,amet
3889,qui,animi,facere,rem
