app_id,fi_status,lat_long_match,residence_verified
233530,neque,temporibus,corrupti
491327,soluta,doloremque,omnis
358410,voluptatibus,temporibus,fugiat
164356,velit,consectetur,fugit
594187,repudiandae,placeat,pariatur
485608,cumque,sed,impedit
162462,repellat,placeat,voluptatum
605652,nulla,perferendis,modi
818871,minima,doloribus,ipsum
849065,pariatur,est,dolorem
661712,voluptate,aliquid,consectetur
124079,consequatur,at,id
368303,magnam,similique,optio
850538,asperiores,reprehenderit,corrupti
841581,enim,veniam,magni
335175,a,accusantium,magni
989589,quasi,amet,quod
152542,possimus,quo,nihil
358489,laudantium,exercitationem,vel
484871,dignissimos,quo,quia
398004,dolores,quia,dolor
734016,quibusdam,doloribus,sequi
592241,culpa,tempore,sit
286087,adipisci,quos,porro
303378,rem,blanditiis,ipsam
507459,quasi,neque,aliquid
311063,aut,velit,incidunt
176248,iste,veniam,harum
768450,expedita,nihil,voluptates
713521,iusto,eveniet,cumque
636541,voluptate,alias,at
274714,quas,enim,quo
781693,dolor,ipsum,ipsa
646897,odio,dolores,quo
795174,hic,quam,neque
380175,itaque,corporis,non
114933,consequuntur,id,minima
480531,distinctio,atque,sint
830301,fugit,atque,expedita
866065,voluptas,dignissimos,natus
321892,hic,occaecati,quos
268528,architecto,laborum,ad
943199,tempore,facilis,ea
348554,est,et,corporis
158556,consectetur,soluta,occaecati
363436,minus,nam,explicabo
766526,qui,harum,debitis
811158,perspiciatis,sunt,suscipit
764581,cum,velit,veniam
965626,repellendus,animi,architecto
608877,reiciendis,adipisci,illo
596015,vero,occaecati,consequuntur
516718,laudantium,amet,sed
950227,sunt,cumque,hic
578753,quibusdam,ut,amet
630142,id,est,numquam
626061,rerum,laborum,commodi
263171,fuga,aliquid,laudantium
606870,maiores,magnam,sunt
967902,vel,totam,perferendis
411624,ad,sint,eius
233298,totam,similique,iusto
993069,tenetur,laudantium,harum
262014,eligendi,expedita,incidunt
729554,est,in,similique
153713,illo,expedita,deserunt
989684,optio,expedita,deserunt
603040,labore,consequuntur,quo
185736,quam,incidunt,aut
533787,hic,sit,facilis
818344,earum,est,perferendis
606327,natus,praesentium,minima
365381,reprehenderit,unde,alias
720990,doloribus,quod,doloremque
262632,molestias,eum,consectetur
814128,nihil,eius,natus
870989,nihil,sint,tempore
377026,esse,corrupti,architecto
667959,modi,ut,enim
200845,reprehenderit,culpa,adipisci
513562,ea,facilis,optio
454780,aperiam,non,minima
839521,magni,delectus,reprehenderit
107481,voluptate,sit,eligendi
867909,debitis,hic,consectetur
783304,laboriosam,provident,tenetur
326836,expedita,voluptatum,numquam
581240,accusantium,reprehenderit,fuga
534946,magnam,molestias,cupiditate
850081,sapiente,quaerat,impedit
813260,quam,mollitia,dolore
857078,sed,rem,magni
982450,doloremque,eos,et
130523,facilis,cupiditate,nemo
513108,voluptates,officiis,totam
633936,sed,explicabo,saepe
205146,enim,velit,reiciendis
485293,ipsa,delectus,nulla
776809,voluptate,harum,inventore
211396,consequatur,facilis,ea
405994,velit,vero,impedit
192303,dolores,fuga,sit
142566,consequuntur,optio,rerum
428890,officia,cumque,vitae
893786,numquam,ratione,temporibus
648448,voluptate,voluptatum,ut
723322,doloremque,nihil,velit
982665,consequatur,aliquam,corporis
816030,dolorum,officiis,quam
759095,tempore,voluptas,voluptate
309686,doloribus,sequi,ut
136303,totam,assumenda,sit
215621,voluptatem,reiciendis,esse
102329,eveniet,error,explicabo
912387,ducimus,perferendis,saepe
146319,aspernatur,consequuntur,quisquam
390809,non,provident,placeat
297607,laboriosam,culpa,rem
523616,fugiat,doloribus,beatae
920525,iure,est,consectetur
480681,dicta,dolores,quam
960401,odit,officiis,inventore
442210,iure,beatae,nemo
363978,facere,expedita,ipsa
455894,ratione,culpa,sit
107001,sit,totam,voluptate
287676,quae,error,temporibus
915656,deleniti,officiis,perferendis
636721,cumque,beatae,magni
541241,doloremque,minima,eligendi
419975,dolorem,fugiat,harum
101941,adipisci,dolore,labore
241499,dignissimos,maiores,ea
411824,similique,rerum,eligendi
662279,doloribus,architecto,pariatur
188150,nisi,dolores,sed
844806,quam,nulla,enim
987404,eius,nam,eveniet
727733,explicabo,vero,blanditiis
636324,temporibus,eveniet,aliquam
555465,inventore,ullam,ea
345498,nihil,sapiente,pariatur
406986,placeat,qui,optio
991550,quia,quia,alias
947231,sapiente,et,earum
179669,cum,numquam,distinctio
926425,ex,explicabo,minus
363621,impedit,dignissimos,libero
383322,earum,eveniet,architecto
607170,in,eligendi,vitae
990480,aliquam,doloremque,dicta
458218,sit,delectus,voluptatum
244727,maiores,laboriosam,cum
112300,minus,corrupti,repellendus
173916,nam,tempore,qui
819753,adipisci,dignissimos,repellat
809599,nam,suscipit,quod
157451,perferendis,est,rem
299674,impedit,a,dolorum
429481,perferendis,repellendus,aliquid
773402,voluptatum,nemo,ipsum
449195,voluptatem,eveniet,consectetur
275690,iste,rem,non
433494,doloremque,vitae,aliquid
119375,voluptate,quos,ipsa
400600,quod,deleniti,molestias
483794,ex,alias,omnis
986624,ad,voluptatum,voluptate
409742,veniam,voluptates,cum
343288,occaecati,nemo,omnis
799269,eius,similique,incidunt
157411,laboriosam,eum,adipisci
751170,unde,iusto,at
568837,veniam,numquam,vitae
700413,incidunt,tempore,nisi
694828,earum,dolores,maiores
450813,commodi,repellat,quos
728217,distinctio,quas,voluptates
604094,recusandae,nulla,vero
531714,inventore,reiciendis,vero
395680,eligendi,ex,inventore
572045,voluptatum,aperiam,error
942006,atque,necessitatibus,sapiente
521812,facilis,fugiat,impedit
348831,quidem,voluptatibus,quod
857288,rerum,alias,similique
542472,ab,quis,reiciendis
725397,eius,doloribus,aspernatur
297692,distinctio,dolores,laboriosam
270914,molestiae,eum,libero
266752,doloribus,id,praesentium
120018,temporibus,sit,quasi
751196,assumenda,illum,sunt
311019,illo,quo,id
632253,iusto,neque,sequi
668956,officiis,dolore,impedit
817396,ut,beatae,a
268234,unde,magnam,illum
184651,quaerat,exercitationem,nobis
819771,iure,deleniti,animi
606271,magnam,maxime,necessitatibus
197517,hic,facilis,eius
485388,molestias,corporis,veritatis
380848,quia,deleniti,laboriosam
476194,distinctio,enim,sapiente
695949,possimus,doloribus,eum
454147,nostrum,sit,quod
990364,a,molestiae,maxime
921499,accusantium,soluta,ipsam
158414,eius,magni,quas
309116,expedita,rerum,ratione
825607,cum,error,distinctio
649741,fugit,tempore,sapiente
680414,cum,inventore,explicabo
231601,officia,dolorem,earum
264814,beatae,minus,ipsum
280768,quam,quis,eius
635631,numquam,suscipit,veniam
906700,aut,nesciunt,non
558554,occaecati,quis,nulla
519420,ut,ipsum,beatae
659860,ipsum,nisi,vero
865648,a,consequuntur,error
501906,in,facilis,voluptatum
936114,dolorum,doloremque,commodi
516008,nobis,officiis,laborum
101814,ullam,deserunt,dolore
943977,nobis,quam,sunt
714193,saepe,repellat,impedit
487483,pariatur,soluta,quae
957292,alias,odio,perspiciatis
499154,maxime,quaerat,dolorem
402751,blanditiis,perspiciatis,at
963636,ut,ea,odio
691253,necessitatibus,iure,adipisci
661298,nulla,enim,maxime
565013,sequi,magnam,quasi
941920,id,recusandae,libero
586053,rem,quo,veniam
188316,nisi,non,tenetur
715284,veniam,incidunt,commodi
122243,at,nostrum,nesciunt
578153,et,in,nihil
835368,enim,reiciendis,distinctio
677686,iure,numquam,corporis
428953,architecto,minima,cum
537687,cum,vero,pariatur
132174,at,ex,saepe
640819,incidunt,ut,tempora
433753,alias,eius,eius
300787,voluptates,dolorum,corporis
787203,praesentium,magni,delectus
255466,in,incidunt,aliquid
262236,quod,ipsam,eos
240318,totam,tempore,occaecati
170468,accusamus,excepturi,reprehenderit
629437,reiciendis,dolor,in
113589,iste,laboriosam,explicabo
304372,repellat,id,unde
217603,eaque,earum,inventore
956785,dolor,veritatis,accusantium
441903,consequuntur,occaecati,natus
102069,facilis,qui,rerum
614620,impedit,blanditiis,deleniti
788829,rem,asperiores,facilis
713753,corrupti,praesentium,distinctio
509289,alias,cumque,error
381251,nemo,nemo,quidem
279874,inventore,at,cupiditate
131324,sapiente,eos,exercitationem
230858,iusto,incidunt,inventore
500878,voluptas,minima,minima
467789,ipsam,impedit,optio
345385,vitae,beatae,magnam
659921,impedit,repellendus,voluptas
492385,dolor,dolorem,alias
199945,temporibus,ad,rem
985231,eius,inventore,sequi
164408,ut,quas,quis
512696,magnam,amet,quis
532821,velit,a,suscipit
281105,incidunt,quia,quibusdam
838121,molestias,vero,rerum
420326,explicabo,quibusdam,hic
999293,sapiente,quo,dolore
507122,numquam,aut,sapiente
859112,adipisci,mollitia,delectus
238698,magni,nesciunt,at
562487,necessitatibus,ex,molestiae
240188,eius,fugit,eos
956571,voluptates,laborum,animi
753677,placeat,sed,impedit
279178,expedita,soluta,laboriosam
986308,officia,optio,tempora
340046,eveniet,aliquam,temporibus
591717,totam,deserunt,ut
548616,itaque,esse,quae
175372,aperiam,nostrum,earum
693978,non,neque,accusamus
309422,impedit,beatae,quod
286833,natus,adipisci,ex
105870,nostrum,aperiam,assumenda
984782,minus,non,odio
277616,quisquam,pariatur,reiciendis
764775,quis,rem,adipisci
802381,nulla,sint,esse
648620,natus,doloribus,laboriosam
912110,harum,quam,doloremque
474301,laudantium,doloribus,consequatur
595771,ut,corporis,numquam
724197,occaecati,nulla,aperiam
963255,deleniti,non,recusandae
769562,repellat,minima,nemo
724332,nisi,natus,pariatur
631897,tempora,veritatis,recusandae
424209,minima,blanditiis,necessitatibus
956328,at,perferendis,nostrum
528528,natus,incidunt,aspernatur
827247,error,eveniet,voluptatum
613187,esse,beatae,sed
839787,quia,id,necessitatibus
158836,sed,repudiandae,quo
537739,et,amet,nobis
781168,quos,aspernatur,numquam
997174,voluptatem,laboriosam,doloremque
951297,sed,voluptates,quis
338945,mollitia,ipsa,at
827906,architecto,saepe,illo
181635,enim,nostrum,quod
372948,maiores,accusantium,est
577108,consequuntur,magni,saepe
886109,ipsa,quidem,recusandae
332683,quam,commodi,ea
693789,recusandae,voluptates,doloribus
461379,ipsam,consequuntur,magni
965178,eaque,occaecati,magnam
913339,molestiae,hic,error
913962,odit,consectetur,minus
657164,velit,fugiat,nulla
172707,nesciunt,sunt,illum
561534,ratione,aliquid,fuga
617685,incidunt,aut,ex
869898,ut,non,excepturi
433229,animi,quos,sint
742685,ipsa,vero,sed
735525,quidem,quo,blanditiis
796467,cum,enim,ipsum
581944,nulla,iusto,quas
373179,dolor,consectetur,enim
461052,porro,sequi,magnam
588705,veritatis,aliquid,dolorum
298735,earum,eum,tempora
811302,voluptatem,inventore,recusandae
230456,corrupti,error,ratione
527938,temporibus,architecto,quo
941248,facilis,rem,harum
344071,nam,illum,nihil
217534,vero,quia,labore
942223,praesentium,repellat,cumque
889828,qui,non,nostrum
282934,excepturi,impedit,totam
804312,ex,soluta,amet
340818,amet,itaque,ducimus
363905,ratione,eveniet,ut
607480,quidem,labore,aliquid
601079,maiores,unde,at
643533,minus,facere,qui
359249,officia,fugit,quia
329598,delectus,quo,ad
975883,enim,cumque,dolore
444158,alias,vitae,fugit
264737,harum,voluptates,deleniti
804413,atque,quam,cum
675460,ad,autem,nostrum
669313,fugiat,illum,unde
837132,assumenda,suscipit,distinctio
146810,inventore,rem,commodi
509043,saepe,fuga,quos
391395,itaque,sed,consequatur
881417,delectus,provident,consectetur
436006,asperiores,mollitia,maiores
274421,consectetur,praesentium,a
981661,architecto,nihil,eaque
181240,officia,distinctio,recusandae
545148,tempora,exercitationem,illum
569199,amet,autem,ullam
970582,pariatur,tempore,nemo
541418,in,ipsam,vero
549211,aliquam,facere,nam
970972,illo,minus,ipsa
342590,illo,assumenda,ratione
386337,natus,reiciendis,esse
412988,non,a,numquam
925200,laudantium,itaque,vel
781169,repudiandae,adipisci,numquam
857021,corporis,magni,officia
166959,delectus,maiores,adipisci
139293,ex,assumenda,sit
221559,optio,odio,quibusdam
432348,voluptatem,molestiae,officia
292010,eius,illum,repellendus
309055,facilis,omnis,autem
333047,laboriosam,error,ipsam
658803,mollitia,quam,illum
864792,consequuntur,dignissimos,eaque
313354,repudiandae,alias,nemo
340971,cupiditate,veniam,ducimus
368240,ullam,suscipit,dicta
906305,qui,laudantium,temporibus
683884,optio,perferendis,sequi
791426,eos,voluptatibus,optio
342574,voluptatum,animi,fugit
368042,incidunt,vero,temporibus
150771,provident,odio,magnam
693515,beatae,consequatur,nesciunt
216579,provident,alias,eum
736358,laborum,recusandae,sunt
107749,unde,fugiat,commodi
990738,eveniet,repellat,facilis
596071,culpa,non,vel
934423,totam,rem,ut
201804,ullam,veritatis,nisi
750109,rerum,doloremque,sint
670953,laudantium,modi,doloribus
429231,tenetur,officia,deserunt
561579,maiores,consequuntur,molestias
220425,ad,a,iste
253508,dolorum,dolorum,ipsam
706845,voluptas,nam,dolorem
887720,repudiandae,nam,ullam
297682,eos,eligendi,inventore
874512,ipsa,debitis,numquam
659491,dolores,distinctio,sequi
196815,omnis,cupiditate,est
872904,distinctio,ullam,minima
632031,nostrum,nobis,quisquam
796602,alias,perferendis,voluptatem
359353,assumenda,quia,debitis
752753,iusto,ipsam,labore
100628,provident,dolores,sed
506681,facere,debitis,odio
393987,voluptas,vero,in
560870,amet,optio,earum
735711,ratione,quo,consequuntur
747691,nulla,facere,laboriosam
545408,repellendus,deleniti,ducimus
996931,exercitationem,exercitationem,quos
933323,eos,modi,sint
964119,vel,iste,corrupti
892477,non,velit,alias
674190,dolor,est,vel
848376,dignissimos,ad,labore
957891,explicabo,ad,praesentium
732210,soluta,laborum,hic
400969,ipsam,beatae,labore
822927,voluptas,dolorum,veniam
948477,possimus,illo,quia
362861,molestias,voluptate,velit
396888,necessitatibus,iure,debitis
662186,repellendus,quos,labore
255198,facere,nulla,quisquam
826705,doloribus,minima,sapiente
167459,natus,nisi,reiciendis
772838,dolore,quae,natus
613504,delectus,hic,praesentium
436827,tempora,quo,doloribus
688378,maxime,amet,placeat
707919,corporis,veritatis,provident
226960,deserunt,eveniet,assumenda
921576,laudantium,debitis,quam
588228,voluptates,placeat,nam
699830,necessitatibus,ut,aperiam
995070,tempora,quas,id
356151,deleniti,minima,molestias
194298,exercitationem,quas,assumenda
818280,esse,eos,esse
588717,eligendi,ab,doloribus
223871,ipsam,sed,eaque
902759,beatae,voluptas,maxime
984701,quam,nemo,sapiente
831291,laborum,nam,a
358451,eos,odit,eligendi
568544,et,recusandae,pariatur
830700,nihil,cum,occaecati
999110,totam,nam,magnam
912296,fuga,suscipit,saepe
825313,sed,natus,eos
327976,quos,maiores,dolore
622868,nostrum,sit,eos
740280,et,et,beatae
451802,expedita,doloremque,tenetur
630984,magnam,cumque,hic
873309,illo,natus,nesciunt
103547,et,sapiente,architecto
694659,explicabo,itaque,adipisci
341804,illum,eveniet,nesciunt
734222,deleniti,assumenda,quasi
900510,facere,occaecati,sequi
847955,asperiores,explicabo,repudiandae
119600,veniam,repellendus,labore
986560,minus,quisquam,minima
347168,inventore,iusto,vero
837575,suscipit,inventore,ducimus
480648,deserunt,quae,inventore
725189,vitae,qui,commodi
317153,omnis,ab,asperiores
589588,voluptatibus,libero,vero
487911,reiciendis,veniam,iste
716800,omnis,quaerat,hic
414880,earum,consequuntur,recusandae
801094,accusantium,quibusdam,eos
192402,rem,nobis,sapiente
497247,rerum,ipsa,repudiandae
685824,ducimus,architecto,laboriosam
518703,quo,sed,ipsum
921033,qui,tempora,vel
496699,quia,animi,impedit
683598,iste,consequatur,repellendus
913547,minus,inventore,aspernatur
390142,nesciunt,rem,tempora
640302,sunt,sed,beatae
369121,incidunt,minima,et
279873,aliquam,omnis,dolorem
912899,facere,magni,amet
558306,incidunt,labore,maxime
307472,nihil,fugit,dignissimos
576276,quo,dolorem,veritatis
417544,tempora,iure,nostrum
570176,ab,iusto,adipisci
307105,illo,numquam,quo
826190,reprehenderit,beatae,dicta
968449,facilis,possimus,quasi
605286,architecto,quasi,temporibus
124759,recusandae,officiis,numquam
954456,saepe,quia,vitae
163197,inventore,repellendus,magni
747849,sit,alias,ex
826792,quos,molestias,nemo
578055,voluptatem,hic,nemo
621368,voluptate,aut,sed
952259,libero,dolore,recusandae
794823,enim,quaerat,animi
792626,excepturi,voluptatibus,aperiam
852444,provident,est,commodi
105954,voluptatum,harum,vel
242103,reprehenderit,laborum,voluptatibus
532538,recusandae,repudiandae,placeat
405599,maxime,nesciunt,quaerat
707306,sit,ex,repudiandae
750873,rem,sunt,ullam
466420,sint,deserunt,a
353261,atque,aspernatur,eius
267777,expedita,esse,molestias
526469,non,molestiae,explicabo
168922,labore,ducimus,nostrum
195931,at,qui,explicabo
120243,iure,nulla,earum
833624,incidunt,neque,ea
896929,qui,asperiores,totam
933089,sunt,ex,ea
572910,recusandae,necessitatibus,veritatis
229590,occaecati,et,dicta
594462,unde,dolor,minus
516117,debitis,sint,temporibus
485695,quis,fugiat,ex
521038,aut,aliquid,error
311155,temporibus,nobis,dicta
904232,soluta,modi,reiciendis
458995,adipisci,earum,praesentium
627187,sequi,porro,error
967698,consequatur,quam,quo
837556,minus,a,ea
807121,atque,voluptatum,quis
162729,consequatur,laudantium,quidem
512221,ad,illo,asperiores
716785,esse,velit,sequi
375339,impedit,quisquam,consequatur
563583,quae,dolor,totam
763733,nesciunt,atque,distinctio
427046,cupiditate,nesciunt,nisi
343880,illum,cupiditate,libero
274171,eos,eum,ab
303569,quaerat,autem,dolorum
515491,atque,fugiat,expedita
202747,nam,repellendus,deserunt
816555,nihil,vero,eaque
617225,eaque,sapiente,atque
268593,ut,aliquam,saepe
828991,vero,earum,accusamus
859019,magni,adipisci,esse
442119,sapiente,delectus,sit
381052,nam,temporibus,dicta
789881,sit,nesciunt,numquam
786974,dolorem,eum,dolore
211870,est,id,iste
668842,quod,aliquam,quasi
533762,hic,quaerat,cum
418402,quas,provident,quas
444056,occaecati,animi,accusamus
386996,pariatur,ipsa,exercitationem
305141,in,eum,eligendi
635498,cupiditate,amet,dolores
401027,enim,harum,recusandae
932682,molestiae,ea,explicabo
372694,harum,doloremque,vitae
686733,rerum,aut,quo
424368,hic,veniam,incidunt
368346,praesentium,veniam,veritatis
579523,debitis,fugit,voluptatem
461556,accusantium,consequuntur,sint
300902,rem,in,sapiente
728013,quos,blanditiis,esse
121292,commodi,dolore,eaque
498826,nemo,beatae,deserunt
728757,a,nisi,veniam
111076,aspernatur,officiis,suscipit
338854,natus,non,enim
153929,dignissimos,deserunt,temporibus
968490,eius,ex,adipisci
538238,beatae,quod,non
353204,ex,aperiam,fugiat
690158,vero,architecto,laboriosam
611428,alias,ut,sapiente
253854,aperiam,enim,maxime
923859,dolorum,veniam,atque
585545,repellat,laboriosam,debitis
509246,soluta,similique,tenetur
327839,ipsam,deleniti,eum
888206,adipisci,saepe,eos
982118,inventore,minima,ab
988253,earum,dolores,delectus
977365,cum,temporibus,similique
982009,libero,eveniet,temporibus
598893,iste,nobis,mollitia
542623,culpa,in,ducimus
997689,nulla,sequi,velit
335139,cumque,nostrum,culpa
240720,architecto,molestiae,blanditiis
885499,asperiores,dignissimos,eveniet
390096,qui,recusandae,esse
922509,iure,facilis,esse
170797,similique,perspiciatis,laborum
939120,facere,in,alias
307207,doloribus,adipisci,quidem
736326,maiores,laboriosam,error
634085,ipsam,consectetur,voluptatibus
124126,adipisci,expedita,ratione
671797,repudiandae,aspernatur,labore
373945,molestias,aperiam,voluptatibus
189533,dicta,optio,aspernatur
719513,natus,sequi,maiores
671128,voluptatibus,at,impedit
682067,sapiente,in,culpa
366121,rem,consequuntur,eum
602113,a,odio,earum
335042,odio,reiciendis,iure
994424,neque,sint,doloribus
152037,molestias,deserunt,quibusdam
922788,ratione,sequi,minima
650473,sed,qui,voluptate
156946,atque,tempora,omnis
603492,libero,sint,ipsam
115900,quibusdam,dolorum,officiis
820940,id,molestias,natus
466764,exercitationem,reprehenderit,molestiae
948178,accusamus,consectetur,distinctio
574445,sit,eaque,perferendis
329741,ea,ullam,harum
127312,eaque,odit,ullam
801942,aspernatur,exercitationem,possimus
876700,dolores,temporibus,molestias
534043,necessitatibus,quasi,facere
147133,pariatur,amet,sit
851572,delectus,libero,harum
710067,incidunt,amet,qui
241105,dicta,doloribus,maxime
978181,aperiam,labore,totam
601321,repudiandae,dolorem,provident
640354,sapiente,fuga,non
628841,a,eligendi,inventore
587059,omnis,excepturi,in
335372,natus,molestias,iste
738643,perferendis,harum,voluptate
996614,voluptatum,ducimus,quia
171889,molestias,earum,laboriosam
467809,ad,consectetur,dicta
839334,molestiae,quod,praesentium
420120,ducimus,magni,porro
302173,est,sunt,distinctio
781018,nobis,distinctio,eum
251510,quisquam,asperiores,esse
115390,esse,excepturi,nostrum
485588,eaque,ratione,magnam
103551,laboriosam,architecto,voluptatibus
712766,inventore,aspernatur,eveniet
606536,enim,ex,nisi
887969,neque,expedita,sunt
565433,officiis,atque,quas
939710,voluptatibus,doloribus,quam
314574,impedit,a,nemo
999957,sit,ex,dolorum
869578,nihil,a,impedit
925175,blanditiis,facilis,libero
553058,quod,cum,quibusdam
130377,eum,occaecati,commodi
467455,quisquam,veniam,sunt
894473,tempore,eum,velit
295108,mollitia,alias,perferendis
309931,officia,assumenda,voluptatum
961750,fugiat,pariatur,incidunt
381662,explicabo,hic,praesentium
960274,voluptatum,ratione,cupiditate
412455,perferendis,magnam,culpa
193353,possimus,commodi,quas
688965,omnis,explicabo,quo
586156,nulla,nulla,dolorum
670380,sapiente,occaecati,ratione
522155,aliquid,eius,cumque
608037,facilis,pariatur,quod
146986,quidem,illo,consequatur
863340,tempore,corrupti,labore
745847,ex,et,iure
660735,aliquid,vel,numquam
271335,asperiores,cum,blanditiis
241491,nostrum,quam,minima
467788,minima,earum,eveniet
543112,velit,cupiditate,sunt
488167,neque,repudiandae,molestias
868978,soluta,at,laboriosam
710778,aperiam,quos,fugiat
650853,corrupti,minus,illo
667801,ex,consequuntur,doloribus
607739,autem,voluptatibus,rerum
354627,animi,placeat,repellendus
336351,perferendis,explicabo,ea
180215,voluptate,vitae,exercitationem
433288,repudiandae,corrupti,quam
550821,et,et,quod
755168,aspernatur,minus,autem
445045,nobis,minus,eveniet
653208,eum,odit,omnis
654799,amet,assumenda,nesciunt
509646,quaerat,ex,adipisci
970368,ullam,non,possimus
700423,ad,maiores,dolor
983843,alias,id,numquam
488314,ea,eaque,et
724862,fugit,et,maxime
594235,possimus,nulla,facere
161419,corporis,voluptas,hic
103287,praesentium,reiciendis,facilis
730779,ea,excepturi,asperiores
384196,ipsa,fuga,ratione
302806,accusamus,dolor,quas
669727,repellendus,blanditiis,est
468031,similique,blanditiis,id
342736,beatae,delectus,commodi
307801,nihil,dolorum,reprehenderit
543861,hic,ea,quis
547215,praesentium,excepturi,libero
135993,minima,aliquam,cumque
600697,ad,aliquam,sapiente
482332,accusamus,nesciunt,aspernatur
315618,doloremque,perspiciatis,quisquam
851076,porro,ipsum,neque
186328,architecto,velit,corrupti
918581,hic,aspernatur,voluptatum
164888,error,quo,omnis
623302,praesentium,facilis,culpa
835503,odio,tempora,doloremque
229891,ex,ratione,vitae
648951,aspernatur,sapiente,voluptatibus
668770,odit,illo,voluptate
513211,iusto,dolores,praesentium
619310,rerum,ipsa,culpa
364344,minima,assumenda,placeat
189692,quos,dolorum,laboriosam
108962,quo,esse,velit
837460,ad,repellat,numquam
878345,fugit,id,aspernatur
581569,ipsa,quos,sint
853846,enim,nisi,velit
807410,ea,error,occaecati
626829,inventore,eveniet,enim
566610,illo,hic,incidunt
814501,impedit,praesentium,optio
711891,pariatur,excepturi,mollitia
925857,soluta,ipsum,id
966230,consequuntur,numquam,totam
224594,tempora,molestiae,perspiciatis
337204,doloribus,quae,ullam
814998,unde,necessitatibus,eum
814815,architecto,quibusdam,necessitatibus
845990,officia,nisi,ducimus
372263,quos,sequi,praesentium
248631,iusto,commodi,assumenda
137235,magni,sit,iure
874517,illo,eaque,nobis
841868,ab,ratione,quas
598046,eligendi,tempore,commodi
791641,omnis,voluptatem,quibusdam
932795,tempore,et,at
393261,consequatur,laboriosam,nihil
380086,repudiandae,optio,maxime
531816,officia,nihil,optio
338759,eligendi,doloribus,nobis
487575,quos,odio,reprehenderit
389518,odio,ex,temporibus
218602,a,veniam,eaque
549520,nobis,architecto,ab
107573,possimus,fugit,officia
916314,magnam,doloribus,voluptatum
784718,architecto,aliquid,ratione
779263,saepe,unde,molestiae
704757,doloribus,libero,dolorum
653846,placeat,rem,asperiores
458839,reiciendis,dolorum,quod
492402,sequi,dolorum,iste
126379,aspernatur,dignissimos,a
300579,id,quidem,molestiae
623479,perferendis,dolores,rerum
756720,aut,ad,doloribus
862586,itaque,in,ducimus
128535,occaecati,quam,animi
424507,incidunt,magni,hic
962572,at,quia,vel
722160,impedit,quasi,quibusdam
875918,sunt,quis,architecto
743307,totam,rerum,mollitia
274893,quasi,odit,voluptate
157553,odit,ipsam,libero
352701,iste,officiis,provident
951059,officia,asperiores,quo
257665,aperiam,incidunt,laudantium
669541,molestias,quos,voluptatem
935094,dicta,sed,repudiandae
716975,aut,nesciunt,eaque
509663,officia,dolor,consequatur
524276,eius,magnam,reiciendis
857924,cum,unde,natus
800045,veritatis,debitis,optio
392472,accusantium,ducimus,magni
175696,veniam,animi,vero
535572,consectetur,aperiam,commodi
696594,impedit,esse,iusto
348144,aspernatur,blanditiis,quia
814787,sapiente,laborum,tempora
601428,modi,nulla,quam
818963,consequatur,ab,ex
175792,molestias,reiciendis,quidem
107248,cupiditate,quod,natus
178918,accusantium,iusto,ducimus
108131,veniam,voluptatibus,blanditiis
891537,alias,aperiam,vel
768179,iste,dolore,ex
704314,hic,molestias,impedit
499729,porro,molestiae,doloremque
491553,maiores,magnam,doloremque
872432,dolor,voluptate,suscipit
239525,eaque,iure,dolores
909043,animi,placeat,dignissimos
834444,vel,nulla,quam
535698,praesentium,nesciunt,quae
555992,nemo,iusto,cumque
595830,nemo,similique,ut
907668,numquam,maiores,rem
566019,ratione,quis,dolorum
601976,incidunt,eos,esse
445578,tempore,officiis,amet
947213,modi,architecto,autem
850340,exercitationem,iure,dolorum
997071,aut,occaecati,sit
842711,autem,asperiores,harum
952523,rem,nisi,doloribus
124090,ut,fugit,tenetur
751788,ipsum,ipsam,illo
649602,voluptatem,modi,ex
158146,doloribus,eos,ducimus
298193,doloribus,deleniti,iste
859545,dicta,quisquam,temporibus
488509,voluptate,earum,ratione
932064,mollitia,corrupti,at
924645,perferendis,velit,doloribus
153622,vel,id,quaerat
992100,consequuntur,cumque,voluptates
686637,beatae,repellendus,sapiente
488275,ex,commodi,dignissimos
901337,id,a,quasi
120073,quae,vero,quam
535438,placeat,ea,omnis
104738,laboriosam,explicabo,dolorem
433688,explicabo,atque,minima
893437,cum,facilis,corrupti
938117,natus,possimus,illum
628357,id,veritatis,cupiditate
959806,facilis,tenetur,officia
605534,ducimus,officia,porro
430666,veniam,quam,tempore
114673,unde,provident,eaque
170321,dolores,autem,facilis
720024,molestiae,laboriosam,temporibus
869797,exercitationem,deserunt,odio
867243,repellendus,occaecati,iusto
612894,necessitatibus,ea,debitis
846317,iusto,maxime,doloremque
290818,amet,consequuntur,voluptate
909215,veritatis,laudantium,possimus
235246,earum,ipsa,reiciendis
980191,ullam,necessitatibus,minima
813956,culpa,dolore,placeat
561142,voluptates,voluptatibus,tenetur
505099,neque,minus,provident
679064,odit,aspernatur,error
350777,provident,quo,necessitatibus
190863,illum,odio,doloremque
261769,pariatur,doloribus,necessitatibus
724273,minima,minima,officiis
516479,sint,nobis,nisi
934098,delectus,atque,consequatur
836753,esse,expedita,aut
691141,consequatur,commodi,ratione
974444,labore,ab,nihil
160882,est,sequi,inventore
309377,natus,enim,exercitationem
790929,eveniet,omnis,consectetur
573444,quibusdam,iure,totam
542388,accusantium,ducimus,dicta
324309,recusandae,explicabo,iusto
711990,quis,corrupti,cum
883666,quaerat,laudantium,veritatis
556013,explicabo,maiores,nulla
523227,incidunt,earum,corporis
420076,minima,distinctio,maxime
314188,debitis,accusantium,ab
637296,fugit,atque,dolore
532594,libero,itaque,facere
920397,odio,a,facere
874639,esse,ea,nobis
369815,quisquam,sit,repudiandae
677937,exercitationem,voluptatibus,dolorum
694607,ab,et,nostrum
206739,quia,impedit,modi
928736,cumque,nulla,at
975602,officia,blanditiis,alias
694344,qui,ducimus,aspernatur
737657,veniam,nobis,a
936141,ad,veniam,accusantium
459837,similique,aspernatur,autem
616550,quibusdam,numquam,sint
108870,voluptates,eligendi,dignissimos
913880,velit,deleniti,eveniet
298098,magnam,voluptatum,blanditiis
637599,nihil,doloremque,officiis
915853,tempore,reiciendis,delectus
913867,enim,doloribus,maiores
382833,voluptatibus,quo,neque
230484,officiis,quaerat,provident
743337,fugit,nisi,vel
534634,amet,aliquam,eius
116160,laudantium,possimus,accusamus
414096,saepe,nam,atque
372021,corrupti,iure,veritatis
708125,doloremque,dolorum,voluptatem
805590,consequuntur,placeat,nostrum
879164,sequi,voluptatibus,corrupti
413262,aspernatur,laborum,assumenda
738770,provident,consequuntur,omnis
691087,harum,tempora,temporibus
292295,corrupti,necessitatibus,voluptatem
601106,amet,maxime,hic
314220,atque,ad,eligendi
564338,quibusdam,explicabo,hic
865687,expedita,ea,sapiente
556883,rerum,enim,soluta
288759,perferendis,cupiditate,consequuntur
827332,exercitationem,commodi,recusandae
739533,repellendus,accusamus,quae
318268,itaque,non,illum
999716,error,autem,temporibus
490837,delectus,id,sunt
814538,assumenda,dolorem,voluptates
893018,libero,mollitia,possimus
551083,sequi,esse,beatae
823965,dolore,ipsam,adipisci
623228,amet,eaque,quos
539777,voluptatem,illum,inventore
411437,libero,sunt,in
625876,mollitia,sequi,occaecati
721455,fuga,atque,quod
628140,dolores,eveniet,aut
789324,veritatis,atque,natus
181183,sit,veniam,dolorem
515970,unde,adipisci,id
336776,eos,delectus,expedita
386527,reiciendis,soluta,neque
862827,laudantium,nemo,earum
870071,expedita,labore,tempora
789103,quibusdam,explicabo,illo
769766,eveniet,delectus,explicabo
529740,sunt,ad,voluptatibus
