cust_id,kyc_status,kyc_method
2728,quaerat,praesentium
6334,hic,velit
1425,est,itaque
9078,qui,dignissimos
9828,esse,odio
4503,quaerat,est
1013,illo,ducimus
5433,illo,nihil
7010,facilis,excepturi
4036,modi,doloribus
4954,sequi,nostrum
6289,repellendus,corporis
9050,dolore,cumque
9726,voluptas,eos
4420,distinctio,tenetur
6148,beatae,magni
6549,dolor,veniam
4936,numquam,alias
8747,aspernatur,fugit
1110,doloribus,facilis
1310,officiis,ex
5870,vel,facilis
4655,expedita,omnis
4014,a,ducimus
9743,sit,facere
1671,odit,voluptas
3456,modi,est
3659,ex,nam
2094,dicta,accusantium
8652,laudantium,repellendus
6529,quo,voluptatem
2838,voluptatem,dolorum
1385,iste,doloribus
1911,asperiores,doloremque
2391,quod,voluptates
2610,praesentium,repellat
8037,beatae,asperiores
9483,minima,laboriosam
2387,vitae,explicabo
5299,numquam,est
9782,perspiciatis,illum
4510,voluptatibus,repudiandae
2819,suscipit,repellat
2384,dolores,eveniet
8291,accusantium,quibusdam
8518,quos,doloribus
8560,impedit,eligendi
4535,consequuntur,quasi
7644,fuga,officiis
1218,quasi,sed
6902,maiores,sit
8508,corporis,maiores
4977,consequuntur,mollitia
1491,magnam,voluptate
5476,eius,dolor
9358,error,itaque
4925,ipsum,recusandae
8441,odio,cupiditate
7112,at,perspiciatis
8181,deleniti,natus
2265,ipsam,exercitationem
2701,odit,officiis
7678,ullam,cupiditate
4906,numquam,exercitationem
2597,alias,expedita
8046,occaecati,tempora
7081,ducimus,commodi
5492,nisi,illum
3410,fugit,ea
1837,neque,neque
8456,at,quia
9931,iusto,corrupti
7116,voluptas,deserunt
7679,ipsam,expedita
4328,velit,nesciunt
6377,voluptatibus,nulla
6592,sapiente,culpa
4851,odio,dolorum
2633,numquam,perferendis
4143,incidunt,tempora
9311,sunt,distinctio
9638,nobis,eius
8332,similique,excepturi
4213,ad,natus
7204,delectus,quis
5442,necessitatibus,fugit
9087,adipisci,libero
4238,minus,nemo
8733,ipsam,iure
2366,dolore,consequuntur
7052,maxime,cumque
8958,ullam,iure
8861,aperiam,laborum
4561,omnis,aspernatur
4760,doloribus,nesciunt
8005,asperiores,voluptate
7435,beatae,error
8873,nihil,voluptas
8236,voluptate,vitae
3499,perferendis,perspiciatis
6412,nostrum,iure
9340,eius,qui
5893,unde,ut
4167,porro,laborum
7961,magni,minima
7920,maxime,tenetur
8514,recusandae,facere
8228,voluptas,excepturi
1035,voluptatum,explicabo
9673,atque,quibusdam
4126,eum,facere
8845,nisi,incidunt
3162,consectetur,placeat
2854,facilis,nobis
4872,et,sequi
8102,assumenda,consequatur
2318,officia,eum
9402,sapiente,tenetur
7477,dicta,minima
2926,quo,nam
9327,excepturi,magni
3705,sint,esse
7634,aut,ratione
8806,quia,harum
4077,veritatis,numquam
9849,tenetur,aliquam
1110,eligendi,alias
1655,non,esse
1521,saepe,dolor
9005,animi,voluptatem
9434,asperiores,quasi
6764,delectus,nemo
8990,voluptatem,dolor
1709,veritatis,ipsa
4166,unde,at
5780,maxime,sapiente
9598,rem,laudantium
5654,sunt,eum
4680,ab,nostrum
2659,perspiciatis,consectetur
4170,distinctio,officia
1436,incidunt,itaque
4074,inventore,cupiditate
6506,quia,ipsa
4224,numquam,dignissimos
8436,fuga,itaque
9148,saepe,in
7503,nam,odit
6180,ipsa,accusamus
4737,nemo,magnam
7968,alias,accusantium
9258,vero,magnam
7861,sequi,natus
2523,dignissimos,ipsam
5361,inventore,architecto
2884,quibusdam,dolorem
4167,pariatur,sunt
3170,corporis,blanditiis
8085,sed,tempora
9527,aspernatur,modi
2102,quasi,ipsum
7998,corporis,temporibus
3931,quos,adipisci
8327,soluta,suscipit
7174,placeat,neque
7230,alias,culpa
4318,earum,dolorum
9270,accusantium,a
1154,reiciendis,eligendi
2142,ipsa,necessitatibus
6088,vero,accusantium
8659,occaecati,magni
5944,eos,maiores
4654,quaerat,est
6697,labore,sint
2351,aperiam,corrupti
6527,suscipit,vitae
8071,quisquam,in
5848,cupiditate,cum
1906,expedita,rem
2998,incidunt,qui
9176,soluta,praesentium
8654,ipsum,excepturi
8419,odio,repudiandae
5165,soluta,maiores
9842,impedit,quas
1178,iste,provident
1630,voluptas,eveniet
4021,fugiat,impedit
7558,dolores,nemo
1144,odio,odio
4020,voluptate,asperiores
1732,ea,repudiandae
1619,eveniet,nihil
8031,laudantium,ut
2831,animi,unde
7348,magnam,facere
4103,neque,dicta
7528,suscipit,atque
6202,natus,est
9318,sed,quas
4070,cum,nostrum
9705,ab,similique
2641,cum,omnis
7268,deserunt,debitis
8693,excepturi,magni
8291,iusto,vitae
4284,eligendi,labore
8591,impedit,facilis
8346,eius,amet
2072,nisi,nostrum
5654,excepturi,nihil
6950,dignissimos,harum
5745,dicta,earum
5236,mollitia,consequuntur
6094,tempora,quam
6501,dolorum,provident
7963,sint,accusantium
3413,nostrum,odio
6203,a,iusto
7338,commodi,reprehenderit
3441,iusto,animi
9598,molestias,quo
5430,magnam,quia
3656,ut,neque
4449,illum,mollitia
7854,earum,ullam
1406,et,voluptate
3925,ab,tempora
9952,veritatis,consequuntur
4944,tenetur,aut
9108,ex,harum
7970,numquam,atque
5346,esse,soluta
1412,odit,numquam
5078,consequatur,repudiandae
6235,pariatur,nostrum
7580,at,perspiciatis
5147,qui,qui
2816,dolor,sequi
8988,quis,modi
4119,delectus,molestias
9523,quo,vero
5451,nisi,minima
9358,minima,mollitia
8406,officiis,exercitationem
4669,magni,sapiente
6847,ipsum,ipsam
4357,nihil,quidem
3976,at,odit
6437,unde,assumenda
9713,recusandae,vitae
1220,amet,quis
5104,sequi,quod
9698,officiis,eius
8629,molestiae,praesentium
6052,nulla,voluptatem
7905,inventore,commodi
8788,facilis,fuga
4500,perspiciatis,nulla
7220,molestiae,non
4618,nisi,dicta
4787,omnis,labore
4833,odio,voluptate
1397,laboriosam,aliquam
3060,consectetur,dolores
3947,temporibus,omnis
7348,magni,nam
1116,consequuntur,veritatis
8056,cumque,ex
7309,blanditiis,corporis
7643,iste,illum
6957,veritatis,blanditiis
4858,sit,animi
7819,aspernatur,hic
9458,optio,reiciendis
6248,ex,expedita
6098,earum,corrupti
4311,ratione,illo
5865,eius,ex
2049,quisquam,illo
6403,iusto,in
9729,dolorem,earum
2736,doloremque,id
9266,animi,aliquid
5256,fuga,voluptatem
6607,itaque,aperiam
6386,occaecati,autem
1942,provident,rerum
2083,deleniti,laborum
3608,nam,nam
1706,blanditiis,est
5346,nisi,quos
5846,harum,laborum
1359,quibusdam,distinctio
6108,quae,perspiciatis
9774,quae,quos
3225,ipsum,perferendis
6645,minus,rerum
1145,deserunt,atque
2581,ducimus,quam
9525,ea,minus
8136,possimus,consequuntur
1825,neque,eveniet
6344,atque,doloremque
4727,tempore,voluptatibus
4387,veritatis,maxime
7202,itaque,architecto
1795,a,fuga
2488,accusantium,magnam
5035,natus,cum
9804,id,illum
6429,eligendi,culpa
8728,adipisci,iste
4608,officiis,fugiat
9487,animi,esse
4508,repudiandae,dolorem
6138,quidem,aspernatur
2292,sapiente,expedita
2876,soluta,natus
6487,rem,odio
2013,quisquam,dolore
8275,assumenda,earum
5129,eveniet,ex
2620,ad,eaque
4186,quos,eveniet
4176,beatae,ab
6887,quia,asperiores
7663,laborum,totam
1256,fuga,corrupti
2691,delectus,sequi
8609,quam,eligendi
5345,aliquid,quis
6749,saepe,rerum
9867,cum,recusandae
3691,dicta,similique
7216,sint,itaque
6407,occaecati,voluptate
5623,accusantium,debitis
3528,ratione,labore
9375,mollitia,illo
4864,dignissimos,debitis
8353,facilis,occaecati
8260,autem,corrupti
8080,in,placeat
2122,id,ratione
2495,maiores,magni
3315,molestias,totam
4761,repudiandae,id
3501,enim,vel
2801,nisi,ducimus
2715,commodi,maxime
9069,ipsa,quam
6770,fugiat,fuga
3276,corporis,quos
8633,recusandae,occaecati
6726,saepe,totam
6924,soluta,tempora
8377,sit,quae
3807,nobis,vel
1378,aliquam,repellat
4355,ipsam,accusamus
3855,ut,molestias
6837,explicabo,vero
3082,sit,soluta
8494,provident,eos
1736,ullam,natus
3992,quam,qui
1389,laboriosam,eaque
9167,cupiditate,nemo
8599,quaerat,eaque
7656,est,quos
4142,dolorem,quis
9717,incidunt,a
6948,eligendi,labore
2753,praesentium,eveniet
6750,laudantium,sit
3846,facilis,error
9022,ullam,id
7459,provident,est
6003,perferendis,delectus
3553,hic,fugit
6877,nulla,recusandae
9009,possimus,nemo
6738,hic,accusantium
9183,quisquam,sunt
1777,voluptatem,molestiae
1373,facilis,adipisci
8967,enim,perferendis
4558,saepe,cumque
6179,vero,delectus
2460,beatae,eius
9051,quas,veritatis
3807,laboriosam,sint
3122,ut,provident
9926,dolorum,quidem
6244,impedit,occaecati
3137,eos,veritatis
9327,excepturi,nam
7536,accusamus,ipsam
8095,sequi,neque
6918,non,quis
9873,alias,saepe
2186,nam,recusandae
5534,fugit,distinctio
6751,repellendus,in
5444,nostrum,molestias
8168,esse,nisi
3150,eos,suscipit
1929,neque,facilis
2353,ducimus,illum
7989,nesciunt,quisquam
7094,expedita,accusantium
9005,odio,voluptatem
5925,inventore,adipisci
9766,dignissimos,perspiciatis
9523,dignissimos,iusto
5110,in,a
4701,a,natus
1978,distinctio,illo
7030,nulla,similique
6081,saepe,assumenda
2344,excepturi,expedita
7986,sequi,nulla
6747,omnis,accusantium
4216,deleniti,dolorum
2633,totam,expedita
6347,iure,pariatur
2197,rerum,esse
1460,incidunt,nesciunt
2174,eius,libero
8504,explicabo,voluptatem
3479,laudantium,numquam
3621,ad,dolore
9864,impedit,aut
7552,corrupti,perferendis
4756,expedita,nam
2026,quo,ea
2149,itaque,eos
7810,nemo,minus
7788,ipsum,labore
5653,nemo,harum
7928,laudantium,placeat
9864,voluptas,aperiam
7370,incidunt,facilis
7860,quae,libero
3021,doloribus,earum
8971,veniam,aut
8790,architecto,temporibus
4498,sit,vel
4200,laudantium,sequi
3223,nisi,aut
3582,quidem,quo
4542,ullam,unde
3175,aspernatur,molestiae
2783,sapiente,asperiores
2313,quibusdam,distinctio
3263,earum,quibusdam
6037,libero,earum
3952,tempore,minus
4821,nesciunt,minima
5927,iusto,odio
1656,fugit,aut
1915,provident,sunt
4763,tempora,optio
9891,sit,repellat
2002,est,enim
9985,tenetur,quod
9549,voluptatibus,hic
9844,distinctio,natus
7419,deserunt,omnis
2946,rerum,quaerat
4202,voluptatem,impedit
6767,doloribus,error
9368,voluptatibus,modi
7682,quaerat,expedita
2458,ducimus,sed
1309,modi,quasi
3272,neque,ad
6358,reiciendis,iusto
9309,placeat,recusandae
4614,vero,labore
8168,alias,necessitatibus
4419,molestias,cumque
6441,aliquid,ratione
9836,cumque,iusto
6659,vitae,animi
8880,nisi,fugiat
9342,voluptatem,repellat
3842,iure,quaerat
5606,neque,nulla
2134,eaque,molestias
7325,asperiores,nobis
1081,aut,delectus
5048,odit,sed
3217,omnis,possimus
2346,reprehenderit,eaque
2476,recusandae,atque
4368,assumenda,voluptatem
4964,culpa,ut
6003,perferendis,accusantium
1113,reiciendis,dolorum
1030,ea,amet
1212,amet,mollitia
5699,accusamus,asperiores
5104,eius,quam
6800,officia,totam
4236,impedit,excepturi
8536,ducimus,commodi
8053,praesentium,quas
3209,cupiditate,eligendi
8203,modi,beatae
7612,laudantium,fugit
6373,saepe,officia
7947,alias,rem
9460,debitis,quam
4382,est,nobis
3385,rerum,praesentium
1178,cupiditate,velit
4932,itaque,ratione
9086,sit,cumque
1282,fuga,tempore
4276,a,voluptatum
7321,eaque,harum
4792,quod,occaecati
4712,voluptates,ipsum
9127,exercitationem,nulla
6142,unde,ad
5599,nisi,voluptatibus
4324,ex,distinctio
4706,laborum,voluptatibus
2418,accusamus,nisi
7505,molestias,distinctio
3443,error,nisi
3691,autem,consequatur
7751,provident,dicta
7780,blanditiis,deleniti
7407,saepe,aliquam
8334,debitis,nam
1757,voluptatem,sint
1848,dolore,corrupti
1385,veritatis,libero
1226,amet,quisquam
3495,quis,consectetur
3680,ut,cumque
3531,sequi,architecto
5315,aliquid,error
8125,dolor,repellat
2430,nam,voluptas
4321,aut,suscipit
4806,provident,consequatur
9379,ipsam,magnam
8662,doloribus,facere
5192,deserunt,maxime
2172,quibusdam,deleniti
2550,sit,maxime
5542,sunt,explicabo
6743,recusandae,eos
8968,aut,tempore
5423,culpa,est
3845,temporibus,officia
3707,maxime,cupiditate
3612,cumque,cumque
3161,sed,est
6007,natus,quisquam
7086,placeat,cumque
9915,magnam,provident
5961,necessitatibus,aspernatur
6614,praesentium,facere
5558,veritatis,quam
7647,quae,quis
8059,illo,velit
7648,rerum,ut
1261,commodi,reprehenderit
6594,voluptates,nihil
4366,dolores,reiciendis
9487,velit,sequi
3435,quae,doloremque
8924,voluptates,incidunt
6921,reiciendis,ipsa
4346,ut,nam
1774,nemo,ab
8345,perferendis,eius
4318,neque,neque
1112,eius,ex
3401,commodi,architecto
8590,necessitatibus,quisquam
1456,vero,totam
9284,quod,ex
4478,in,nesciunt
3484,reprehenderit,quae
6321,maiores,modi
2284,quisquam,corporis
7569,voluptas,amet
3193,aspernatur,laboriosam
7426,non,nam
9946,aliquid,dolorum
5920,a,voluptatem
3799,veritatis,quidem
1525,natus,quo
5413,esse,non
2449,illum,nisi
8624,alias,quas
4597,voluptatem,illo
1890,rem,possimus
1036,tenetur,neque
8278,eius,ipsa
2845,natus,accusamus
4344,deleniti,tenetur
2115,repellat,sit
3551,iure,ducimus
6663,tempore,earum
3231,est,numquam
5190,hic,accusantium
4376,hic,labore
4175,placeat,fuga
5577,dolorum,consectetur
8817,dicta,ad
2789,ducimus,fugit
1095,beatae,fugiat
6924,ullam,tempore
7259,dolorum,placeat
6371,sapiente,impedit
7195,possimus,ducimus
1143,adipisci,facere
8434,fuga,repellat
7842,eaque,sapiente
4604,quis,vel
6187,quasi,adipisci
8654,quas,animi
4482,quod,repudiandae
5386,nostrum,accusantium
2877,tenetur,odit
8740,voluptate,consectetur
1313,vero,eveniet
3991,labore,natus
7392,eius,suscipit
7055,quasi,blanditiis
8006,libero,delectus
4010,placeat,ducimus
5739,ipsa,laboriosam
3568,nihil,facilis
3895,consectetur,error
7091,voluptatibus,corrupti
6180,vel,sint
1315,quibusdam,tempora
2180,saepe,incidunt
1760,dolorem,aspernatur
8518,labore,nobis
9423,quod,quo
5216,consequatur,consequatur
7050,repellat,impedit
6417,sint,rerum
5394,iste,veritatis
3099,tempora,quae
9367,qui,dignissimos
7641,minus,nostrum
2544,incidunt,temporibus
6950,vero,sunt
1535,excepturi,aliquam
8062,harum,fugiat
8637,praesentium,non
8772,debitis,deserunt
5279,aspernatur,laudantium
8538,quasi,adipisci
3116,possimus,vero
9386,molestiae,fugiat
1045,sapiente,tenetur
4508,esse,nulla
5244,ratione,velit
6865,minima,beatae
6299,aspernatur,deserunt
9679,occaecati,sapiente
7001,id,ullam
9764,aperiam,quaerat
6721,optio,deleniti
1844,inventore,repellat
7707,ad,repellendus
8578,cupiditate,blanditiis
3756,quaerat,nisi
5952,dolores,corporis
6547,consectetur,quisquam
8542,corrupti,ratione
8670,quis,similique
7836,quis,porro
1502,accusantium,soluta
5433,quasi,perferendis
8441,nostrum,vero
4905,quae,illo
5713,ad,eaque
5828,repudiandae,non
8526,provident,ea
2788,porro,eveniet
9009,dolores,exercitationem
1117,magnam,nesciunt
8749,fuga,aliquid
4857,reiciendis,eius
3708,vel,quasi
2789,odio,quo
6443,nostrum,laborum
3660,odit,mollitia
9320,nisi,vitae
2096,dolore,exercitationem
9740,odio,aliquid
3900,doloribus,beatae
7866,sequi,itaque
1004,harum,illo
4993,aspernatur,facilis
6768,cum,beatae
6622,saepe,ipsa
9283,numquam,ab
4566,in,quibusdam
7181,a,accusamus
8118,sunt,dicta
3136,nostrum,sapiente
5283,esse,illum
6667,omnis,atque
2643,nobis,fugit
4906,voluptates,tempora
8401,non,praesentium
2888,ad,eligendi
5759,maxime,deserunt
9593,sit,voluptate
2343,assumenda,quis
1531,laborum,cumque
2006,quia,libero
5310,repudiandae,sint
9015,reiciendis,illo
2849,in,nemo
7495,unde,odit
4675,ex,reiciendis
1285,voluptates,eveniet
7987,harum,eaque
3862,cupiditate,architecto
7475,molestias,repellendus
7567,odit,doloribus
7355,voluptate,beatae
7624,dicta,eius
6820,ex,odio
5925,adipisci,sit
8569,ea,facilis
9730,itaque,nesciunt
2888,consequatur,occaecati
7212,repellendus,facilis
6093,cumque,temporibus
7365,quos,provident
7764,nisi,porro
7533,quas,consectetur
1050,amet,omnis
1377,nobis,eveniet
9793,tempora,distinctio
1913,molestias,consequuntur
8873,id,culpa
8520,nulla,explicabo
5642,similique,tempora
6704,autem,quaerat
6789,a,sunt
7316,distinctio,tempore
7937,adipisci,fugiat
3318,eligendi,illo
5491,ducimus,id
6991,dignissimos,eaque
2155,id,distinctio
5824,nihil,corrupti
5319,occaecati,vero
2440,est,doloribus
2339,fugiat,et
1534,minus,aliquid
8718,placeat,provident
5082,incidunt,recusandae
2980,odit,consequatur
6081,magni,vitae
8032,omnis,voluptates
7340,maxime,sapiente
1509,saepe,ea
9124,repellendus,tempore
6215,doloremque,porro
7427,in,omnis
4321,quasi,totam
6374,consequuntur,inventore
9522,eos,natus
1958,odio,accusamus
9579,illum,consequuntur
1809,ipsa,tempore
7558,repellendus,dolore
3623,harum,neque
9101,porro,illum
8661,magni,aperiam
6563,vitae,at
7262,ullam,deserunt
8884,numquam,nobis
6601,voluptas,praesentium
4868,sunt,excepturi
7274,nostrum,doloremque
7955,ratione,aliquam
7349,a,unde
3695,sit,fugit
5659,totam,quo
4954,doloribus,assumenda
7521,qui,illum
6171,assumenda,possimus
9627,debitis,nisi
5687,illum,explicabo
6223,officiis,tempora
8270,ratione,tempora
5331,qui,id
7555,eveniet,consequuntur
2298,quaerat,ratione
7884,qui,aperiam
5791,voluptatibus,non
5397,facere,nam
7299,ut,animi
5087,deserunt,et
9861,aperiam,saepe
6426,aperiam,animi
5177,sunt,voluptatem
3814,aliquid,vel
8357,quidem,necessitatibus
2544,reprehenderit,facere
6302,adipisci,repellat
2097,quaerat,esse
1235,quos,nam
6501,quisquam,impedit
5878,aliquid,temporibus
2044,eaque,eos
5156,aliquid,fuga
6402,fuga,vitae
9409,molestiae,fugit
3748,eaque,numquam
8438,modi,error
1954,dolorum,accusantium
3793,commodi,veniam
1272,libero,expedita
5026,unde,quos
4550,voluptates,vel
9888,distinctio,iure
9224,veniam,rerum
2046,beatae,nesciunt
8697,debitis,ipsa
5235,atque,doloribus
9086,magnam,unde
7576,hic,aliquam
1980,temporibus,est
3990,dolore,voluptatum
7497,unde,possimus
9268,debitis,ab
5554,reprehenderit,numquam
9186,culpa,veritatis
9148,ratione,saepe
2140,dolorum,deleniti
7711,repellat,quas
1635,est,iste
7205,itaque,quia
6436,earum,aspernatur
9762,nobis,error
3459,maiores,atque
2352,enim,sequi
8759,praesentium,ipsa
2580,rerum,quidem
7016,delectus,accusantium
1252,quaerat,dolorum
3152,molestias,blanditiis
6821,accusantium,quae
2759,dignissimos,commodi
3923,amet,eaque
9268,non,nostrum
4254,suscipit,aspernatur
3816,ipsum,sed
9639,quae,nisi
9962,reprehenderit,velit
6955,a,debitis
1850,eum,doloribus
9729,ullam,cumque
5059,mollitia,dolorum
6879,quia,quisquam
2965,rerum,maxime
4647,cumque,amet
8029,hic,ducimus
6315,exercitationem,numquam
5343,distinctio,soluta
4294,molestiae,voluptatum
5761,impedit,alias
5774,debitis,repellat
3814,perspiciatis,officia
9050,id,quam
8769,labore,repudiandae
3101,molestiae,dolores
4285,quam,natus
9240,rerum,voluptatem
8203,occaecati,velit
3433,earum,cupiditate
1757,aliquam,magni
1802,at,aspernatur
5881,itaque,tempora
9599,voluptatem,neque
7074,ratione,laboriosam
9973,facilis,libero
7410,ratione,explicabo
4805,praesentium,nostrum
6177,earum,nihil
4988,quibusdam,deserunt
7331,voluptate,assumenda
7992,fugit,ducimus
3028,eum,et
2266,amet,maiores
8492,quas,asperiores
8269,exercitationem,adipisci
3923,tempora,molestias
3941,iste,recusandae
3183,dolore,tenetur
9946,odio,harum
6536,expedita,cupiditate
8147,adipisci,consectetur
8268,beatae,cumque
4137,hic,sit
1320,delectus,iure
6236,reiciendis,voluptates
2094,unde,inventore
2263,nisi,provident
5899,aliquam,harum
9192,animi,eaque
2926,delectus,quaerat
7494,neque,porro
8921,modi,pariatur
6841,quis,quaerat
3636,qui,rem
5887,nisi,sunt
2703,totam,molestiae
9152,repellendus,incidunt
6125,harum,consequuntur
4968,eum,assumenda
3938,cumque,ex
7243,earum,in
5278,quae,quasi
5401,aut,commodi
2792,repellat,ratione
7851,natus,voluptate
8461,sapiente,inventore
3473,omnis,doloremque
8988,in,odit
6433,placeat,beatae
4736,eius,cumque
5426,qui,adipisci
4288,minima,perferendis
5541,repellat,dolore
6163,doloribus,ipsam
6245,dolores,totam
5143,eveniet,iusto
3481,delectus,fugit
8264,provident,molestiae
3235,ducimus,enim
1663,pariatur,porro
3200,blanditiis,aut
9121,vero,illum
8428,aliquid,consequuntur
1948,sapiente,consequuntur
7040,qui,facere
3207,ad,dolores
2768,optio,atque
5810,corrupti,rerum
6950,accusantium,omnis
6553,quasi,quod
1301,voluptatem,ducimus
8438,cupiditate,error
6377,nobis,unde
9871,minus,facilis
7230,mollitia,modi
9776,suscipit,tenetur
9898,adipisci,incidunt
3668,sequi,sed
3154,aliquid,eius
9984,ullam,porro
6362,ad,nesciunt
2363,ex,nostrum
8315,exercitationem,neque
4771,cumque,modi
1098,at,magni
7134,at,mollitia
9588,officiis,corrupti
7497,ad,libero
9411,in,reprehenderit
3580,unde,officiis
7548,asperiores,aliquid
7039,aliquam,atque
8777,laudantium,mollitia
3016,voluptatem,beatae
6390,laborum,doloremque
6421,non,ratione
2608,eveniet,nisi
6490,sunt,aspernatur
9752,beatae,quod
8325,nesciunt,reiciendis
3630,veniam,quaerat
2286,neque,illum
6899,facilis,assumenda
8845,nemo,aliquam
1876,necessitatibus,amet
6551,expedita,quasi
1758,illo,quo
9807,vel,iure
