app_id,doc_submission_date,is_ocr_verified,pending_docs
103399,dolore,magni,officiis
320055,quam,dolores,numquam
225326,error,minima,iusto
609478,veniam,atque,similique
702552,pariatur,eos,impedit
968167,id,numquam,eaque
469499,laudantium,repellendus,praesentium
465522,porro,esse,quos
403054,ad,officia,sed
810254,ab,id,laboriosam
509721,sed,officia,quas
949813,ducimus,recusandae,sed
314425,doloremque,cumque,harum
262537,in,cumque,ea
127049,recusandae,praesentium,aut
380655,cum,molestias,illum
971185,occaecati,cupiditate,enim
769545,atque,consequuntur,animi
520653,ratione,natus,eos
654960,maxime,numquam,vero
554934,aliquid,recusandae,sunt
290715,culpa,minus,laborum
781271,praesentium,voluptatem,adipisci
706573,architecto,ipsam,assumenda
934138,est,rerum,laborum
174014,animi,enim,ducimus
410299,sed,sunt,quis
674496,nesciunt,assumenda,tempora
612413,tempore,dignissimos,architecto
410043,quae,porro,vel
366561,perferendis,voluptate,quisquam
202626,culpa,asperiores,rem
673877,dolorem,pariatur,omnis
909492,animi,facere,eligendi
226483,quas,fuga,vitae
720366,atque,vitae,impedit
955901,corrupti,non,quo
360908,quas,corrupti,dignissimos
210536,quaerat,commodi,unde
894735,ad,doloribus,aliquam
956040,eaque,neque,similique
757864,molestiae,sint,molestias
189778,iure,quaerat,velit
601415,dolor,ea,tenetur
966551,consectetur,asperiores,ducimus
106852,eius,maiores,ullam
227203,et,vel,adipisci
247627,magnam,corrupti,quibusdam
687709,ipsa,a,alias
873806,modi,minus,officiis
515975,provident,sint,beatae
583502,impedit,inventore,voluptatum
966428,ut,distinctio,quaerat
241266,rem,rerum,expedita
814555,officia,sint,culpa
185075,corrupti,hic,ea
112110,vitae,doloremque,assumenda
701231,quaerat,fugiat,voluptatibus
330828,iure,unde,perferendis
796554,nostrum,illum,perspiciatis
617749,cumque,iure,debitis
889561,minima,ex,architecto
544276,porro,mollitia,alias
674813,aut,sapiente,nisi
310000,molestias,reiciendis,reiciendis
695678,non,laborum,dolores
592509,dicta,vero,nostrum
228214,blanditiis,natus,voluptatum
217078,provident,doloremque,expedita
501015,voluptas,fugiat,unde
875694,consequatur,aperiam,esse
418884,temporibus,quisquam,quaerat
426492,illum,consequatur,repellat
196649,facere,blanditiis,animi
966938,eaque,ea,magnam
469217,quam,tempore,velit
660079,ullam,in,esse
750235,tempore,laborum,ad
534944,placeat,exercitationem,sunt
739694,et,impedit,sit
421928,sed,dicta,sint
959428,architecto,tempore,aliquid
738544,aperiam,ipsam,dignissimos
777081,corrupti,magni,eveniet
754337,quo,eius,quibusdam
252082,mollitia,officiis,voluptatem
372366,facere,laudantium,eius
982993,dignissimos,eveniet,dolorem
754026,soluta,consectetur,laudantium
455313,at,illum,accusantium
259731,culpa,porro,sint
957655,ipsa,neque,exercitationem
307059,molestiae,nemo,quo
452017,esse,praesentium,quasi
636485,vitae,pariatur,pariatur
110983,illo,nemo,rem
760022,culpa,necessitatibus,asperiores
504590,eius,eius,quasi
776072,et,inventore,optio
607851,quos,et,quisquam
959696,facere,consequuntur,sint
518686,placeat,reprehenderit,facere
889264,minima,tenetur,ratione
797787,nesciunt,nemo,eum
110178,vero,aperiam,maiores
951191,ipsam,quas,itaque
441307,esse,sunt,illum
141290,unde,culpa,eos
562744,quis,vero,ea
225905,doloremque,maxime,et
701497,velit,ducimus,corporis
748050,dolor,qui,enim
862872,veniam,cumque,molestias
531790,deserunt,incidunt,rerum
431996,saepe,fugiat,autem
712840,culpa,magnam,vitae
320196,nemo,facere,hic
885001,ipsum,fuga,minima
658786,blanditiis,dicta,fugiat
161405,mollitia,ad,consequuntur
558993,odio,officiis,repellat
690063,eos,fugit,cupiditate
391925,possimus,beatae,odio
754323,consequuntur,iusto,aspernatur
209113,quidem,dolore,architecto
301387,cumque,rerum,saepe
985442,ea,labore,placeat
712147,cumque,dolores,omnis
357696,ad,corrupti,assumenda
339886,aliquam,quasi,mollitia
758265,eos,qui,veritatis
486085,repellendus,eaque,cupiditate
706691,quasi,eligendi,similique
470210,similique,sapiente,voluptatibus
933278,suscipit,sunt,nam
600900,ipsum,vero,odio
905377,aspernatur,temporibus,repellendus
374019,hic,itaque,fugit
766090,ea,adipisci,animi
931150,commodi,odit,eligendi
417634,eos,deleniti,nostrum
296854,pariatur,nam,voluptas
604972,eos,eum,et
423681,a,officia,est
152497,ea,adipisci,possimus
921900,natus,voluptate,qui
643474,eum,deserunt,soluta
876375,itaque,natus,perferendis
856289,laborum,suscipit,similique
983588,possimus,nemo,doloremque
211315,animi,atque,quam
884309,aperiam,aut,accusantium
269008,exercitationem,est,exercitationem
480041,ad,molestias,eaque
658551,et,blanditiis,facere
654126,ratione,commodi,cupiditate
349963,corporis,nobis,blanditiis
637411,rem,atque,dignissimos
735742,sit,vitae,aperiam
183025,consequatur,iste,quisquam
822567,vel,aspernatur,quo
871951,quae,perferendis,aliquid
627933,odit,illum,officia
470708,itaque,iure,aspernatur
723538,similique,alias,aperiam
623508,ad,iste,debitis
769349,mollitia,repellat,soluta
394906,fugit,nam,itaque
358630,placeat,nam,similique
347727,cum,omnis,autem
905625,autem,debitis,veniam
704323,quo,corporis,iure
420279,molestias,velit,tenetur
663654,vel,minima,veniam
729816,dolores,nesciunt,vel
362916,eius,autem,eaque
345619,similique,esse,perspiciatis
748753,officiis,quod,cum
448491,aspernatur,assumenda,voluptate
427852,quaerat,quod,sunt
382834,corrupti,porro,dicta
821304,quas,rerum,perspiciatis
826977,fuga,ab,earum
527357,at,vitae,ad
955249,tempore,fugiat,nobis
405750,voluptate,quia,doloribus
475660,maiores,at,recusandae
462599,nesciunt,temporibus,minus
983885,quis,incidunt,architecto
177297,doloribus,illo,dolorem
597726,laboriosam,at,quaerat
183394,quasi,voluptate,ipsam
465642,minima,doloremque,quibusdam
139735,labore,soluta,sequi
957009,necessitatibus,porro,vel
749208,a,ipsam,delectus
365171,nisi,non,ea
190112,vitae,quia,asperiores
738645,consectetur,quaerat,laborum
340190,repudiandae,dolorum,accusamus
144853,voluptas,corrupti,commodi
826721,incidunt,numquam,ipsa
409800,totam,qui,nemo
514601,voluptatem,eum,totam
404395,et,quia,tenetur
484142,molestias,consequuntur,deserunt
756252,eligendi,aliquid,incidunt
991420,nobis,libero,deleniti
967248,reprehenderit,non,repellendus
771568,id,molestiae,unde
957672,perferendis,delectus,debitis
317112,doloribus,iusto,temporibus
830380,quibusdam,et,id
650989,fugiat,corrupti,odit
153521,ex,praesentium,at
366894,aperiam,sapiente,cumque
321136,enim,id,soluta
276188,non,distinctio,repellat
164129,aperiam,nobis,doloremque
853909,nemo,dolorum,id
741387,dignissimos,architecto,laboriosam
299464,ipsa,cum,molestias
787996,velit,vel,maxime
696382,amet,minus,cumque
682770,adipisci,tenetur,animi
399250,molestias,doloribus,optio
554025,ea,consequuntur,blanditiis
169347,amet,voluptates,asperiores
276010,quis,dignissimos,cumque
692802,occaecati,magni,dicta
895638,ducimus,facere,accusamus
269766,corporis,doloremque,incidunt
427416,in,excepturi,ducimus
923646,consequuntur,placeat,ea
650725,repellat,asperiores,commodi
170982,officiis,mollitia,dolor
618237,vero,fugit,cupiditate
847872,neque,nihil,repellat
267302,distinctio,a,iusto
254196,explicabo,distinctio,cum
854100,odit,sapiente,quisquam
121897,ipsa,animi,modi
961006,est,ex,sit
277727,explicabo,nobis,iure
182574,porro,cum,incidunt
671590,nemo,expedita,consectetur
264718,illo,doloremque,esse
827103,fuga,voluptatibus,molestias
802257,quam,culpa,sed
739553,eos,perspiciatis,voluptatibus
805002,similique,sequi,iure
597322,ducimus,labore,error
948454,quaerat,exercitationem,in
813576,architecto,quam,voluptas
621643,maiores,eum,exercitationem
887609,sint,quasi,facere
767353,dicta,deserunt,iure
626279,magni,suscipit,culpa
549039,cupiditate,dolor,provident
686437,quas,dolorum,vero
969260,dolor,dolores,perferendis
755845,quia,quidem,velit
870688,dicta,nesciunt,corporis
164169,repellat,porro,rem
508849,quae,ratione,ex
690132,sunt,mollitia,tempora
397277,odio,voluptates,sit
147027,laudantium,aliquam,amet
755026,mollitia,eligendi,laboriosam
896606,dicta,dolorem,harum
933736,nostrum,eaque,a
168380,esse,hic,necessitatibus
995456,quasi,a,sit
201191,similique,assumenda,at
773065,amet,debitis,corporis
704305,cum,eligendi,voluptatum
579225,magnam,totam,recusandae
390373,accusamus,sunt,labore
500182,nobis,ipsum,quas
651769,aperiam,in,numquam
329694,inventore,accusantium,unde
830592,vero,mollitia,eaque
617899,error,blanditiis,asperiores
565169,perspiciatis,minima,omnis
841514,est,asperiores,aliquam
917111,ipsa,accusamus,veniam
295668,enim,adipisci,odio
298139,voluptas,vel,nostrum
830681,et,ullam,dolorem
423754,at,quaerat,distinctio
829861,iure,ut,rerum
606663,porro,voluptas,nulla
952280,amet,blanditiis,iste
780931,praesentium,ex,omnis
540329,voluptatum,illo,maiores
638043,maiores,quibusdam,pariatur
360492,facere,est,vel
644599,fuga,iure,iure
797386,error,autem,dicta
241211,ducimus,quis,vitae
436490,error,explicabo,facilis
319773,voluptates,iure,delectus
290878,dolor,voluptate,velit
994346,quo,voluptates,nihil
206682,totam,aut,odio
947422,eum,odit,architecto
366132,et,maxime,dolore
247597,laudantium,molestias,reprehenderit
684139,magnam,optio,eius
227435,porro,atque,et
575388,tempore,facilis,voluptatem
497805,dolorum,itaque,inventore
962648,quo,veritatis,ut
447465,vitae,dolore,tenetur
771588,corrupti,eius,quis
597905,accusantium,exercitationem,nulla
900302,id,officiis,accusantium
170707,natus,ad,illo
260303,possimus,ut,ipsa
889003,delectus,nesciunt,adipisci
372564,illo,earum,cupiditate
697823,aperiam,deserunt,assumenda
610902,velit,voluptatem,iure
127527,reiciendis,minima,fuga
110476,est,excepturi,saepe
196200,consectetur,labore,inventore
199364,eum,ipsum,modi
567995,ipsa,omnis,voluptatem
875515,soluta,doloremque,commodi
947908,expedita,rem,soluta
141726,porro,fugiat,rerum
518527,laborum,illum,natus
252256,mollitia,excepturi,officiis
716677,qui,modi,veritatis
441015,aperiam,suscipit,omnis
790219,quos,ipsum,beatae
503513,saepe,pariatur,nobis
998941,excepturi,aperiam,delectus
370352,sequi,consequuntur,iste
196600,ex,ipsum,voluptatem
142909,atque,nemo,voluptas
969869,quod,dolorum,autem
325638,sunt,ipsum,iste
292005,harum,nobis,tempore
473905,vel,veritatis,dolorem
512270,fuga,est,quaerat
913964,tenetur,iusto,quasi
186384,atque,unde,a
803006,fugiat,nemo,architecto
344481,quidem,enim,dolorum
149879,nam,ipsa,sit
356733,est,dolor,esse
120686,culpa,enim,vero
396112,tempore,rem,eligendi
385814,recusandae,libero,aliquid
899057,minus,dolore,cumque
716192,blanditiis,quibusdam,asperiores
583929,mollitia,enim,maxime
498805,harum,eius,nulla
201978,accusantium,fugit,perferendis
346911,odio,magni,aspernatur
778530,ullam,quasi,quasi
663368,natus,vel,veritatis
232910,laborum,quo,cum
356259,perferendis,maiores,consequatur
336849,iusto,veritatis,tenetur
282689,quod,ex,aspernatur
154087,asperiores,occaecati,explicabo
779887,dolor,harum,iure
923094,eum,maxime,temporibus
828201,eius,accusantium,molestias
505178,illo,animi,eveniet
528047,error,numquam,amet
497410,facere,quos,maiores
651857,odio,iste,consectetur
109292,dignissimos,fugit,eum
738524,facere,assumenda,tenetur
311253,ullam,illum,veritatis
457286,quas,sint,nulla
752012,labore,iste,fugit
746128,praesentium,distinctio,magnam
922975,corrupti,officiis,molestiae
214242,provident,id,possimus
703320,iure,mollitia,amet
561771,inventore,quas,tempora
280251,ab,fugiat,sequi
837549,sapiente,possimus,similique
574134,rem,rem,maxime
274004,ut,quas,ut
132630,occaecati,numquam,facere
257710,quibusdam,voluptatem,accusantium
422282,a,mollitia,veritatis
595357,soluta,hic,tempore
217762,exercitationem,aut,voluptatem
312614,facilis,ut,velit
824515,temporibus,culpa,similique
865154,cum,tempore,corporis
297332,modi,animi,iure
397275,iusto,corrupti,dolores
520575,a,vitae,ratione
942608,possimus,sint,nobis
721565,debitis,doloribus,cum
754015,atque,magnam,blanditiis
635762,ipsum,consequuntur,unde
298490,sint,possimus,natus
971267,soluta,similique,enim
604324,eius,repellat,sed
346439,iusto,dignissimos,deleniti
675572,tenetur,illum,neque
650922,tempora,nihil,culpa
482071,incidunt,esse,unde
572534,magni,at,atque
657135,id,molestiae,ullam
564878,nihil,eligendi,alias
344229,consequuntur,aut,vel
748570,sapiente,nihil,aliquid
347974,sunt,vitae,culpa
534422,amet,et,culpa
197856,laudantium,necessitatibus,dicta
478572,odit,tempora,nulla
629188,possimus,voluptatum,corrupti
314353,quam,temporibus,blanditiis
909540,quisquam,vitae,accusamus
359688,excepturi,deleniti,itaque
897087,reprehenderit,numquam,asperiores
758574,aliquid,repudiandae,delectus
951003,iure,iure,voluptatum
723470,architecto,culpa,explicabo
599722,nemo,corrupti,eos
714044,eius,a,consequuntur
740930,cupiditate,a,nisi
855036,officiis,numquam,quis
830744,sit,ea,veniam
935486,accusantium,ab,tempore
417498,quas,debitis,consequatur
451730,praesentium,suscipit,placeat
823826,cum,ratione,consequuntur
205892,vero,a,dolores
955487,eligendi,iste,id
319951,quasi,itaque,magnam
582890,eligendi,assumenda,repellendus
169845,reiciendis,voluptatem,ea
768639,iure,voluptate,officia
146288,maiores,error,cum
589961,asperiores,dolores,asperiores
574559,occaecati,error,ducimus
342117,ipsum,nam,quisquam
540765,corporis,veniam,nostrum
203144,quis,officiis,illo
776170,delectus,quisquam,voluptas
514523,praesentium,non,inventore
987900,est,possimus,excepturi
399141,sapiente,dicta,saepe
843848,sunt,atque,sint
215316,necessitatibus,pariatur,consectetur
136531,nesciunt,natus,magnam
394553,tempora,repellendus,iste
746934,consequatur,minus,necessitatibus
838486,quibusdam,magni,quas
680691,magni,quisquam,accusantium
885304,dolores,quidem,eaque
255190,quaerat,consequatur,totam
488454,at,cum,alias
953658,labore,cupiditate,cumque
448156,porro,consequuntur,quam
920802,deserunt,illo,omnis
593466,veritatis,ex,numquam
151571,eligendi,quas,vero
747210,natus,a,sit
274765,assumenda,est,in
623461,totam,error,deserunt
811886,recusandae,cum,animi
490557,soluta,porro,provident
913046,voluptas,eligendi,sapiente
944551,deleniti,dolor,vitae
739300,distinctio,maxime,perferendis
443516,eveniet,similique,eveniet
545010,iusto,placeat,nulla
163375,est,alias,sed
348389,id,dolorum,quo
206962,tenetur,ipsa,doloremque
235092,explicabo,aspernatur,eius
358366,sunt,modi,odit
391142,velit,nemo,magnam
382731,delectus,placeat,illum
908896,quam,veritatis,explicabo
547168,aliquam,rem,sit
158719,deleniti,optio,libero
567330,nesciunt,corporis,nisi
832989,iusto,perspiciatis,laborum
418026,ducimus,libero,provident
395583,repellendus,magni,neque
606346,assumenda,maiores,assumenda
250260,aspernatur,rerum,qui
940830,nesciunt,minima,aliquid
459686,unde,debitis,nostrum
223272,inventore,fugiat,ea
521000,quae,quia,pariatur
514063,culpa,at,tempora
247621,corrupti,aliquid,laudantium
368558,cumque,recusandae,tempora
510005,consequatur,aperiam,delectus
547637,tempore,quos,vero
416938,voluptate,repellendus,dolores
266073,quia,eligendi,voluptatibus
494399,officia,sunt,facilis
389140,voluptatum,quos,occaecati
346314,nesciunt,rerum,modi
742187,blanditiis,in,adipisci
392270,ipsum,dolores,officiis
553355,sunt,sit,eaque
455467,alias,blanditiis,explicabo
549290,reiciendis,id,inventore
580740,nostrum,vero,ducimus
224628,facere,non,beatae
437396,amet,at,ea
724467,nulla,beatae,occaecati
881751,atque,harum,molestiae
896687,sint,vero,doloremque
522610,qui,hic,tempora
732022,debitis,fugit,minus
106424,eum,illo,quas
579132,est,illo,error
434400,maiores,fuga,culpa
392814,atque,explicabo,officia
716872,nostrum,error,ipsam
386138,vitae,incidunt,delectus
869740,vero,occaecati,magnam
973953,magnam,quasi,deserunt
485164,ipsum,eius,nam
516450,doloribus,fugiat,quibusdam
139438,velit,assumenda,impedit
644252,atque,velit,esse
269309,nihil,quisquam,atque
338561,enim,commodi,cupiditate
424921,fugiat,itaque,quod
691419,voluptatem,dicta,totam
104422,sit,repellat,sapiente
162124,expedita,est,atque
437718,commodi,voluptate,blanditiis
464348,quo,veritatis,iusto
213403,illo,necessitatibus,vitae
532942,natus,aspernatur,magni
528262,accusamus,ab,nobis
542825,impedit,sint,quaerat
343817,quas,blanditiis,minus
108384,error,aut,exercitationem
589274,est,veniam,nisi
362069,eius,ab,inventore
418603,fugiat,labore,soluta
686274,quo,dolorem,occaecati
443341,sed,dignissimos,eveniet
494616,quos,dolorem,optio
819196,expedita,tempore,molestiae
355183,quis,consectetur,quibusdam
495444,nostrum,a,quae
151854,enim,enim,dignissimos
228580,corrupti,similique,tenetur
123553,omnis,est,cum
850067,nulla,ex,a
263216,architecto,perspiciatis,natus
732235,mollitia,aperiam,odit
982724,possimus,necessitatibus,amet
490166,dolores,laborum,quisquam
467012,quisquam,nobis,odit
834165,at,quis,nihil
242468,ea,deleniti,reiciendis
680430,esse,fuga,repellat
544848,accusantium,similique,ab
305026,illo,ullam,veritatis
793958,error,sunt,quod
236895,sed,iusto,accusamus
883284,eius,non,tenetur
306347,quos,deleniti,animi
982619,necessitatibus,facere,harum
817847,tenetur,eligendi,sunt
147241,tenetur,repellendus,animi
748416,eaque,nobis,libero
156181,quod,voluptates,corrupti
416296,reprehenderit,recusandae,eveniet
577496,sed,mollitia,itaque
732355,dignissimos,numquam,neque
647761,voluptatum,itaque,quae
824865,odio,corrupti,magni
284843,beatae,repellendus,fuga
321968,fugiat,molestias,sed
551451,ea,ducimus,nulla
534101,mollitia,corrupti,sed
440051,rem,omnis,autem
879721,rem,accusantium,quod
359234,vitae,libero,ullam
280960,quisquam,itaque,neque
907401,repellat,error,iste
433967,aperiam,modi,nisi
271431,deserunt,laborum,quos
244518,fugit,voluptatibus,in
792693,harum,ex,nesciunt
971777,possimus,esse,recusandae
229124,officia,repellendus,sequi
345778,ipsam,voluptas,voluptate
410871,voluptas,quas,dolore
316949,soluta,tempora,expedita
760964,molestias,eum,velit
676184,totam,cum,dolorem
119644,pariatur,quia,tempora
511763,tempora,totam,ab
241962,similique,illum,ipsam
189901,et,pariatur,vel
120733,totam,eum,ipsam
646432,maxime,debitis,exercitationem
649330,minima,sit,quod
630300,tempore,quibusdam,nesciunt
102715,quaerat,natus,vel
457984,quaerat,iusto,voluptatum
405293,nesciunt,quasi,molestiae
829300,voluptas,tempore,architecto
159661,modi,saepe,reprehenderit
201736,aperiam,explicabo,odit
185522,harum,dolores,ex
793256,voluptatibus,debitis,quas
300602,aut,molestias,voluptates
630454,ad,ratione,aperiam
205744,eligendi,dolorem,aperiam
248459,numquam,quibusdam,pariatur
413442,minima,recusandae,delectus
580134,repudiandae,laboriosam,officiis
265171,accusantium,totam,explicabo
548656,voluptates,id,cum
586994,fuga,voluptatem,accusamus
973549,magni,cumque,voluptatum
654499,consectetur,nam,doloremque
658892,pariatur,labore,est
391122,reprehenderit,natus,rerum
373879,necessitatibus,aspernatur,tenetur
226901,delectus,corrupti,cupiditate
925781,minus,officiis,corrupti
399137,officia,dolorem,sed
806747,aliquid,eligendi,deserunt
144421,ex,culpa,rerum
179941,similique,dignissimos,occaecati
540437,eveniet,facilis,maxime
182740,dolores,amet,quibusdam
187865,libero,quo,laudantium
162319,enim,possimus,recusandae
433019,ut,inventore,suscipit
153343,tempora,odit,veritatis
493678,cupiditate,vel,veniam
867199,ratione,eos,iste
427852,earum,qui,molestiae
533599,eum,numquam,dolor
273685,accusantium,voluptatum,laboriosam
947749,necessitatibus,quis,aliquid
527395,repudiandae,explicabo,perspiciatis
919051,sint,deserunt,eos
778508,corrupti,eaque,facilis
438903,numquam,corporis,quam
894704,ipsum,perferendis,id
673460,sed,repellendus,necessitatibus
857812,doloremque,reprehenderit,ipsum
805935,magnam,adipisci,maxime
752556,asperiores,voluptates,distinctio
116781,ea,dolore,doloremque
504306,ratione,expedita,nam
779573,sit,est,magnam
315096,dolor,aperiam,voluptates
792653,enim,repellendus,molestias
381949,quibusdam,nobis,nulla
636584,tempora,soluta,voluptatem
101850,ipsam,nesciunt,voluptates
938365,debitis,quaerat,impedit
882934,natus,aliquam,nisi
553024,quidem,tempora,minus
170380,id,rerum,maxime
984678,veritatis,nisi,minus
197113,inventore,nam,pariatur
196579,labore,adipisci,maiores
128997,fugiat,tempora,neque
951935,suscipit,adipisci,rem
503976,id,vel,aspernatur
826117,et,corrupti,assumenda
285478,esse,ab,nostrum
971321,atque,id,vero
745623,officia,quisquam,aliquam
892069,eligendi,rerum,aut
253249,non,rerum,architecto
528886,hic,natus,officiis
174998,occaecati,voluptatibus,animi
417514,sequi,eligendi,quam
821716,deleniti,eum,sequi
972778,autem,dolores,alias
931659,quam,dolor,rerum
417907,beatae,aspernatur,quisquam
581101,fugiat,minima,asperiores
934692,consequuntur,deleniti,ratione
910136,voluptas,architecto,accusantium
404147,cupiditate,molestiae,porro
760850,recusandae,suscipit,et
355303,provident,impedit,illo
201006,adipisci,in,in
135627,tempora,reprehenderit,cupiditate
814467,amet,maiores,autem
862492,nulla,aspernatur,occaecati
734596,deserunt,animi,aspernatur
540580,beatae,nostrum,cupiditate
122312,modi,sequi,quos
914896,explicabo,dolore,doloribus
865677,cupiditate,odit,accusantium
685008,qui,voluptatum,maxime
912202,distinctio,earum,eveniet
967846,odio,excepturi,beatae
254814,laudantium,aliquid,vel
941067,quibusdam,hic,commodi
251438,hic,harum,quas
364031,nesciunt,recusandae,debitis
708707,quam,repellat,esse
928667,asperiores,eveniet,fugiat
341528,perspiciatis,quam,ut
380719,doloremque,dolorum,fugit
436927,quam,maiores,facere
495066,veritatis,cum,tempora
219093,tempore,occaecati,dolorem
602830,occaecati,fuga,ut
583601,quam,modi,dolorem
273109,quis,beatae,eveniet
213315,nostrum,fugit,dolorum
449327,praesentium,enim,et
877269,accusantium,amet,dignissimos
935094,voluptas,doloribus,quam
787173,aut,eligendi,illum
944342,velit,fugit,numquam
346504,consequatur,commodi,ab
604001,ut,pariatur,ullam
530097,quasi,est,odio
323875,nihil,unde,vitae
815354,non,repudiandae,doloribus
786107,repellat,eum,sint
634998,autem,aspernatur,repellat
298906,corrupti,vitae,explicabo
998197,unde,modi,modi
896006,cumque,voluptatem,repellendus
318280,accusamus,nostrum,distinctio
532099,odit,optio,dolorem
667492,veritatis,veniam,exercitationem
138804,veritatis,totam,commodi
550416,non,libero,iste
356541,laboriosam,accusantium,unde
744345,dolore,voluptate,vero
424248,voluptates,cupiditate,adipisci
333857,corporis,autem,omnis
124519,modi,ratione,molestias
478656,in,reiciendis,aperiam
932065,incidunt,quibusdam,delectus
795982,natus,temporibus,optio
265141,optio,nam,delectus
567158,dolorem,cupiditate,architecto
807731,iste,aliquid,repudiandae
411570,sunt,distinctio,neque
811762,magnam,voluptates,accusamus
486870,quia,voluptates,accusantium
678568,architecto,ex,cumque
161283,vitae,totam,esse
787230,autem,nobis,sequi
350363,ipsam,sit,suscipit
541787,sunt,aliquid,laboriosam
994132,rem,occaecati,incidunt
575701,earum,ratione,sapiente
942631,esse,doloremque,quos
496694,commodi,dolorum,molestias
334818,ut,quas,deserunt
419602,facilis,maxime,expedita
984602,deserunt,quas,fuga
852067,inventore,distinctio,eius
443233,odio,minus,ducimus
925350,ipsa,recusandae,quo
327256,tempora,magni,corrupti
303480,voluptates,ipsum,rerum
132161,eius,ipsam,voluptates
910929,accusamus,aperiam,totam
338390,placeat,sapiente,commodi
405968,et,quis,quibusdam
396467,iure,quos,reiciendis
852782,eius,possimus,voluptates
665132,fugiat,laborum,totam
246648,exercitationem,dolore,pariatur
413417,aut,dolor,reprehenderit
137906,consequuntur,deleniti,libero
331207,eos,unde,corrupti
411506,ex,aliquid,itaque
253779,mollitia,veritatis,earum
807133,omnis,quibusdam,molestiae
658208,perferendis,non,doloribus
799514,voluptas,totam,cumque
966631,repellat,saepe,ex
313632,ratione,illo,provident
965559,odit,aspernatur,repellat
985483,ut,dignissimos,nesciunt
242737,est,officiis,ab
692663,quod,dolorem,eveniet
279115,quas,illo,consequuntur
454736,at,sint,veniam
373467,velit,corporis,dolorem
851531,aliquam,commodi,voluptatum
268065,adipisci,tempora,enim
387090,beatae,tempore,maxime
259772,eligendi,tempore,nostrum
176263,fuga,quaerat,esse
369756,alias,vitae,ut
646174,provident,fugit,voluptates
694041,veniam,iure,odit
916752,laudantium,doloribus,nobis
778171,expedita,distinctio,delectus
956666,officiis,harum,nisi
328457,odio,error,atque
872569,ipsa,quia,ex
587100,quisquam,ad,est
259406,corrupti,repellat,laboriosam
478845,sequi,similique,repellat
672701,vero,sunt,dolor
121555,iusto,in,magnam
501515,mollitia,cum,esse
384588,possimus,optio,ex
344660,eveniet,provident,perspiciatis
522682,est,totam,earum
100247,ad,atque,laudantium
166856,dolores,molestiae,voluptatum
213924,reprehenderit,a,tempore
113664,doloremque,distinctio,occaecati
742069,unde,omnis,debitis
211317,incidunt,voluptatum,nam
289926,quo,cumque,odio
587444,sed,vitae,repellendus
303031,hic,provident,sunt
926043,animi,magni,atque
577895,ex,nisi,porro
705328,soluta,quos,delectus
870742,corporis,deleniti,architecto
295299,asperiores,impedit,doloribus
659878,harum,suscipit,nulla
495319,vero,quis,suscipit
332702,atque,doloribus,rem
653212,dicta,nihil,quia
332232,ex,error,cumque
276405,nostrum,aperiam,eius
888322,laborum,numquam,excepturi
685397,eaque,esse,error
379992,iusto,nobis,suscipit
530432,veritatis,maxime,molestias
457033,aperiam,blanditiis,illo
603121,magnam,minima,reprehenderit
759382,voluptates,ipsa,provident
242596,ab,minus,distinctio
826407,facilis,natus,natus
208882,aliquam,officia,assumenda
257349,totam,voluptatem,itaque
198343,omnis,exercitationem,molestias
758286,enim,inventore,optio
737771,debitis,necessitatibus,neque
928949,perferendis,quidem,odit
539171,eveniet,numquam,itaque
557536,deleniti,sed,minima
613486,sapiente,doloribus,illo
405426,temporibus,aliquam,doloremque
433985,quidem,facilis,magni
616083,nam,consectetur,aspernatur
774138,aliquam,rem,nihil
722730,dolores,nulla,explicabo
557958,nulla,aliquid,aperiam
590100,distinctio,temporibus,nisi
754104,perferendis,eveniet,optio
157022,quos,repellendus,tenetur
263626,blanditiis,magni,in
439818,laboriosam,ipsam,vero
300652,dolorum,facilis,hic
883734,corporis,nostrum,dolor
864920,veniam,autem,reiciendis
654497,corporis,ab,porro
355635,perspiciatis,aliquid,totam
168623,laboriosam,est,harum
396522,sint,labore,recusandae
608897,velit,iusto,eaque
581410,inventore,ipsum,saepe
719999,ex,temporibus,fuga
997620,tempora,veniam,deleniti
979786,est,vel,nihil
571999,non,sint,id
304178,tempora,iure,quo
962830,eos,quos,nemo
324356,neque,mollitia,doloremque
173939,commodi,incidunt,reiciendis
314588,id,deserunt,itaque
509876,error,officiis,ducimus
726191,alias,alias,eveniet
512769,dolor,accusantium,doloribus
273171,possimus,maiores,labore
352084,a,adipisci,at
350536,modi,ullam,in
973740,numquam,harum,quam
899455,ducimus,optio,ipsum
615374,aut,accusantium,quod
484368,vitae,repudiandae,ipsum
382169,commodi,nostrum,molestiae
427911,vel,harum,aliquam
417446,molestias,officiis,veniam
561305,laboriosam,officia,corrupti
340390,repellat,exercitationem,aut
560372,qui,vero,expedita
390117,quos,dicta,accusamus
905854,ipsa,sunt,quis
160738,ipsa,eveniet,minus
589189,reprehenderit,unde,commodi
620274,id,repudiandae,modi
491719,id,minima,beatae
465238,officiis,aspernatur,iure
240895,perferendis,excepturi,numquam
861818,optio,animi,ratione
858759,sint,tenetur,sint
102695,cum,recusandae,sequi
444976,error,deleniti,quaerat
707324,provident,sunt,cupiditate
967217,necessitatibus,nesciunt,itaque
369866,harum,minus,vitae
143561,id,molestiae,dolorem
554894,amet,deserunt,harum
120122,nesciunt,recusandae,pariatur
165430,sunt,vitae,blanditiis
319045,praesentium,repellat,non
426093,corrupti,quas,sapiente
675453,ipsa,rerum,molestiae
566564,facilis,ex,cupiditate
974519,atque,asperiores,temporibus
264641,recusandae,velit,voluptatum
288914,aspernatur,molestias,soluta
364823,tempora,beatae,minima
998966,recusandae,velit,officia
422160,excepturi,exercitationem,provident
648032,iusto,tenetur,tempore
836356,ea,quam,reprehenderit
390253,perferendis,molestiae,eum
729364,maiores,quasi,corrupti
902027,reiciendis,impedit,officia
804039,impedit,maiores,laborum
237327,sapiente,nihil,illum
125819,nemo,odio,optio
563124,reprehenderit,atque,assumenda
706200,esse,id,magni
851574,itaque,mollitia,eveniet
162115,molestiae,sint,excepturi
438476,soluta,exercitationem,hic
179249,dignissimos,consequatur,nemo
702385,vitae,numquam,deserunt
236254,laborum,quidem,sit
630059,veniam,culpa,explicabo
540469,tempore,reprehenderit,quia
642303,at,ducimus,aut
734461,placeat,dolorem,eum
708675,ex,nesciunt,esse
420187,aperiam,necessitatibus,culpa
781671,ipsum,doloremque,error
953817,veritatis,veniam,quia
960098,possimus,delectus,maxime
420769,facilis,suscipit,quas
463872,cupiditate,officia,tempore
139786,fuga,consectetur,quia
588049,illum,necessitatibus,natus
897119,nam,impedit,nisi
170743,libero,expedita,nam
697979,facilis,voluptate,accusantium
544413,quae,minima,dicta
839688,amet,odio,doloremque
477794,doloremque,nulla,quae
188834,vero,officia,quo
809212,cum,esse,sint
755840,unde,numquam,debitis
780927,praesentium,consequatur,consectetur
785504,repellat,soluta,ad
190769,quaerat,debitis,modi
495907,labore,ipsum,dignissimos
280630,perspiciatis,suscipit,vitae
265470,vero,itaque,aperiam
319833,quisquam,aliquid,eligendi
108659,debitis,consequuntur,eius
355724,reiciendis,veniam,cumque
539112,totam,similique,nemo
857213,cum,cupiditate,animi
171211,perspiciatis,doloribus,tenetur
373706,enim,voluptatum,maxime
681494,magnam,facere,rem
461661,error,ad,sint
724454,alias,excepturi,doloremque
319700,mollitia,tenetur,incidunt
517013,temporibus,esse,facilis
234946,illum,dicta,impedit
183801,incidunt,officia,at
667569,magnam,velit,cumque
417339,deleniti,modi,id
432863,necessitatibus,similique,quaerat
142404,doloremque,placeat,quo
965439,veniam,vero,itaque
490134,recusandae,fuga,rerum
631327,consequuntur,et,vel
