rd_id,cust_id,maturity_amt,installment_amt,total_paid,maturity_date
ratione,1969,ea,corporis,reiciendis,amet
earum,2935,iste,eligendi,cum,sint
corrupti,1910,sit,cum,voluptatibus,ducimus
dolores,1119,doloremque,eaque,natus,veritatis
pariatur,2315,enim,doloremque,nulla,totam
eligendi,3602,amet,excepturi,quaerat,possimus
nam,1783,modi,ab,sint,ipsam
quasi,1285,totam,et,reiciendis,provident
consequatur,2744,eveniet,sapiente,quisquam,incidunt
minus,5827,dignissimos,assumenda,voluptate,nisi
optio,5858,sunt,dolore,aliquid,vitae
excepturi,4517,dolor,reiciendis,laboriosam,nostrum
inventore,3948,optio,architecto,blanditiis,at
itaque,9002,facilis,aliquid,cumque,et
aliquid,5973,tenetur,tempore,distinctio,quo
earum,3251,voluptatibus,ea,consequuntur,corporis
quos,2170,natus,occaecati,numquam,similique
laborum,6390,hic,voluptas,voluptate,omnis
numquam,1068,fugit,et,architecto,nihil
molestiae,1728,quod,voluptas,harum,blanditiis
alias,7019,magni,optio,sequi,quidem
ratione,4601,occaecati,deleniti,quisquam,nostrum
consectetur,9943,sint,nihil,ratione,deserunt
reiciendis,4336,nostrum,ab,aperiam,odio
minima,6997,veniam,architecto,dolores,debitis
porro,1233,iure,autem,aliquam,aperiam
vel,8700,reiciendis,ad,ipsam,excepturi
consequuntur,9688,quis,optio,pariatur,nihil
repellendus,7562,possimus,quaerat,labore,ea
iusto,4040,molestias,id,cum,repudiandae
sit,8162,fugit,facilis,in,hic
praesentium,9397,eligendi,officiis,ratione,id
corporis,3500,suscipit,eum,facere,saepe
doloribus,8081,nemo,labore,officiis,voluptate
eveniet,3530,adipisci,molestiae,dolor,numquam
omnis,8040,velit,inventore,nesciunt,ullam
laudantium,8960,distinctio,veniam,aperiam,voluptas
eveniet,8585,iusto,facilis,vero,sequi
expedita,8914,beatae,recusandae,laboriosam,nihil
quos,5393,natus,quod,natus,vitae
omnis,1645,placeat,officia,molestias,repellendus
nisi,5034,et,recusandae,velit,eius
optio,1433,quis,at,ad,vero
quisquam,4427,amet,neque,magni,dignissimos
similique,6307,in,sunt,vitae,provident
sequi,7242,hic,sequi,culpa,rem
non,9038,natus,deleniti,eos,amet
sunt,8675,error,ratione,unde,architecto
nemo,8039,commodi,commodi,dolor,facilis
omnis,8700,sed,aspernatur,repellat,suscipit
vel,5945,placeat,nulla,autem,quia
eaque,9209,veritatis,fuga,eius,at
dignissimos,3739,modi,modi,voluptate,repudiandae
aspernatur,7439,dolore,quasi,aspernatur,repellendus
id,2098,saepe,fugit,repudiandae,illum
quas,1277,officiis,dolorem,nihil,ex
similique,4869,hic,debitis,beatae,velit
inventore,4928,laboriosam,laboriosam,molestias,ipsam
tenetur,1941,quos,itaque,voluptatum,magni
quas,1044,minima,sunt,tempora,placeat
iste,8403,voluptatum,reprehenderit,numquam,architecto
animi,7156,et,ea,aspernatur,illo
dolorum,4376,unde,reiciendis,ab,reprehenderit
porro,6004,molestias,voluptatum,quos,exercitationem
facilis,2420,fugiat,repellendus,vel,qui
quam,8808,sint,perspiciatis,fugiat,minima
rerum,9452,architecto,autem,expedita,quidem
tempora,9816,distinctio,assumenda,provident,minima
dolores,9565,officia,id,delectus,nobis
modi,1436,similique,laboriosam,pariatur,sunt
nemo,2359,nihil,eos,ducimus,facilis
et,3131,ad,ab,neque,iusto
voluptas,7641,soluta,vero,repudiandae,voluptas
totam,1682,qui,quae,ea,tempore
ex,9322,eligendi,laudantium,delectus,molestiae
dicta,9696,modi,recusandae,odit,corrupti
voluptas,4614,facere,vero,dolor,tenetur
consequatur,4410,in,labore,quisquam,vel
fugit,4309,corrupti,voluptate,deleniti,est
mollitia,1980,voluptas,aliquam,nostrum,est
adipisci,2649,minima,quibusdam,beatae,adipisci
tempore,9472,beatae,id,in,aliquid
ad,9541,adipisci,magni,libero,illum
provident,5526,aut,tempora,saepe,odit
enim,1055,rerum,nihil,vitae,pariatur
possimus,2979,illo,nihil,aliquid,quos
quam,7081,possimus,laborum,laborum,blanditiis
tenetur,9157,nostrum,sequi,modi,distinctio
optio,8827,vitae,a,delectus,velit
repudiandae,2762,accusamus,sint,vero,delectus
eaque,8910,earum,molestiae,voluptatum,minus
magnam,6145,non,saepe,accusamus,eum
deserunt,1041,in,reiciendis,labore,cumque
officia,7070,odit,quidem,amet,ratione
unde,6140,error,laudantium,atque,quam
expedita,7998,iure,mollitia,vitae,est
possimus,9304,quo,quod,a,cumque
sequi,7496,totam,voluptates,a,officia
maxime,3870,beatae,quam,nostrum,quasi
minima,2409,odio,praesentium,mollitia,possimus
eius,7485,ipsa,ullam,vel,sed
occaecati,7419,delectus,error,nobis,provident
incidunt,7194,veniam,similique,doloribus,sint
maxime,9833,magni,accusamus,saepe,sint
quasi,9227,magni,vel,libero,eum
impedit,8793,saepe,necessitatibus,eveniet,harum
suscipit,2389,ut,deserunt,laudantium,itaque
eos,5201,aperiam,excepturi,debitis,omnis
atque,6041,tempora,debitis,molestiae,at
eveniet,1184,impedit,maiores,pariatur,vel
harum,1359,sequi,dignissimos,eaque,commodi
optio,6344,nisi,quidem,odio,accusamus
aliquid,9278,architecto,porro,nemo,beatae
fugiat,7237,molestiae,sapiente,enim,quisquam
consequuntur,4333,itaque,non,voluptates,placeat
vero,6031,veritatis,esse,similique,officia
totam,9354,quas,deserunt,in,deleniti
eligendi,3436,dignissimos,et,veniam,eligendi
architecto,6564,nisi,mollitia,sed,qui
ut,8415,deserunt,in,amet,natus
totam,3265,dignissimos,rerum,quos,veniam
culpa,8313,est,earum,ea,aut
consequatur,2773,sunt,velit,libero,voluptas
sint,3516,incidunt,necessitatibus,sequi,ad
culpa,8874,recusandae,facilis,nemo,veritatis
cum,9241,aperiam,tempora,soluta,blanditiis
error,5703,vero,incidunt,necessitatibus,illum
ducimus,3524,architecto,eaque,cumque,repellendus
consequuntur,2645,ab,pariatur,voluptate,non
iusto,2463,nemo,blanditiis,aut,ea
rem,5942,provident,iure,minus,ratione
nesciunt,4332,sunt,voluptatem,tempora,doloribus
repellendus,3018,ipsam,non,vero,accusantium
eius,3472,ab,quos,temporibus,illo
beatae,1199,iusto,tempore,enim,voluptatum
ipsam,6925,iste,aliquam,porro,aut
dolores,1835,explicabo,eaque,accusantium,asperiores
iusto,7027,magni,placeat,temporibus,officia
impedit,2006,aspernatur,voluptas,expedita,voluptate
odio,9961,illum,praesentium,tempora,soluta
adipisci,7570,rerum,quam,in,magnam
ut,2524,delectus,consectetur,nesciunt,tenetur
et,9740,et,aperiam,aspernatur,laboriosam
at,4370,possimus,eveniet,unde,deleniti
repellat,9757,ut,odit,mollitia,eius
veniam,8571,quisquam,saepe,quibusdam,provident
excepturi,7816,impedit,autem,omnis,quam
delectus,5442,incidunt,cum,laborum,pariatur
similique,3291,pariatur,enim,voluptas,praesentium
amet,2794,recusandae,autem,fugiat,perspiciatis
qui,8532,eum,velit,minus,distinctio
perferendis,9201,excepturi,voluptatem,rerum,numquam
eos,9007,provident,laudantium,eligendi,doloremque
exercitationem,8023,qui,repellendus,natus,voluptates
deserunt,2927,sit,excepturi,asperiores,esse
sit,5565,quibusdam,placeat,numquam,ex
magni,9696,placeat,quod,vel,temporibus
quia,2153,porro,eum,similique,quo
voluptates,6715,facilis,voluptas,deleniti,voluptatem
sapiente,6634,aut,voluptatibus,placeat,voluptates
fugit,1684,et,distinctio,inventore,nam
molestiae,6812,eius,dolore,veniam,aliquid
consequatur,1244,soluta,impedit,illum,amet
quos,4991,officiis,dignissimos,enim,amet
unde,5491,voluptas,accusantium,beatae,totam
esse,3047,ullam,debitis,quibusdam,provident
fugit,4453,ad,libero,voluptate,cum
quae,1192,necessitatibus,omnis,quibusdam,debitis
repudiandae,1375,autem,repudiandae,nobis,quae
eveniet,8421,sunt,odio,adipisci,culpa
reprehenderit,7479,cumque,non,molestias,perferendis
dolores,9560,ipsum,laborum,perferendis,laudantium
reiciendis,4453,distinctio,pariatur,occaecati,rerum
nobis,8948,doloremque,excepturi,aliquid,repellat
recusandae,1217,ipsa,quae,veniam,eaque
similique,5822,error,maxime,reiciendis,asperiores
eveniet,3568,doloribus,natus,sint,quis
corporis,5962,hic,voluptates,quos,praesentium
itaque,6899,reprehenderit,nemo,architecto,eligendi
distinctio,7503,error,quo,voluptatum,voluptas
laborum,6372,ad,necessitatibus,quibusdam,dolorum
tempora,5167,vitae,optio,magnam,eos
necessitatibus,6369,quod,ipsam,consequatur,tempore
possimus,1929,eaque,sapiente,laborum,nostrum
quod,8848,optio,modi,placeat,eligendi
vero,8853,sunt,id,non,voluptas
consectetur,6254,ipsam,odio,sunt,officiis
quidem,2129,ipsum,ducimus,necessitatibus,neque
odio,2955,est,animi,suscipit,voluptatem
dolorum,3266,sunt,natus,odit,inventore
similique,5805,nihil,ipsum,quaerat,laboriosam
libero,7108,eum,dolorem,nobis,animi
possimus,9587,aut,fugit,voluptatum,accusantium
vitae,3650,dolorum,officiis,illum,velit
ducimus,9804,unde,inventore,optio,dolor
omnis,1273,illo,sapiente,soluta,officia
repellendus,2679,quaerat,qui,unde,voluptatibus
vero,2158,dolorum,ad,quae,soluta
cumque,4045,similique,ex,autem,quis
debitis,8443,facilis,consectetur,quae,accusamus
deleniti,8277,quidem,consectetur,in,sapiente
ut,7628,id,aut,exercitationem,accusantium
incidunt,4354,voluptate,veniam,impedit,perferendis
culpa,8424,laudantium,ipsa,eveniet,corrupti
corrupti,1896,veniam,corrupti,nemo,neque
ad,2424,perferendis,iste,eum,explicabo
magnam,8887,dolorum,provident,praesentium,neque
saepe,3759,delectus,voluptas,eaque,facilis
quo,8570,minus,quasi,natus,assumenda
impedit,7823,dicta,quas,repellendus,ad
pariatur,5542,illo,exercitationem,ullam,expedita
repellat,6321,minus,unde,quisquam,sint
sequi,9258,rerum,autem,molestias,totam
voluptas,6734,non,nisi,nesciunt,tenetur
adipisci,1297,voluptate,laboriosam,rem,quibusdam
sit,6178,earum,perspiciatis,accusantium,repellendus
neque,1040,saepe,fugiat,nisi,labore
labore,6388,deserunt,hic,unde,magnam
consequatur,2576,veritatis,dolores,aliquam,placeat
sequi,1073,et,eveniet,ipsam,sunt
vitae,6258,dolorem,porro,sunt,odio
quibusdam,6116,consectetur,error,repudiandae,quibusdam
laborum,8258,nam,minima,laboriosam,facilis
omnis,1941,nihil,porro,saepe,nemo
cupiditate,5916,quasi,distinctio,ipsa,aliquam
expedita,8945,nulla,esse,iste,cum
molestias,9176,porro,vitae,aperiam,et
iure,7159,et,dicta,ipsam,molestiae
ratione,3329,voluptatibus,perferendis,animi,facere
consequatur,1035,reiciendis,consequatur,est,soluta
voluptas,8561,necessitatibus,facilis,adipisci,nisi
vel,8373,repudiandae,eligendi,et,porro
odio,5798,tempora,qui,laudantium,natus
eaque,2333,enim,nam,vitae,unde
aperiam,6295,et,tempora,laborum,voluptatibus
dolorum,7839,neque,quasi,mollitia,voluptate
sit,9579,suscipit,similique,adipisci,officia
tenetur,9774,porro,provident,quidem,quo
explicabo,4316,libero,esse,quibusdam,repellat
repellat,5718,sequi,similique,ipsa,eius
dolor,3211,voluptatibus,ipsam,officia,ratione
atque,4519,assumenda,consequatur,veniam,harum
a,1712,rem,quos,inventore,alias
quasi,4034,tempore,quas,quos,quos
vitae,9407,nulla,quis,fuga,rem
eligendi,3085,unde,magnam,illum,molestiae
repellendus,2097,libero,libero,quis,aliquam
magnam,3379,laborum,debitis,hic,nemo
est,7114,nulla,blanditiis,iure,omnis
enim,6016,laboriosam,pariatur,iste,sit
iure,7994,deserunt,provident,esse,voluptatibus
eligendi,6166,fugiat,excepturi,nobis,impedit
saepe,3205,deleniti,maxime,ut,reiciendis
iure,6719,architecto,perspiciatis,et,ad
excepturi,7002,quod,harum,consectetur,neque
recusandae,6570,commodi,maxime,rerum,sit
quibusdam,4568,optio,nihil,neque,culpa
repellendus,6173,consectetur,rerum,facere,neque
architecto,6702,atque,animi,corporis,nulla
accusamus,3037,placeat,nulla,quas,aspernatur
asperiores,8852,iste,officia,dolorum,neque
ipsa,8333,ea,consequatur,accusantium,accusamus
sint,5540,quibusdam,excepturi,nisi,similique
consequatur,9172,nesciunt,dolor,minus,at
hic,4395,maiores,distinctio,natus,explicabo
quaerat,1530,enim,perspiciatis,doloremque,sed
accusantium,4533,sapiente,quod,distinctio,sequi
consequatur,8643,nostrum,consectetur,error,officia
sequi,3511,tempora,ducimus,culpa,sit
culpa,4508,voluptatem,nulla,eum,suscipit
explicabo,2023,praesentium,aspernatur,sequi,eum
ratione,6584,accusamus,placeat,ex,adipisci
dolorum,1952,nostrum,consequuntur,quasi,recusandae
id,4868,est,perferendis,quisquam,mollitia
quidem,1156,doloribus,eligendi,perspiciatis,quae
magnam,3491,suscipit,sunt,alias,minima
aspernatur,6348,sint,numquam,sunt,aliquam
consectetur,5970,vero,dignissimos,illo,consequatur
dicta,4516,veritatis,harum,cumque,distinctio
ad,4935,facere,nam,laboriosam,consequatur
quisquam,5983,iure,dicta,optio,dolores
asperiores,2902,eaque,rem,nihil,commodi
error,9415,quisquam,alias,soluta,voluptatibus
qui,8446,recusandae,quam,earum,quidem
debitis,1769,corrupti,fuga,facilis,error
fugit,6585,modi,quos,quam,debitis
ducimus,8750,temporibus,numquam,harum,expedita
numquam,7692,beatae,distinctio,soluta,quos
vitae,4957,itaque,quia,recusandae,nulla
consequatur,9067,quidem,incidunt,ratione,officia
nisi,4189,totam,voluptates,eum,in
consequuntur,8960,sequi,beatae,quibusdam,sint
deserunt,1970,illum,eos,occaecati,est
ratione,5526,culpa,inventore,delectus,quaerat
totam,7855,quisquam,suscipit,illo,itaque
consequuntur,4176,ad,aliquid,molestias,quae
facere,9242,iste,rerum,suscipit,eligendi
nam,1130,perferendis,culpa,numquam,molestias
quis,3179,necessitatibus,sequi,dignissimos,nisi
vitae,3846,tempora,soluta,consectetur,delectus
dolores,3165,deleniti,cupiditate,repellendus,ut
doloribus,8063,hic,voluptas,necessitatibus,ut
facilis,6365,et,dolores,ratione,distinctio
est,1144,doloribus,suscipit,laborum,sequi
ullam,2791,quo,praesentium,accusantium,eligendi
incidunt,2317,dolores,eaque,ea,qui
aut,5587,iusto,nulla,quidem,maxime
vel,8528,dolore,ullam,earum,amet
natus,5934,fuga,ipsam,aperiam,vitae
natus,1228,nisi,enim,iusto,exercitationem
libero,1640,ut,maxime,amet,quibusdam
accusantium,2694,minima,ex,quisquam,non
provident,6677,aperiam,molestias,perferendis,magnam
laudantium,9862,tempore,officia,omnis,omnis
eos,3439,labore,porro,hic,voluptatum
quod,6941,praesentium,optio,corporis,sed
fugit,5160,corporis,commodi,labore,numquam
mollitia,5262,delectus,voluptatibus,ipsum,delectus
culpa,5779,perferendis,aspernatur,numquam,qui
praesentium,6885,quia,impedit,quia,impedit
magnam,6673,impedit,asperiores,enim,impedit
ut,4010,facilis,necessitatibus,ea,officia
minus,3435,sequi,voluptatibus,rerum,eos
ducimus,1990,mollitia,eos,pariatur,ipsa
recusandae,9978,fuga,voluptatibus,cupiditate,rem
nam,9583,beatae,at,nam,facere
deleniti,5030,et,facere,similique,dolorum
similique,4208,nostrum,possimus,perspiciatis,architecto
quasi,4976,quidem,vero,numquam,ratione
possimus,7076,nisi,ad,qui,sed
iste,5562,et,libero,eius,aliquam
sint,3716,sint,fugit,asperiores,numquam
modi,7201,pariatur,occaecati,doloremque,ipsam
distinctio,8337,sunt,magnam,in,mollitia
aliquam,6396,libero,dolor,autem,rem
veritatis,5363,provident,quibusdam,nulla,odit
explicabo,9744,dignissimos,provident,corporis,dolore
nesciunt,9793,dolorum,tempora,necessitatibus,corporis
non,7144,exercitationem,quod,consequatur,adipisci
ab,3912,error,ratione,molestiae,explicabo
commodi,3773,ab,sapiente,nemo,veniam
eum,3506,similique,vitae,quia,exercitationem
cupiditate,4919,expedita,dignissimos,inventore,earum
nobis,9488,quae,sint,consequuntur,possimus
architecto,6544,mollitia,neque,sint,sunt
laborum,8856,pariatur,nisi,dolore,tempore
porro,6374,mollitia,at,omnis,delectus
eum,4682,architecto,quas,quas,nemo
facere,2343,doloremque,maiores,fugit,perferendis
magni,9056,quam,iusto,consectetur,labore
dolorum,7847,aut,autem,voluptates,repudiandae
consectetur,7882,sequi,explicabo,odio,porro
officiis,5890,voluptatem,perferendis,consequuntur,eaque
nihil,2823,magni,quia,dicta,dolores
ex,9769,labore,alias,distinctio,minus
cum,3509,ullam,sunt,explicabo,magnam
perspiciatis,7727,consequuntur,sed,voluptates,nulla
occaecati,1898,laborum,illum,beatae,aut
corrupti,9916,ea,atque,aliquid,sunt
eaque,5543,modi,corporis,ipsam,labore
amet,4736,non,voluptatibus,at,facilis
voluptas,5691,ea,corporis,velit,error
deserunt,6766,quam,dolorem,voluptatum,nemo
sapiente,4064,fugit,porro,sit,repellat
debitis,1244,magnam,repudiandae,enim,unde
ipsa,8014,tempore,veritatis,nam,sit
architecto,6608,totam,voluptas,sit,ullam
eaque,8242,nemo,amet,vero,reiciendis
dicta,2044,vel,placeat,quam,illum
odit,1491,voluptatibus,natus,quisquam,aperiam
suscipit,1486,repellat,non,molestiae,a
nostrum,6699,ut,veniam,praesentium,odio
minima,2947,similique,quia,ea,ea
et,4168,amet,quia,eveniet,molestiae
temporibus,7523,beatae,animi,id,delectus
ab,5878,esse,iure,alias,voluptatem
exercitationem,9023,suscipit,cum,repellat,ex
quasi,4324,ullam,quos,rem,voluptatum
quas,5559,aliquam,inventore,sapiente,reiciendis
libero,5239,consequatur,repellat,ea,nihil
earum,3330,esse,tenetur,numquam,dicta
autem,8562,eaque,quaerat,explicabo,consequuntur
fuga,8173,deleniti,reiciendis,voluptatum,debitis
aliquid,6859,assumenda,excepturi,accusantium,illo
similique,7769,et,porro,ut,minima
quisquam,7916,impedit,sequi,quisquam,fugiat
qui,1917,magni,ipsum,saepe,fugiat
dignissimos,8306,earum,dolorum,quos,vitae
animi,3975,beatae,soluta,similique,consequuntur
perferendis,1149,blanditiis,voluptatum,suscipit,architecto
dolores,8192,nisi,beatae,quidem,qui
numquam,9828,reprehenderit,aperiam,molestiae,eum
aperiam,7143,harum,facere,corrupti,consequuntur
quidem,5259,quae,vel,corporis,sint
natus,7999,amet,eum,ipsa,accusantium
animi,8390,vitae,ut,aperiam,voluptates
velit,5757,vel,autem,eos,quasi
incidunt,1773,reiciendis,harum,eaque,consectetur
architecto,7344,est,expedita,dolore,et
dolorem,4630,molestiae,eum,consequuntur,quia
atque,5964,numquam,illum,molestias,consequuntur
dolorem,6198,placeat,magnam,ratione,non
aperiam,6911,atque,fugit,quas,impedit
perspiciatis,1719,occaecati,similique,animi,consequuntur
consectetur,2006,quia,vel,sint,suscipit
quam,6822,similique,earum,culpa,molestias
dignissimos,4085,nam,odio,laboriosam,modi
quis,4831,at,officiis,non,dolor
doloribus,7023,non,cumque,temporibus,accusantium
culpa,6648,nulla,nemo,voluptatum,reiciendis
error,4237,adipisci,laborum,vel,repellendus
ullam,1502,laboriosam,velit,animi,mollitia
atque,6577,ad,illo,deserunt,cumque
magnam,9898,quam,blanditiis,perspiciatis,id
soluta,9386,quasi,soluta,quas,expedita
corporis,6492,temporibus,necessitatibus,error,corporis
enim,4029,id,aliquam,sed,expedita
distinctio,4289,dolor,sint,ab,quia
explicabo,3102,optio,veniam,odio,molestias
officiis,3243,at,quidem,officia,illo
reprehenderit,8498,optio,optio,neque,quam
sunt,4633,molestias,placeat,itaque,eaque
tempora,7603,ex,nostrum,blanditiis,officiis
officiis,2254,dolorem,aliquam,inventore,fuga
facilis,5795,aliquid,sit,ullam,reprehenderit
nobis,6280,perspiciatis,reiciendis,praesentium,modi
animi,7480,fugit,velit,eligendi,hic
dolorem,8028,iure,voluptate,laborum,ex
sequi,7439,minima,dicta,occaecati,nam
reiciendis,5209,deleniti,nihil,saepe,sint
quo,2873,provident,minus,maiores,illo
adipisci,8855,asperiores,cumque,quisquam,consequatur
iusto,1229,doloribus,nemo,quo,nesciunt
error,7505,sint,rem,voluptatem,odit
ea,6335,illum,explicabo,quibusdam,eligendi
sed,6372,laborum,reiciendis,tenetur,eligendi
perspiciatis,3154,repudiandae,cum,tenetur,quaerat
expedita,8077,vero,repellendus,ut,soluta
blanditiis,2425,dolor,explicabo,eligendi,ut
minus,8464,ab,animi,at,corporis
amet,1342,corporis,maiores,commodi,officiis
voluptatem,6763,eius,ipsum,dicta,quas
excepturi,7273,eius,fuga,ab,suscipit
laborum,3897,atque,quo,illum,pariatur
ullam,1663,tempore,esse,cupiditate,amet
delectus,5341,delectus,architecto,et,quae
soluta,7955,voluptatem,labore,excepturi,tempora
ipsam,1013,officiis,cupiditate,eveniet,possimus
voluptatum,6940,sunt,iste,ad,recusandae
fugiat,3742,non,laboriosam,aliquid,molestias
optio,5876,excepturi,quos,laudantium,dicta
aspernatur,3468,commodi,ut,possimus,sit
fuga,1127,sit,possimus,maiores,laudantium
eius,1416,modi,tempora,accusamus,libero
occaecati,2610,facere,reiciendis,sed,veniam
sequi,7225,excepturi,sequi,vel,ipsum
repudiandae,5950,quibusdam,voluptatum,harum,iusto
harum,3118,aperiam,distinctio,aliquid,laudantium
exercitationem,7182,sint,odit,quos,officiis
adipisci,3718,repudiandae,sit,possimus,repellat
mollitia,1558,sed,sapiente,animi,eligendi
magnam,6922,tempore,excepturi,repellat,quos
quos,7704,velit,magni,quam,odit
eius,4315,accusantium,dolore,necessitatibus,nobis
provident,7526,minus,error,hic,odit
eveniet,4061,magni,doloremque,fuga,suscipit
in,3666,consectetur,culpa,corrupti,vero
facere,4228,aperiam,eligendi,libero,cumque
quis,7551,cupiditate,quibusdam,adipisci,excepturi
corrupti,1524,quos,accusantium,nam,quas
quis,9353,amet,natus,voluptatem,maiores
ducimus,3829,quas,porro,modi,deleniti
a,1363,hic,cumque,nesciunt,suscipit
nobis,1577,voluptatem,rem,cum,hic
a,6550,illo,hic,eveniet,quod
nemo,4364,reiciendis,hic,eos,architecto
dolor,9826,amet,eligendi,velit,vel
ea,9827,deserunt,totam,deserunt,nesciunt
et,6547,illo,molestiae,consectetur,iste
distinctio,2551,reiciendis,veritatis,excepturi,suscipit
facilis,1424,aliquam,iusto,magni,velit
quis,6856,optio,exercitationem,nam,placeat
alias,3951,porro,deleniti,quis,dolores
dolorum,6633,non,voluptatem,aut,reiciendis
ad,3593,qui,numquam,facilis,perspiciatis
perferendis,5881,exercitationem,debitis,dolor,qui
tenetur,5109,consequatur,ipsum,qui,maiores
similique,3147,neque,praesentium,quidem,nobis
quaerat,2741,numquam,atque,illo,explicabo
iusto,9777,adipisci,consequuntur,odit,alias
ullam,8429,beatae,nulla,unde,aperiam
optio,3348,quaerat,dolorum,impedit,eligendi
expedita,6529,molestiae,temporibus,laudantium,facilis
porro,8842,officia,voluptate,labore,veniam
inventore,2766,asperiores,totam,rerum,quisquam
illum,3148,dolorum,assumenda,rem,ex
amet,7295,animi,ea,iusto,quaerat
quibusdam,7950,voluptatibus,velit,placeat,ex
praesentium,5921,asperiores,similique,illo,doloribus
aliquid,9557,sit,consequatur,aspernatur,voluptatibus
ipsum,9102,perferendis,quisquam,earum,repellendus
provident,1252,esse,repudiandae,debitis,pariatur
porro,1035,natus,occaecati,eveniet,hic
a,8399,perspiciatis,perspiciatis,quasi,accusantium
eius,1381,aspernatur,aliquam,veniam,amet
totam,5447,ratione,sequi,adipisci,impedit
est,6609,expedita,minima,quae,fugit
odit,7416,rerum,libero,soluta,perspiciatis
veniam,8571,quam,rem,earum,libero
perferendis,9691,dolor,vel,itaque,sed
dolor,3340,possimus,id,voluptatem,quibusdam
quo,9536,fuga,ipsam,ullam,veritatis
maxime,4261,mollitia,laborum,culpa,occaecati
exercitationem,6333,fugiat,animi,quos,odit
accusantium,1517,dolores,reiciendis,sed,officia
ducimus,2535,dolorum,repellat,porro,nam
quos,2081,qui,aut,saepe,aperiam
quod,1337,iure,veniam,veniam,numquam
nostrum,4868,veniam,iure,aliquid,tenetur
aperiam,7887,provident,labore,quae,sequi
rem,2057,ab,assumenda,dolores,asperiores
commodi,8297,repudiandae,alias,maiores,iure
distinctio,3121,iste,doloribus,fugit,non
nesciunt,1374,voluptates,animi,doloremque,ad
placeat,5791,maiores,ducimus,ipsam,sit
tempora,2008,nulla,non,sint,id
maiores,8563,vero,reiciendis,autem,laboriosam
itaque,5773,nostrum,saepe,odio,perspiciatis
libero,7715,impedit,at,velit,placeat
assumenda,9229,aperiam,debitis,aperiam,a
repellendus,2920,pariatur,magnam,laboriosam,ipsam
nostrum,7029,porro,optio,maiores,dolores
vitae,2446,debitis,repellat,architecto,facilis
molestiae,8990,pariatur,expedita,ab,ipsa
non,9442,consectetur,corrupti,velit,incidunt
totam,8393,facilis,harum,saepe,totam
delectus,5735,magnam,illum,dolores,omnis
nihil,8725,recusandae,excepturi,voluptatum,voluptatibus
corrupti,1989,alias,beatae,odit,corrupti
sint,6541,animi,explicabo,sint,quod
eligendi,9048,distinctio,commodi,repellat,necessitatibus
autem,2120,ea,repudiandae,magnam,nisi
exercitationem,5236,dignissimos,eaque,quos,facere
deleniti,3061,quod,qui,enim,mollitia
alias,7081,aliquid,eos,adipisci,consequatur
ratione,3989,aspernatur,perferendis,enim,sequi
laboriosam,3610,ullam,consectetur,hic,suscipit
reprehenderit,7023,rerum,et,placeat,nesciunt
porro,6944,mollitia,non,voluptas,animi
aliquam,1958,eligendi,culpa,omnis,qui
ut,4886,similique,architecto,vel,officia
assumenda,4792,ex,maiores,dignissimos,facilis
natus,2531,fugiat,odio,similique,odit
nemo,2360,quam,eveniet,eius,earum
deleniti,8552,hic,illum,alias,iste
veniam,1974,temporibus,vero,dolores,porro
aliquam,2519,illo,numquam,nobis,eveniet
corrupti,2059,nobis,ducimus,sint,odit
porro,1844,ea,dolorem,dicta,sunt
excepturi,3906,eligendi,voluptates,commodi,quos
molestiae,4327,dolore,iusto,tempore,ipsum
vel,5717,neque,accusamus,minus,distinctio
ipsum,1058,deleniti,pariatur,voluptatibus,fugiat
libero,5426,nostrum,reiciendis,illum,doloribus
dignissimos,7028,nisi,nesciunt,doloremque,velit
consectetur,3397,temporibus,cum,ducimus,ipsa
error,4170,impedit,repudiandae,quos,aperiam
a,7401,impedit,iure,aspernatur,eaque
esse,2412,consectetur,dicta,culpa,autem
animi,6401,soluta,dolores,praesentium,dolore
veritatis,2369,repudiandae,libero,sint,tempore
nulla,1762,voluptates,ipsa,aperiam,dolorum
quasi,4282,odit,ad,saepe,est
porro,7621,quae,at,quae,omnis
nisi,9843,fugit,aperiam,est,similique
tempora,7095,aliquid,perspiciatis,rerum,aut
sed,3929,odio,optio,sunt,culpa
hic,6461,rerum,tempore,minima,laudantium
distinctio,4179,sit,iste,aut,eum
et,6219,neque,facere,corrupti,doloremque
quaerat,5748,facilis,perferendis,vel,iusto
ipsum,7263,illum,voluptatibus,ullam,voluptates
itaque,1497,vitae,deleniti,atque,sapiente
ipsa,6051,voluptatum,nam,veritatis,vero
impedit,2863,earum,dignissimos,soluta,qui
officia,5984,quas,explicabo,doloribus,rem
excepturi,4601,rerum,ratione,sequi,adipisci
consequuntur,6691,et,ea,temporibus,fuga
repudiandae,8212,hic,consectetur,adipisci,maxime
dicta,1607,veritatis,inventore,eius,magnam
alias,2959,totam,dolorem,quod,assumenda
laboriosam,4066,architecto,qui,rem,perspiciatis
molestias,9620,quasi,quod,ipsa,repudiandae
odit,3963,nemo,placeat,neque,ut
provident,5037,deserunt,id,dolores,recusandae
numquam,3105,est,molestias,sapiente,earum
pariatur,4933,tenetur,nam,odit,itaque
nam,4359,similique,blanditiis,quidem,nam
consectetur,5636,facilis,architecto,tenetur,ullam
recusandae,7995,consequatur,sint,optio,modi
facilis,3226,repellendus,magnam,vero,ipsam
assumenda,9182,nulla,veniam,labore,doloremque
quae,1922,unde,sapiente,esse,pariatur
dolore,4991,beatae,ea,at,maiores
asperiores,3936,voluptatibus,labore,harum,unde
inventore,5838,accusantium,occaecati,perferendis,autem
autem,8708,error,laboriosam,fugit,amet
quibusdam,5149,suscipit,animi,officia,iusto
nostrum,8695,tenetur,quo,est,qui
possimus,8533,explicabo,minus,asperiores,tempore
blanditiis,1545,illo,eveniet,autem,quidem
amet,9582,recusandae,sapiente,eos,deleniti
ipsum,4788,facilis,error,ut,architecto
ipsam,8824,eos,id,iusto,minima
autem,1047,exercitationem,quos,non,ducimus
delectus,1816,sequi,tenetur,consequuntur,corporis
qui,5157,cum,at,suscipit,rem
veritatis,7757,unde,rem,cupiditate,quia
fugit,1559,quaerat,dolores,officiis,veritatis
ab,5706,officia,sunt,nesciunt,culpa
rem,4489,ut,animi,necessitatibus,incidunt
aspernatur,1053,vel,sapiente,magni,aut
a,9459,eos,quae,repellendus,veniam
laboriosam,8099,molestiae,rem,molestiae,libero
minima,9661,nihil,architecto,vero,exercitationem
molestias,7091,labore,sequi,repellendus,possimus
officiis,6796,molestias,numquam,repellat,ipsa
cum,1396,molestiae,quia,odit,ut
qui,7395,dolor,eaque,dolorem,perspiciatis
ex,6176,deleniti,ab,recusandae,nobis
saepe,9672,consectetur,optio,assumenda,minus
excepturi,4377,adipisci,ea,ad,consequatur
doloribus,9458,expedita,illum,sint,distinctio
distinctio,9147,vero,et,a,dolores
sint,8840,a,fugiat,omnis,eos
quidem,6731,tempore,modi,doloremque,amet
quo,3227,ipsam,quia,porro,itaque
nostrum,8480,porro,excepturi,harum,culpa
ipsum,4862,sapiente,est,repellat,modi
magni,9664,impedit,similique,dolor,porro
nihil,3400,impedit,cumque,eveniet,voluptatem
asperiores,9518,voluptatibus,id,laboriosam,aliquam
at,4800,quam,quidem,soluta,earum
ducimus,9788,sint,perspiciatis,accusamus,reiciendis
rerum,3860,dolores,ratione,itaque,nihil
dolor,3053,impedit,voluptate,in,exercitationem
perspiciatis,8810,quasi,iste,exercitationem,esse
ipsam,7545,minus,nemo,necessitatibus,cupiditate
autem,6614,nisi,facilis,quis,doloribus
corrupti,9362,ipsam,atque,debitis,repellendus
repellat,8451,fugiat,suscipit,doloribus,in
reprehenderit,1660,quisquam,consectetur,possimus,veniam
incidunt,9766,expedita,occaecati,quod,a
voluptatibus,8733,veritatis,possimus,nulla,autem
facilis,3986,incidunt,quo,debitis,quis
nostrum,6088,distinctio,nesciunt,dignissimos,quos
sunt,6913,quaerat,officiis,odit,pariatur
eaque,3817,dignissimos,quia,perspiciatis,ratione
facilis,8179,facilis,rem,deserunt,voluptas
quod,1126,perspiciatis,officiis,commodi,earum
eligendi,3225,cum,aut,magni,ratione
dolor,2339,soluta,excepturi,rem,rem
maiores,9405,hic,minus,a,maxime
voluptatum,8673,assumenda,dolore,ea,nam
quis,6249,repudiandae,numquam,porro,sint
explicabo,5995,sunt,asperiores,deleniti,unde
ipsam,6507,atque,dolorem,veritatis,voluptatem
deserunt,8249,in,quas,facilis,eveniet
tenetur,8761,dolorem,eius,at,nisi
exercitationem,4998,quo,numquam,soluta,veritatis
ipsa,7027,explicabo,ut,non,incidunt
repudiandae,4856,alias,dicta,vero,a
debitis,6152,tempora,nulla,repellat,vel
maxime,9782,repellat,iusto,consequatur,ipsa
aliquam,5778,vero,ab,placeat,eius
sint,8040,ullam,ad,praesentium,blanditiis
asperiores,7981,cupiditate,quibusdam,error,praesentium
atque,9086,atque,cupiditate,similique,reiciendis
eius,2428,aperiam,debitis,quasi,illo
consequuntur,2031,dicta,earum,qui,culpa
quaerat,2306,hic,asperiores,laudantium,maxime
exercitationem,3994,minima,debitis,id,alias
nulla,6390,qui,distinctio,praesentium,explicabo
provident,8855,corporis,voluptatem,dolorem,ipsam
quibusdam,1876,libero,veritatis,consectetur,architecto
corporis,6306,fuga,maxime,similique,sequi
quis,8537,minima,facere,excepturi,id
amet,9216,veniam,delectus,unde,perspiciatis
eaque,9627,nam,unde,neque,tempora
harum,2575,est,optio,voluptatem,fugiat
ratione,6979,recusandae,maiores,eos,perferendis
voluptates,8315,earum,officiis,repellendus,delectus
velit,6844,corrupti,totam,numquam,eveniet
asperiores,9497,nemo,facere,accusantium,non
quisquam,6295,rerum,impedit,sequi,corporis
quam,6361,recusandae,ea,occaecati,officia
iure,5969,eius,accusantium,placeat,distinctio
consequatur,8382,incidunt,rerum,nam,perspiciatis
sequi,4823,animi,illo,ad,neque
natus,4470,consequatur,corrupti,mollitia,voluptatem
nobis,6799,explicabo,itaque,totam,incidunt
perferendis,9862,qui,maxime,assumenda,quam
quod,1014,quasi,neque,quis,tempora
quae,1097,aliquam,voluptates,ex,est
perspiciatis,4802,esse,sed,assumenda,alias
aspernatur,6901,voluptatibus,perspiciatis,quas,dignissimos
labore,9466,quisquam,odit,id,quae
error,7006,asperiores,a,harum,saepe
error,2126,commodi,alias,doloribus,iste
repudiandae,5405,itaque,optio,eaque,cupiditate
alias,3662,saepe,ipsam,placeat,ipsam
nulla,1062,aut,amet,suscipit,voluptates
dolores,7873,veniam,ullam,voluptatibus,distinctio
ipsa,7590,aliquid,dignissimos,ipsum,aperiam
optio,9414,nihil,nemo,eius,ut
fugiat,6118,exercitationem,numquam,totam,perspiciatis
cum,1207,voluptate,odio,a,sit
ratione,2676,repellat,quaerat,eligendi,tempore
consectetur,1736,assumenda,occaecati,debitis,tenetur
numquam,9110,at,totam,aspernatur,doloribus
harum,5674,hic,sit,qui,qui
dolorem,8797,ducimus,dolorem,ipsum,sed
accusantium,2008,laudantium,quidem,recusandae,quo
iure,8487,dolore,porro,officiis,aliquam
enim,6102,tempore,magni,corporis,totam
at,8752,hic,temporibus,ea,neque
dolores,1469,sapiente,sapiente,quam,temporibus
ad,2439,quas,quia,architecto,amet
quasi,4123,ratione,debitis,quasi,numquam
ab,9286,voluptate,necessitatibus,sapiente,labore
quasi,6479,a,laudantium,repudiandae,consequatur
maiores,6926,reprehenderit,adipisci,animi,iure
tempora,1715,quisquam,quae,unde,ea
repellendus,1257,assumenda,odio,assumenda,vitae
dolores,3553,error,quidem,id,aliquid
enim,7097,ipsum,adipisci,vitae,sint
fuga,3636,repellendus,quas,vero,eaque
similique,3502,saepe,praesentium,occaecati,quas
maiores,6832,nesciunt,molestias,excepturi,minima
magni,2239,voluptatum,aspernatur,ad,atque
dicta,2165,repellendus,voluptate,ea,animi
autem,9089,accusantium,enim,esse,suscipit
dicta,3687,nesciunt,temporibus,provident,soluta
vel,9578,non,similique,deserunt,omnis
vitae,3771,beatae,ipsum,quasi,sit
at,8481,officiis,corporis,et,molestias
sed,4816,harum,placeat,impedit,animi
voluptatum,7513,doloribus,quis,repudiandae,neque
aspernatur,4927,ab,quae,rem,iste
repellat,9878,voluptatum,impedit,voluptate,rem
hic,2545,velit,dolorem,perspiciatis,animi
dignissimos,3787,asperiores,aspernatur,id,voluptates
animi,8314,reprehenderit,provident,laudantium,accusantium
voluptatibus,7430,nobis,similique,suscipit,ipsum
harum,2634,illum,voluptatibus,quos,nesciunt
similique,7523,exercitationem,omnis,aspernatur,libero
modi,7148,quidem,deserunt,voluptas,harum
cumque,9596,fugit,neque,ab,optio
soluta,2975,blanditiis,facilis,voluptates,quis
tempore,2708,assumenda,amet,tempora,alias
at,8701,necessitatibus,iure,ipsam,beatae
dolorem,6263,temporibus,dicta,voluptates,quo
culpa,4207,fugiat,modi,dolorum,sed
maxime,8785,fugiat,adipisci,eum,iusto
quo,5877,nisi,incidunt,dolores,deleniti
sed,6646,possimus,dolor,esse,sequi
libero,9403,aut,quos,natus,fugit
itaque,3766,laborum,reprehenderit,soluta,quaerat
vel,6863,illum,iste,sit,placeat
itaque,1138,maiores,vitae,soluta,ea
incidunt,9304,recusandae,magni,odit,quo
cumque,9847,vero,culpa,sunt,ab
sunt,8077,praesentium,itaque,inventore,tempora
adipisci,3509,aliquam,recusandae,saepe,voluptas
iusto,9061,aliquid,molestiae,debitis,earum
odio,7533,ratione,exercitationem,dolor,nisi
quis,9221,dolore,consequuntur,exercitationem,delectus
voluptatibus,3361,vitae,minima,molestiae,laudantium
similique,1496,iste,a,culpa,aliquid
porro,6165,vel,laudantium,fugiat,ipsam
eius,5201,enim,saepe,ex,similique
ipsam,3235,provident,quo,nihil,explicabo
pariatur,1458,dolore,omnis,quo,sed
voluptatem,2886,distinctio,repudiandae,eaque,velit
dolor,6308,veniam,dicta,dolore,quaerat
saepe,5393,ex,magnam,reprehenderit,minus
ullam,1074,ullam,eaque,iste,nesciunt
autem,4607,praesentium,quis,voluptatem,ab
assumenda,3547,quasi,magni,quam,dolores
ipsam,2374,eos,asperiores,est,non
quibusdam,7911,minus,ratione,sed,dignissimos
aperiam,1453,dolor,possimus,autem,accusantium
eaque,5787,veniam,voluptates,error,nam
temporibus,5085,quidem,cum,possimus,quo
ex,6251,dolore,dolore,iusto,sapiente
ea,8557,in,suscipit,voluptas,temporibus
facilis,2542,aliquam,harum,ex,perspiciatis
doloremque,6518,illum,vero,incidunt,distinctio
vitae,9767,possimus,reprehenderit,nam,odio
qui,7552,architecto,vero,ab,dolore
at,3400,quam,dignissimos,beatae,mollitia
aspernatur,6471,laboriosam,delectus,accusantium,expedita
voluptates,7230,laboriosam,adipisci,ullam,ab
voluptate,9181,quia,vero,dolorem,totam
libero,9058,consequuntur,ab,non,veniam
laboriosam,6841,iure,voluptas,numquam,itaque
neque,7550,magnam,doloremque,autem,quas
incidunt,1435,fugit,saepe,accusantium,dolores
minima,1409,laborum,similique,in,corporis
eos,4202,doloremque,iure,minima,voluptate
eum,4439,velit,doloribus,pariatur,rerum
dolorem,6235,suscipit,doloremque,occaecati,unde
architecto,3750,porro,eius,inventore,alias
expedita,2243,atque,sint,nam,unde
perspiciatis,3736,eligendi,assumenda,soluta,maiores
impedit,3108,illum,aperiam,dolore,a
doloribus,5290,et,voluptates,laboriosam,id
excepturi,8819,nesciunt,rem,natus,pariatur
culpa,5069,praesentium,ratione,eius,et
iste,7739,repellat,laborum,voluptatem,molestiae
odio,3949,ad,iste,totam,excepturi
impedit,9067,pariatur,iure,hic,nemo
culpa,9616,facilis,ut,voluptate,ratione
dolores,6161,a,non,ad,quia
sunt,9848,sequi,eos,voluptatem,dolorum
dicta,1949,magnam,assumenda,ad,alias
reprehenderit,3585,voluptatibus,dolores,a,quo
iusto,4638,voluptatibus,nihil,excepturi,sunt
accusamus,9597,natus,ad,quas,reprehenderit
totam,5310,optio,culpa,natus,doloremque
excepturi,8677,excepturi,nemo,culpa,placeat
dolorum,4178,ea,labore,vel,illo
deserunt,6976,accusantium,sunt,sapiente,odio
iusto,1065,reiciendis,molestiae,doloribus,doloremque
laborum,9442,nulla,saepe,possimus,explicabo
quam,1560,maxime,soluta,atque,corrupti
exercitationem,8653,expedita,consequatur,officia,asperiores
ipsum,8241,atque,aspernatur,explicabo,nobis
ducimus,1339,nemo,maxime,illo,illo
unde,4456,rem,modi,autem,possimus
cum,7413,adipisci,atque,adipisci,quod
eos,6307,soluta,consectetur,veniam,odit
eaque,5187,ad,natus,nihil,nobis
neque,9497,aperiam,praesentium,assumenda,quidem
et,2643,quos,officia,reprehenderit,perspiciatis
quia,7283,quos,est,placeat,distinctio
soluta,3490,quis,veritatis,delectus,incidunt
nemo,3942,ex,distinctio,laudantium,qui
facere,6317,quod,exercitationem,qui,debitis
corrupti,6360,aperiam,magnam,consequuntur,libero
dignissimos,6559,tenetur,iure,nihil,itaque
ipsa,1138,quod,veniam,illo,quod
mollitia,6397,facilis,reprehenderit,incidunt,labore
excepturi,4151,repudiandae,illum,voluptates,explicabo
voluptas,6714,optio,nihil,est,distinctio
quis,8967,assumenda,nam,molestiae,tempora
eum,2229,voluptatem,illo,assumenda,qui
minus,6187,enim,expedita,id,totam
neque,7536,at,esse,laudantium,amet
consectetur,4448,numquam,iste,quisquam,repudiandae
itaque,2780,saepe,fugit,quia,nemo
voluptas,7905,alias,veritatis,quam,quibusdam
a,2377,dolorum,alias,placeat,a
laboriosam,9645,a,magnam,illum,soluta
cupiditate,6648,error,ipsum,deleniti,ullam
fugiat,3913,eligendi,dolor,voluptates,debitis
ullam,9023,maxime,culpa,nihil,est
dolores,7632,possimus,sapiente,eligendi,voluptates
doloremque,6408,totam,repellat,voluptatibus,ad
odit,1866,qui,non,hic,dicta
occaecati,1764,officiis,asperiores,et,architecto
facere,1529,quibusdam,excepturi,soluta,at
unde,3029,beatae,temporibus,quidem,id
accusantium,7056,illum,rem,aliquam,dolor
voluptatum,6725,natus,quasi,distinctio,consequuntur
laborum,6299,ipsum,doloribus,consectetur,adipisci
numquam,6287,maiores,a,culpa,omnis
impedit,4551,reprehenderit,accusantium,aliquam,libero
impedit,5921,sapiente,impedit,dolores,incidunt
vel,1073,autem,facere,dolorem,blanditiis
dolor,5464,architecto,vero,enim,quaerat
ullam,6532,quaerat,officia,alias,laudantium
quidem,1861,magni,veniam,ut,impedit
cum,4196,placeat,id,reprehenderit,illum
possimus,5452,expedita,voluptates,nobis,dolore
qui,3590,amet,delectus,laudantium,consequuntur
et,1893,quos,quo,dolorum,quam
adipisci,5473,inventore,laborum,quas,quidem
doloremque,5620,consequuntur,eligendi,veniam,itaque
aperiam,1210,eum,dolore,deleniti,repellat
occaecati,3125,iste,animi,necessitatibus,maiores
quibusdam,7427,nemo,asperiores,asperiores,asperiores
dolorem,7512,debitis,possimus,tempora,nihil
perspiciatis,1151,reprehenderit,ut,aliquam,ab
sunt,1776,nostrum,est,molestias,est
soluta,9775,repellendus,cupiditate,libero,beatae
minus,3139,corrupti,esse,nulla,nihil
laudantium,6492,inventore,dolore,beatae,ipsum
quibusdam,4809,animi,quo,commodi,temporibus
laborum,4267,placeat,corrupti,cupiditate,ducimus
ducimus,2684,velit,ipsam,excepturi,iusto
accusantium,9076,doloribus,necessitatibus,vel,velit
ex,9693,doloremque,eaque,impedit,praesentium
itaque,8202,aperiam,odio,tempore,earum
illo,8057,accusantium,occaecati,impedit,debitis
rem,1153,labore,quasi,a,eos
incidunt,3851,quibusdam,sunt,itaque,facere
maiores,8827,adipisci,molestias,labore,sint
blanditiis,2373,nostrum,facilis,doloribus,sit
eum,4347,mollitia,nam,et,exercitationem
officia,9067,facilis,recusandae,in,nesciunt
laudantium,5180,minus,autem,debitis,totam
quibusdam,7673,commodi,fugiat,excepturi,explicabo
corporis,1141,vitae,accusamus,libero,ipsam
qui,1558,eius,omnis,voluptatem,sapiente
laboriosam,6468,facilis,ipsum,iste,accusantium
unde,4041,tenetur,officiis,amet,hic
possimus,8677,laborum,quo,maxime,odit
nemo,5212,reiciendis,voluptatem,aliquid,cum
in,4653,unde,nesciunt,blanditiis,culpa
exercitationem,4643,laborum,labore,libero,omnis
fuga,8231,eum,inventore,quisquam,dolore
corporis,8540,vitae,ullam,dolor,nostrum
sed,1867,temporibus,dolorum,veniam,voluptate
quidem,3206,placeat,totam,nemo,rerum
voluptates,5491,rerum,ipsa,autem,ut
doloribus,3912,temporibus,ad,animi,voluptate
repellendus,3840,reiciendis,quia,quasi,expedita
tenetur,6435,rerum,excepturi,voluptatem,a
asperiores,5175,sint,ab,corrupti,sed
labore,1533,vitae,ipsa,inventore,dolorem
dolores,8570,iusto,dolore,repellendus,neque
saepe,8954,eius,nemo,fuga,autem
soluta,4586,aliquam,neque,cupiditate,fuga
fuga,4591,explicabo,aliquam,praesentium,accusantium
doloribus,4553,atque,tempore,repellat,consectetur
fuga,4542,praesentium,ea,vel,dolorem
aperiam,8604,dignissimos,tenetur,accusamus,veritatis
eius,2692,similique,modi,suscipit,sapiente
quos,1478,quia,neque,reiciendis,nemo
delectus,9056,magnam,distinctio,eos,animi
nemo,5502,in,non,sequi,nemo
ex,9847,natus,repellat,aspernatur,quasi
optio,2800,esse,accusantium,iusto,expedita
eveniet,8879,officia,fugit,fuga,inventore
sequi,2614,laborum,facilis,facere,est
neque,8103,provident,sapiente,tempore,ab
maxime,5547,libero,iste,sunt,quam
neque,1939,nemo,ipsum,ipsam,debitis
aliquid,9850,repellat,tenetur,error,eum
nam,2606,a,numquam,voluptate,cumque
adipisci,6470,sequi,quasi,commodi,quod
alias,1580,dignissimos,labore,odit,corrupti
veritatis,3594,veniam,illum,magni,ullam
officiis,1809,nesciunt,nesciunt,eveniet,dicta
optio,6695,sequi,laboriosam,soluta,enim
rerum,8861,numquam,perspiciatis,illum,magnam
necessitatibus,9712,officiis,nesciunt,porro,molestiae
numquam,3389,suscipit,exercitationem,at,consequuntur
numquam,7771,inventore,modi,modi,repudiandae
repudiandae,9610,atque,blanditiis,beatae,dolorem
quaerat,3605,illum,officiis,quos,molestias
totam,2158,ipsa,eveniet,vero,id
quam,6227,magni,assumenda,voluptatum,omnis
impedit,7722,optio,excepturi,alias,veritatis
saepe,5092,vero,dolorem,voluptatibus,neque
in,1357,dolor,sit,labore,illum
corporis,5953,alias,fugiat,vitae,corrupti
autem,6867,sint,ipsum,maiores,suscipit
illo,5989,animi,totam,rem,vel
blanditiis,8857,sequi,minus,est,itaque
dolorem,7359,nulla,ipsam,facilis,consectetur
hic,3816,architecto,delectus,quo,eum
minus,5642,voluptatum,saepe,consequatur,labore
rem,5707,nemo,voluptatibus,temporibus,aliquam
explicabo,6851,a,hic,praesentium,nesciunt
corrupti,7055,perferendis,impedit,odio,deserunt
tenetur,4757,excepturi,tempore,atque,aperiam
ipsa,4604,error,quis,vel,dicta
repellendus,8425,doloribus,accusantium,quod,animi
corporis,3349,sequi,iusto,quidem,saepe
amet,3938,est,pariatur,illo,est
mollitia,4428,consequuntur,reiciendis,beatae,incidunt
suscipit,1087,rerum,id,debitis,error
quae,5206,necessitatibus,debitis,in,eligendi
asperiores,6235,incidunt,iusto,reiciendis,voluptatem
suscipit,4784,labore,deserunt,amet,non
ea,8157,expedita,cum,fugiat,voluptates
ipsam,5105,excepturi,maiores,optio,praesentium
iusto,7523,voluptatem,dolorem,possimus,ut
provident,3902,autem,dolorem,ea,reiciendis
eum,1350,expedita,aperiam,eum,nam
quas,5034,rerum,voluptate,exercitationem,voluptate
numquam,9042,explicabo,numquam,odit,quos
dolores,9209,similique,vitae,quos,possimus
ea,1869,et,voluptatibus,minima,laborum
autem,4027,iusto,quo,cupiditate,quis
quisquam,5912,voluptatem,eligendi,non,veniam
distinctio,5802,illo,tenetur,ipsam,pariatur
laudantium,4542,occaecati,fugiat,at,cum
