app_id,decision_engine_v,rule_triggered,pd_score,decision_code
517491,nam,culpa,a,vitae
801363,voluptatibus,laboriosam,asperiores,culpa
835514,culpa,deserunt,laborum,ab
936860,exercitationem,eaque,quaerat,necessitatibus
286474,corrupti,facere,aliquam,placeat
184298,quibusdam,culpa,consectetur,autem
369903,quasi,ducimus,hic,unde
980987,rerum,sint,ratione,quam
300549,cumque,deserunt,voluptates,ipsa
964231,alias,placeat,pariatur,veritatis
401212,dolores,reiciendis,delectus,nisi
517334,tempore,cum,minus,id
977478,sunt,adipisci,in,dolor
590591,aspernatur,impedit,qui,corporis
358389,eos,nam,officia,omnis
533859,omnis,ratione,voluptatum,ratione
439874,corrupti,inventore,dolorem,praesentium
588356,ratione,aspernatur,odit,iure
712299,quisquam,officiis,ipsam,magni
956624,dolores,exercitationem,minus,minus
315748,veritatis,doloremque,voluptatem,quasi
389493,repudiandae,voluptas,omnis,porro
650174,voluptas,alias,cum,omnis
473960,fugiat,tempore,est,voluptatum
299124,fugiat,qui,quisquam,eveniet
871397,nostrum,iste,corporis,facere
675101,dicta,sed,perspiciatis,necessitatibus
309139,labore,quis,non,sit
653551,nulla,delectus,eius,neque
272423,corporis,totam,maxime,enim
549120,saepe,totam,distinctio,porro
343417,aliquam,expedita,recusandae,minus
272687,veritatis,expedita,quam,ut
426914,voluptas,deserunt,exercitationem,quia
369969,incidunt,quisquam,laudantium,ea
748335,quidem,temporibus,occaecati,dolorem
176968,pariatur,quas,quasi,ullam
188096,distinctio,distinctio,nihil,quos
584570,ducimus,molestiae,exercitationem,laborum
601508,quam,soluta,odio,laudantium
350926,repellat,tempora,hic,pariatur
839387,corporis,optio,assumenda,quisquam
280003,modi,eveniet,molestias,voluptatem
812334,suscipit,quia,sunt,excepturi
119360,sapiente,quibusdam,laborum,doloribus
917197,dolorum,ab,suscipit,eos
393392,magni,odio,delectus,accusantium
675662,dicta,nesciunt,commodi,quod
744469,incidunt,labore,architecto,quia
361860,soluta,in,sapiente,accusantium
370886,ducimus,sunt,voluptatem,odio
684996,sunt,molestias,praesentium,officiis
308410,labore,praesentium,libero,rerum
256089,accusamus,non,sit,quo
813341,hic,quos,velit,quae
633583,asperiores,vitae,rerum,error
896826,soluta,dolor,maxime,temporibus
292060,accusantium,tenetur,vero,minus
511371,pariatur,repellendus,hic,libero
691368,reprehenderit,ea,maxime,iure
262427,sequi,iste,veritatis,ad
910992,quidem,adipisci,cupiditate,quasi
409835,eius,quo,cumque,officia
503682,consectetur,iure,sequi,ipsa
526450,suscipit,voluptatibus,voluptatibus,quos
836179,ipsum,doloribus,error,maxime
420377,dicta,eligendi,reprehenderit,sed
315402,non,repudiandae,id,provident
895119,veritatis,officiis,beatae,voluptate
586749,veritatis,cum,quas,deleniti
605454,laboriosam,cupiditate,adipisci,commodi
147161,nemo,explicabo,similique,quasi
666416,adipisci,esse,officiis,a
752172,natus,nulla,numquam,maxime
312351,perferendis,maxime,itaque,dolorem
823622,enim,facere,tempore,unde
377625,error,fugit,non,iure
285514,in,dolor,rerum,at
158759,amet,soluta,quod,omnis
762284,nesciunt,libero,quos,quisquam
350931,atque,vel,mollitia,corrupti
131708,quidem,cum,similique,fugit
422013,itaque,odio,possimus,nemo
283297,sed,quod,ipsam,repudiandae
577475,asperiores,amet,quod,fugiat
694862,saepe,quae,fugiat,culpa
469382,odio,quo,quibusdam,nihil
609003,ut,nesciunt,asperiores,aliquam
429726,necessitatibus,provident,fugit,nesciunt
100398,rerum,minima,eveniet,dicta
227128,nobis,voluptatibus,provident,voluptatibus
459281,voluptatem,ullam,earum,culpa
753332,ut,molestias,sunt,suscipit
509239,est,eos,autem,quia
443769,mollitia,animi,nesciunt,provident
337264,nulla,vel,occaecati,dicta
727278,iusto,rem,vitae,eos
964149,cupiditate,enim,quis,illum
992536,distinctio,sunt,iste,expedita
639732,provident,officia,odit,excepturi
315861,cumque,ex,nulla,quos
979660,eum,velit,cum,nobis
236010,praesentium,dolorem,sed,neque
797084,culpa,aperiam,autem,totam
336995,repudiandae,reiciendis,quo,sequi
887841,earum,veniam,rerum,officia
678193,quis,nobis,quas,officia
905527,eius,quaerat,reprehenderit,assumenda
244667,odit,cupiditate,ea,quia
689305,hic,provident,nemo,molestiae
690635,et,temporibus,explicabo,fugiat
916744,dignissimos,nesciunt,corrupti,cupiditate
773928,labore,quisquam,repudiandae,accusamus
244549,quisquam,omnis,quaerat,illo
103421,harum,architecto,qui,eaque
110602,ex,unde,aliquam,temporibus
508197,quis,libero,maxime,ratione
405965,nihil,praesentium,cum,necessitatibus
452838,cum,qui,porro,accusantium
267957,quod,sequi,sed,excepturi
741167,dolore,magni,id,eos
144604,facere,aliquid,quos,illum
461858,placeat,ex,quia,modi
408512,occaecati,est,beatae,fuga
864438,accusantium,corrupti,molestias,occaecati
280627,architecto,consectetur,molestiae,provident
955658,veniam,sint,cupiditate,excepturi
809218,placeat,porro,perferendis,libero
748229,inventore,tempore,facilis,optio
346906,reprehenderit,similique,non,animi
201909,magnam,quod,esse,quisquam
893469,temporibus,est,ex,reprehenderit
633664,occaecati,in,sint,expedita
964889,omnis,nisi,consequuntur,suscipit
589301,minima,mollitia,placeat,voluptatibus
368909,suscipit,rerum,facilis,repellat
760314,maiores,occaecati,aspernatur,dolorem
212652,possimus,tempora,laudantium,delectus
327875,animi,odio,cum,numquam
485099,natus,nisi,voluptas,veritatis
192303,dignissimos,iusto,repellendus,quas
430234,beatae,architecto,quasi,inventore
909524,placeat,veniam,quas,quo
860473,et,porro,eveniet,doloremque
294686,quod,reiciendis,dolores,officia
483240,explicabo,doloribus,amet,debitis
321835,accusantium,reiciendis,accusamus,quibusdam
862429,quisquam,mollitia,porro,aut
744459,quis,aspernatur,provident,nostrum
891353,totam,quisquam,sunt,pariatur
956085,maxime,quasi,neque,soluta
668380,id,soluta,eos,esse
729330,aperiam,officia,ullam,odit
582907,eius,fugiat,sint,dolores
426948,architecto,velit,ipsa,natus
831394,dolor,quibusdam,quaerat,minus
167811,placeat,ipsa,expedita,odio
543992,commodi,laudantium,facilis,soluta
515663,vel,debitis,doloremque,aspernatur
993629,sint,asperiores,occaecati,sint
137599,amet,accusantium,dignissimos,esse
481013,minima,aut,consequuntur,minus
901290,quia,molestias,dolor,laborum
535385,vitae,doloremque,culpa,asperiores
801027,fugit,voluptatum,maxime,nisi
989268,cumque,id,hic,autem
179999,totam,eius,sed,doloribus
999460,optio,repudiandae,praesentium,quae
827563,nostrum,veniam,eaque,excepturi
747079,illo,odio,suscipit,eveniet
373385,corporis,labore,facere,fuga
518027,nulla,necessitatibus,temporibus,sequi
635383,quam,impedit,quam,non
756993,molestiae,quasi,enim,dolore
834212,molestiae,aperiam,eligendi,officia
332874,facere,est,ipsam,possimus
600706,quibusdam,veritatis,modi,dolores
167338,unde,quae,quod,qui
302210,molestias,odit,iusto,cum
671501,debitis,vero,vel,laboriosam
614794,sunt,voluptatum,facilis,id
265537,tempore,voluptatem,excepturi,minus
807501,voluptate,sed,ex,ipsa
962442,consequuntur,facilis,voluptates,quae
838950,inventore,doloremque,officiis,nisi
344509,labore,neque,occaecati,modi
688088,consequuntur,similique,accusamus,laudantium
983111,voluptatem,quasi,sequi,consectetur
680208,officia,modi,iure,dolore
401173,optio,consequuntur,veniam,neque
610022,reiciendis,dolores,architecto,a
712280,tempore,magni,in,dignissimos
681300,rem,illum,facere,rem
485584,voluptas,id,labore,omnis
615789,ab,magni,corrupti,numquam
940442,placeat,ullam,voluptatem,fugit
810299,nulla,sunt,voluptate,quasi
867415,animi,beatae,nostrum,non
619662,non,a,minima,et
327106,ut,placeat,doloribus,reprehenderit
992891,et,quas,reiciendis,dolores
413272,omnis,ratione,reprehenderit,dolor
913927,ullam,animi,quibusdam,aperiam
683664,iusto,laborum,dolore,ducimus
680193,fugiat,error,consequatur,est
431623,ex,sed,minima,tenetur
148293,placeat,pariatur,labore,exercitationem
175140,deserunt,in,quaerat,rerum
201161,nobis,sequi,saepe,repellendus
131880,quia,suscipit,quas,fugiat
466804,molestiae,optio,aliquam,aliquid
841794,asperiores,voluptas,incidunt,neque
917553,doloribus,tenetur,qui,provident
258829,deleniti,libero,exercitationem,est
551411,laborum,sed,ducimus,itaque
874884,maiores,necessitatibus,consectetur,nihil
311233,esse,voluptatum,autem,fugiat
278185,dolore,dignissimos,voluptatibus,veniam
345039,eos,est,ducimus,tempora
286664,animi,earum,quaerat,illo
256841,id,quos,iusto,facilis
968709,autem,repellat,omnis,placeat
688476,consequuntur,repellendus,assumenda,dicta
741492,tempora,corrupti,adipisci,aut
757733,provident,minima,aut,neque
298913,accusantium,itaque,praesentium,unde
823913,optio,asperiores,optio,alias
899003,rerum,consectetur,maxime,voluptates
249080,amet,saepe,autem,magni
173187,incidunt,fugiat,delectus,saepe
726761,qui,inventore,consequuntur,vero
220682,perspiciatis,quae,dolore,enim
653490,hic,nemo,similique,beatae
472766,voluptates,autem,iste,ut
413709,sit,accusamus,in,autem
492451,quibusdam,expedita,tempora,voluptatem
981197,a,sed,animi,iusto
824876,reprehenderit,accusamus,porro,facilis
420997,totam,quisquam,debitis,sed
715307,consequuntur,exercitationem,enim,ipsam
825468,sed,quis,labore,ipsam
677562,expedita,dolorem,nisi,debitis
112843,quas,sit,nesciunt,illo
954757,quisquam,similique,et,illum
154429,quibusdam,eligendi,sunt,quasi
117344,aspernatur,maiores,corporis,fugiat
863016,eos,cumque,nam,quibusdam
262747,praesentium,amet,rem,ab
524146,tenetur,reiciendis,maiores,exercitationem
781979,quaerat,fugit,voluptate,recusandae
547417,corrupti,id,delectus,veniam
315789,esse,deserunt,dignissimos,enim
434362,ex,adipisci,inventore,modi
580489,reprehenderit,eius,unde,eos
982362,error,voluptatum,facere,reprehenderit
750164,ab,quis,fuga,ipsum
115189,consequuntur,harum,quis,ea
575545,nam,maiores,facere,accusamus
865818,natus,repellendus,placeat,similique
646242,illum,excepturi,fugit,ullam
824921,error,vitae,facilis,debitis
855673,provident,mollitia,at,beatae
679383,quaerat,ab,consequatur,tempore
997195,sunt,quis,earum,rerum
591013,nobis,iusto,pariatur,alias
217938,repudiandae,quidem,nisi,deserunt
322232,dignissimos,alias,reprehenderit,laudantium
530427,corporis,itaque,tenetur,enim
569603,cum,unde,unde,dolorum
372844,occaecati,architecto,natus,incidunt
507040,asperiores,reprehenderit,est,nobis
172519,distinctio,explicabo,dolorem,velit
120411,dolorem,iusto,commodi,consequuntur
616101,sed,facere,minima,dolorum
344070,dolorum,ad,inventore,sapiente
587271,dolorum,recusandae,nisi,exercitationem
983376,voluptatibus,unde,labore,eveniet
451610,nemo,aut,occaecati,asperiores
285969,natus,nobis,esse,eveniet
979104,voluptatum,quae,ducimus,amet
613413,quisquam,modi,earum,illum
969450,omnis,est,excepturi,explicabo
724370,modi,repellendus,facilis,fuga
566848,cupiditate,non,provident,excepturi
555872,ex,ea,eius,voluptatum
513953,architecto,tempore,at,necessitatibus
885824,blanditiis,nemo,vitae,debitis
594576,ex,harum,quod,occaecati
961916,nulla,itaque,sint,necessitatibus
993677,provident,dolorum,vel,id
380443,quod,perspiciatis,repudiandae,culpa
456046,eius,optio,ex,provident
533264,ut,dicta,nihil,similique
637698,eius,odio,beatae,odio
833269,delectus,corrupti,veniam,itaque
749641,ad,ipsa,consectetur,mollitia
451362,cum,aspernatur,cumque,nobis
581092,magnam,enim,inventore,consequatur
655900,delectus,sapiente,accusamus,harum
962529,quo,magnam,nulla,deserunt
692223,reprehenderit,rem,earum,dolores
584366,harum,corporis,mollitia,non
738365,necessitatibus,itaque,excepturi,provident
665995,consectetur,at,fuga,fugiat
180425,blanditiis,numquam,quod,deserunt
329749,suscipit,laboriosam,laudantium,asperiores
223742,exercitationem,saepe,temporibus,fuga
194824,atque,neque,velit,modi
906965,expedita,aperiam,officiis,maxime
879060,ratione,doloremque,totam,molestias
154238,eius,iure,quia,sint
962824,veniam,quo,atque,voluptatibus
842994,aliquid,expedita,consequuntur,facilis
552435,aspernatur,corporis,voluptatem,ducimus
274274,molestiae,ratione,nihil,porro
370622,modi,laboriosam,rerum,exercitationem
893171,esse,rerum,quibusdam,quos
867054,veniam,expedita,quas,culpa
437802,distinctio,adipisci,quaerat,iusto
170345,tempore,deleniti,illum,illo
520691,excepturi,atque,veniam,cupiditate
314815,deleniti,at,fugiat,ullam
647466,optio,labore,eaque,excepturi
668709,enim,earum,amet,tempora
136759,architecto,eos,cum,vel
595824,optio,ipsam,dicta,vel
861792,inventore,ipsam,quas,rem
947515,dolor,nihil,vero,nostrum
516532,itaque,repudiandae,eum,porro
828701,dolorem,occaecati,tempora,aperiam
607279,nesciunt,fuga,asperiores,dolores
731456,id,iste,quo,facere
422110,earum,ab,occaecati,iure
617589,debitis,eaque,quasi,saepe
209044,nemo,eos,ea,delectus
388146,voluptatum,ex,distinctio,reiciendis
149141,ullam,qui,minima,veritatis
564421,asperiores,culpa,delectus,laborum
851478,consequuntur,sequi,totam,optio
338030,unde,modi,quo,ipsum
946756,quos,asperiores,dolores,eius
100881,vero,quis,libero,repellendus
854114,vitae,eos,ea,fuga
763585,aliquam,voluptatem,deleniti,in
984804,velit,inventore,commodi,odio
381366,eaque,quibusdam,incidunt,dolorum
107514,in,maiores,sapiente,iure
492528,expedita,beatae,illo,aspernatur
566091,minima,aliquam,assumenda,perspiciatis
559593,facere,neque,et,quis
181633,veritatis,nisi,nostrum,dolores
921658,nihil,delectus,at,veniam
781904,dolorem,sapiente,repellat,iusto
803049,veniam,illum,odit,id
940829,voluptatum,voluptatum,soluta,labore
291667,praesentium,consectetur,fugit,quam
650825,porro,ex,iste,iure
316463,magnam,tenetur,quisquam,tempora
270620,sint,consequatur,voluptas,mollitia
357693,molestias,dignissimos,doloremque,magni
634641,molestiae,harum,quisquam,deserunt
339025,nostrum,cumque,maxime,eveniet
381407,occaecati,totam,reiciendis,accusamus
891678,impedit,ab,ad,quae
761235,sequi,modi,sit,iure
940360,rerum,expedita,repudiandae,labore
848598,corporis,numquam,magni,sequi
149352,dolor,vero,itaque,error
413895,est,tempora,eveniet,reprehenderit
223707,iure,eius,omnis,nulla
998246,facilis,vero,quaerat,numquam
886542,recusandae,ut,molestias,repellendus
317919,natus,rem,commodi,et
294056,praesentium,nesciunt,temporibus,praesentium
374860,facere,temporibus,id,odit
455153,ipsam,doloribus,accusamus,aspernatur
377915,nemo,rem,iste,aspernatur
871200,adipisci,quia,dignissimos,non
401065,ex,dolores,distinctio,error
197601,dolore,pariatur,provident,magnam
874366,non,deleniti,numquam,libero
153038,quos,tempora,occaecati,blanditiis
201627,quis,esse,molestias,incidunt
142429,eaque,quasi,modi,laboriosam
820576,officia,vel,explicabo,quas
346612,voluptas,magni,molestias,in
968412,nesciunt,ipsum,nisi,iure
998180,veritatis,veritatis,magnam,esse
776289,blanditiis,aperiam,at,quod
827972,neque,omnis,voluptatibus,assumenda
281682,sunt,nisi,perspiciatis,ipsum
249272,necessitatibus,inventore,reiciendis,quos
601758,deserunt,sint,quam,consequuntur
588479,placeat,in,tenetur,beatae
525530,porro,repudiandae,dolores,maxime
644163,explicabo,assumenda,alias,maiores
200898,deleniti,nobis,quisquam,eos
571487,consequatur,soluta,maiores,inventore
686453,suscipit,provident,eligendi,quas
488362,dolor,maxime,culpa,expedita
882911,corporis,ad,commodi,pariatur
758191,impedit,hic,tempora,sit
105469,error,nostrum,quod,pariatur
480433,velit,pariatur,nesciunt,saepe
120039,voluptate,vel,nisi,sint
441640,odit,et,tempore,aperiam
692225,quia,ab,nulla,reprehenderit
538016,inventore,minus,laboriosam,doloribus
245032,error,molestiae,id,ullam
616457,perferendis,veniam,ab,harum
673847,consectetur,rerum,vitae,facere
640815,earum,est,nihil,cupiditate
108546,nostrum,perspiciatis,nesciunt,fuga
229444,nisi,laborum,repellat,quas
283310,corporis,suscipit,aliquid,vitae
243380,cumque,laborum,asperiores,exercitationem
103835,aut,sed,voluptates,dolor
784585,expedita,magnam,recusandae,atque
812549,eaque,nisi,incidunt,quos
717639,eaque,optio,illum,eum
427830,reprehenderit,reiciendis,sequi,ipsam
153076,quos,alias,deserunt,natus
847472,architecto,iste,eius,eum
230583,eum,occaecati,et,ex
667512,ad,vero,modi,placeat
796446,expedita,aut,modi,maiores
552592,commodi,quae,cumque,fuga
217141,rerum,hic,fugiat,deserunt
375427,doloremque,ducimus,harum,corrupti
819098,officia,impedit,culpa,cupiditate
855482,voluptates,vel,quia,sapiente
790327,rem,tenetur,mollitia,laborum
107500,earum,culpa,quisquam,facere
682445,error,sapiente,doloribus,veniam
729523,porro,eveniet,praesentium,alias
269307,doloremque,explicabo,iusto,est
140580,quas,consequuntur,numquam,rerum
957652,dolores,quibusdam,neque,nemo
143921,unde,totam,sint,exercitationem
664064,quos,doloribus,consequuntur,explicabo
615394,voluptas,ea,minus,velit
289153,ex,corrupti,consectetur,veniam
202894,dolore,magnam,dolorum,laudantium
252228,velit,nihil,asperiores,ut
202807,magni,in,ea,minima
806774,pariatur,nihil,modi,aperiam
845962,tempore,placeat,minima,ut
573317,blanditiis,inventore,porro,dicta
490814,expedita,nihil,ad,iste
394665,dolorum,accusamus,fuga,maxime
885249,doloribus,alias,aliquid,ipsum
218503,facilis,nemo,excepturi,modi
911965,nemo,hic,dolorem,voluptate
553222,minus,dolorum,perferendis,ipsum
380289,impedit,autem,fuga,vero
475784,nulla,temporibus,perspiciatis,vero
203684,atque,laboriosam,quasi,fugit
510170,ipsum,ab,quis,nemo
320485,consectetur,doloribus,nesciunt,necessitatibus
855778,aut,neque,atque,sint
188400,nostrum,possimus,vitae,sapiente
787881,totam,vero,itaque,ratione
306093,illum,odit,libero,voluptates
745451,enim,labore,expedita,officia
970700,sunt,numquam,molestiae,natus
194201,atque,quam,corporis,laudantium
945105,minima,amet,eos,tempore
739261,dolorem,soluta,animi,accusantium
704659,tenetur,quia,ex,veniam
275769,asperiores,quo,occaecati,magni
383725,deserunt,sit,officiis,tempora
967797,culpa,necessitatibus,sequi,tempore
707578,perspiciatis,dignissimos,debitis,praesentium
977425,aspernatur,dignissimos,non,itaque
153282,vitae,cum,quae,rerum
946030,ducimus,qui,doloremque,illo
695687,laborum,sunt,necessitatibus,sunt
938437,sint,pariatur,nesciunt,repellendus
978616,laudantium,ullam,vel,consequuntur
304660,quam,temporibus,cupiditate,veniam
888613,autem,error,laborum,est
581826,quia,tempore,ipsam,pariatur
193623,ab,cupiditate,magni,maiores
152237,ducimus,quis,quisquam,eaque
656288,possimus,voluptatem,esse,asperiores
591357,assumenda,quia,consequuntur,illum
151114,molestias,nobis,eveniet,quia
928845,exercitationem,ipsa,voluptatem,quis
243758,sed,facere,fugiat,quos
877126,nesciunt,officiis,aut,odio
588763,hic,reiciendis,vel,fugit
533182,consectetur,quod,nulla,esse
326297,iure,beatae,iusto,soluta
211041,rerum,necessitatibus,fuga,sed
252445,vero,distinctio,possimus,quaerat
796446,velit,enim,consequuntur,aspernatur
468423,odio,aperiam,debitis,atque
540590,quos,molestias,sapiente,a
653953,eum,voluptatum,necessitatibus,impedit
943902,id,similique,error,amet
517080,quis,a,iste,blanditiis
716125,quod,sapiente,cum,aut
175190,assumenda,nihil,tenetur,quisquam
533823,laborum,dolore,voluptates,quam
141727,eaque,similique,quaerat,nisi
958833,ipsum,ad,pariatur,impedit
137610,earum,cum,expedita,consequatur
499326,quasi,dolores,cupiditate,deserunt
306667,consequatur,sit,esse,mollitia
139639,dolorum,esse,eum,id
706612,omnis,voluptas,cumque,ab
658731,accusamus,libero,labore,ut
290685,quam,qui,tempore,itaque
885522,sed,nesciunt,iusto,distinctio
162079,saepe,quis,tenetur,quod
664481,sed,quis,iusto,perspiciatis
775745,mollitia,iusto,corporis,doloremque
477405,nemo,at,quasi,provident
155962,dolores,illum,rerum,vero
292887,dolorum,dolore,sit,numquam
837846,voluptate,quas,libero,necessitatibus
875408,placeat,dolorem,mollitia,harum
133636,recusandae,quae,aliquam,error
773978,quisquam,consequatur,accusamus,consequatur
157983,officiis,ut,omnis,nam
614234,et,similique,deleniti,iure
118445,provident,nesciunt,harum,illo
562108,animi,quos,enim,odit
477665,ullam,debitis,deserunt,vel
343227,ducimus,voluptatem,suscipit,sequi
888362,perspiciatis,laborum,soluta,quam
488528,veniam,odit,aspernatur,aspernatur
933257,sunt,totam,officia,quis
262530,nisi,beatae,praesentium,earum
565177,alias,iure,ipsum,officiis
410182,nihil,nihil,autem,non
203351,esse,esse,quidem,asperiores
373412,asperiores,dolore,quos,deserunt
181629,eveniet,incidunt,soluta,mollitia
872698,optio,reiciendis,sequi,iure
873979,fuga,excepturi,veritatis,corporis
945562,odit,corrupti,ducimus,ea
170626,vel,fugiat,odio,quas
560940,deleniti,laborum,omnis,voluptatibus
947711,voluptatum,est,omnis,velit
739383,tempora,nemo,dignissimos,repellendus
515194,delectus,reiciendis,distinctio,veniam
359707,aspernatur,id,ipsa,voluptates
143595,provident,corporis,tempora,dignissimos
927630,id,eaque,ea,odit
873737,maiores,tenetur,eius,beatae
609275,corporis,quam,blanditiis,odit
712152,molestias,laboriosam,quos,pariatur
948981,sed,reiciendis,ducimus,eligendi
445510,voluptate,iste,inventore,laboriosam
291591,laborum,repellat,nemo,nemo
708160,molestiae,a,esse,distinctio
468874,molestias,labore,accusantium,sequi
513700,reiciendis,ex,quidem,commodi
461576,in,placeat,quo,rem
222115,quae,officia,modi,cumque
475750,molestias,quasi,ipsa,exercitationem
298283,dicta,similique,earum,quis
313191,temporibus,hic,esse,minima
846330,sed,vero,temporibus,tempora
463245,sequi,officia,atque,error
573311,distinctio,ipsum,maxime,quos
890383,quasi,sunt,doloremque,voluptatem
175782,eligendi,porro,voluptas,perferendis
235506,illum,deleniti,ducimus,minima
849397,sapiente,quam,libero,libero
803828,eius,asperiores,reiciendis,reprehenderit
838051,tempore,officiis,et,fugiat
100686,tenetur,quibusdam,optio,omnis
811308,incidunt,non,natus,facilis
222136,harum,iure,deleniti,voluptatem
966681,autem,eos,amet,itaque
155994,quidem,eum,cum,excepturi
880914,dolorem,beatae,harum,rem
402556,cupiditate,autem,natus,ullam
440952,repellendus,velit,sit,sed
769949,ex,doloremque,unde,sapiente
578698,dolorem,autem,debitis,sequi
324824,quae,impedit,tempore,aliquam
424498,aut,incidunt,consectetur,sint
484580,necessitatibus,atque,suscipit,corporis
351236,molestias,architecto,nam,atque
482628,error,iste,molestias,dolorum
656484,similique,eveniet,laborum,facere
353630,illum,iste,temporibus,explicabo
121479,in,suscipit,reiciendis,at
272405,reiciendis,at,eius,eligendi
831936,dolorem,nam,nesciunt,quaerat
944581,animi,architecto,exercitationem,officiis
711921,veniam,voluptate,tempore,ipsa
351108,non,at,odio,adipisci
379776,beatae,itaque,adipisci,consequuntur
615272,ullam,atque,officia,quam
737859,eum,enim,enim,minima
411918,fugit,earum,sequi,quas
750160,labore,illum,fugit,perspiciatis
993716,dignissimos,unde,illum,molestias
596971,aut,unde,dolorum,atque
376286,optio,repellat,numquam,distinctio
414012,reprehenderit,excepturi,consequatur,tempora
932356,consequatur,voluptate,tempore,nihil
326303,aspernatur,maxime,illo,veniam
945180,accusantium,necessitatibus,id,deserunt
242292,dolores,omnis,necessitatibus,dolorem
654344,dicta,necessitatibus,nulla,laboriosam
294823,voluptatum,est,quae,eos
203407,nulla,voluptatibus,error,ipsa
865480,est,atque,enim,sint
238708,quia,nulla,totam,repudiandae
425541,repudiandae,repellat,minus,ratione
895245,pariatur,saepe,commodi,eligendi
209777,error,molestias,in,repellendus
305446,iusto,architecto,maiores,numquam
695083,molestias,ipsam,quibusdam,est
470807,voluptate,eum,aliquam,nulla
406971,omnis,vero,consectetur,neque
543302,delectus,quibusdam,pariatur,autem
356268,ex,fugiat,itaque,maiores
183263,maiores,modi,ut,necessitatibus
943653,eligendi,tempora,deserunt,maxime
386518,esse,quos,possimus,aspernatur
578589,distinctio,minus,repellendus,velit
236637,ducimus,soluta,quod,rerum
496023,iusto,aperiam,veritatis,voluptate
512018,doloremque,dignissimos,maxime,at
754848,aperiam,est,sunt,suscipit
675295,provident,recusandae,minus,quo
529547,possimus,assumenda,corporis,illum
462681,ad,nihil,neque,perferendis
812537,sit,esse,architecto,incidunt
773845,aspernatur,illum,nihil,voluptatem
160713,asperiores,ipsam,fugiat,sapiente
417399,dolor,repudiandae,dicta,optio
851284,voluptatibus,magni,quas,ipsum
910059,ea,doloremque,dolorem,similique
277054,corrupti,quae,maxime,ab
228216,adipisci,repellendus,officia,nemo
679528,debitis,ab,ipsa,error
767964,fugiat,ipsam,repellendus,molestiae
743996,perspiciatis,dolorem,beatae,nostrum
249410,maxime,sapiente,tempore,laudantium
449354,earum,veniam,repudiandae,eaque
975123,ipsum,ducimus,maxime,repudiandae
554161,dolorum,voluptatibus,id,ad
151341,itaque,officiis,explicabo,ducimus
743438,est,id,maxime,mollitia
791806,iusto,molestiae,earum,tempora
620534,consequuntur,a,occaecati,possimus
565967,dicta,eos,omnis,possimus
547932,assumenda,dolore,quisquam,ducimus
481794,tenetur,exercitationem,voluptatum,distinctio
385682,sint,porro,perferendis,et
263214,corrupti,inventore,placeat,assumenda
280369,a,illum,corrupti,quod
796836,distinctio,omnis,at,consequuntur
961588,accusamus,iste,occaecati,modi
188491,quaerat,doloremque,rem,nisi
232750,velit,porro,aperiam,praesentium
718397,rerum,mollitia,ad,praesentium
984180,accusantium,est,mollitia,ea
196137,similique,occaecati,quo,tempora
617967,maxime,suscipit,deleniti,fugit
116219,facilis,quidem,veritatis,eveniet
564138,dolore,dolores,autem,in
798474,ipsa,suscipit,incidunt,similique
717538,corrupti,culpa,dolores,distinctio
495982,animi,pariatur,hic,eius
384784,libero,ullam,sapiente,rem
118374,nemo,id,eos,facilis
162434,suscipit,corporis,exercitationem,voluptatem
585968,libero,officia,hic,animi
666571,in,accusantium,modi,quo
157615,assumenda,voluptates,eveniet,totam
126918,placeat,voluptates,voluptatibus,quam
379953,explicabo,sapiente,expedita,deserunt
779027,voluptates,itaque,temporibus,maiores
439331,doloribus,expedita,deleniti,iure
605356,ex,optio,autem,vel
144221,quod,officia,distinctio,porro
383651,deserunt,sed,et,odit
708107,eum,rem,sed,voluptas
348620,ea,quod,itaque,voluptas
397922,velit,hic,qui,quos
776284,eos,hic,explicabo,eveniet
218558,voluptatem,quidem,non,aliquid
389614,recusandae,eum,asperiores,id
511670,consequuntur,explicabo,odit,eligendi
664834,aperiam,aperiam,quidem,eligendi
844563,eaque,esse,atque,voluptate
883461,fugiat,optio,unde,adipisci
457877,ipsum,beatae,molestiae,architecto
120108,repudiandae,vero,similique,unde
307951,possimus,ratione,eaque,labore
144461,ipsam,eaque,amet,soluta
941745,excepturi,quis,illum,quae
135917,repudiandae,ex,aut,suscipit
119399,esse,maiores,eius,id
977259,beatae,sapiente,excepturi,architecto
549880,voluptates,nihil,mollitia,quas
897218,facilis,inventore,reprehenderit,veniam
131478,dicta,nostrum,neque,ratione
611047,repellendus,ea,eligendi,ipsum
856932,minima,hic,nesciunt,voluptatibus
991790,amet,incidunt,assumenda,sequi
677629,quia,nam,reprehenderit,ipsum
640579,numquam,fugit,architecto,nulla
411159,veniam,distinctio,nisi,magnam
976439,maiores,ratione,quisquam,nam
122244,voluptate,modi,maxime,dolore
965530,ex,nesciunt,dignissimos,hic
374357,quibusdam,dolor,quod,minus
361353,incidunt,est,repellat,molestias
688241,veritatis,suscipit,eaque,totam
361498,error,unde,voluptates,consequatur
747422,illum,unde,reiciendis,ipsam
625383,commodi,temporibus,ipsam,quibusdam
488741,laudantium,tempore,dolores,incidunt
989645,nobis,enim,sed,enim
826966,illum,maxime,delectus,quam
143494,adipisci,reiciendis,aspernatur,nihil
276531,officiis,occaecati,molestiae,adipisci
544780,aliquam,accusantium,nulla,nostrum
234352,atque,aperiam,quibusdam,distinctio
826910,enim,sed,neque,molestias
777706,similique,voluptates,iusto,eos
473580,commodi,exercitationem,saepe,nisi
171852,quos,eius,blanditiis,voluptas
267862,illo,necessitatibus,illum,voluptas
531455,quidem,at,corporis,aperiam
681041,nostrum,odio,in,tempora
211487,incidunt,corporis,optio,quae
100660,nihil,laudantium,quasi,asperiores
947666,animi,eum,sint,consequatur
620245,officia,debitis,rem,exercitationem
915293,harum,molestias,ad,recusandae
911729,voluptatem,harum,beatae,illum
325213,magnam,aperiam,enim,provident
142689,voluptatem,ad,fugiat,aperiam
325816,cum,dicta,error,fuga
984665,suscipit,rerum,distinctio,ullam
782783,quasi,harum,dolorum,deserunt
988434,quasi,in,dolorum,aperiam
254982,odio,quis,voluptatibus,ex
206165,laborum,repellat,reiciendis,non
931889,nobis,quidem,quisquam,dolores
679233,veritatis,commodi,excepturi,et
370900,tempore,debitis,dolorem,aperiam
930938,sint,repellat,doloribus,similique
964515,fugiat,accusantium,numquam,culpa
754184,debitis,ratione,tenetur,iste
441504,repellat,libero,necessitatibus,odio
393372,enim,autem,aliquam,blanditiis
980317,eos,eum,ullam,aspernatur
743655,delectus,numquam,illum,illum
694057,accusamus,perferendis,accusamus,sequi
206711,nobis,impedit,beatae,sint
105714,explicabo,optio,soluta,quaerat
178657,rerum,illo,aperiam,quisquam
891777,nesciunt,assumenda,ullam,facere
186374,expedita,omnis,rem,voluptatem
379450,ducimus,nihil,nobis,maiores
553465,laboriosam,non,quia,aliquid
726436,cum,consequuntur,tenetur,repellendus
875703,non,dignissimos,illo,quam
750207,corrupti,fuga,quidem,sapiente
370425,iste,beatae,tempora,error
233101,tenetur,illum,earum,itaque
734156,cumque,odio,neque,fuga
753507,aspernatur,ipsum,assumenda,quo
143015,voluptatem,pariatur,aperiam,nostrum
501022,dolore,recusandae,corporis,quibusdam
748061,provident,dolores,dignissimos,necessitatibus
655263,aut,debitis,ipsa,necessitatibus
673383,nulla,tenetur,at,provident
937604,exercitationem,voluptatem,adipisci,odit
280492,ducimus,quisquam,perspiciatis,vel
942252,doloremque,ea,dicta,aut
756940,voluptatem,dignissimos,quo,dolores
994410,debitis,quam,sunt,architecto
345104,vitae,blanditiis,assumenda,quo
127263,temporibus,voluptatum,repellendus,ullam
840465,ut,ullam,eum,illo
385138,impedit,corrupti,esse,sed
975306,recusandae,accusantium,dolor,aliquid
876898,iure,aperiam,a,neque
323556,eaque,impedit,dolorem,voluptate
128415,hic,impedit,repellat,magnam
829525,veniam,exercitationem,mollitia,nulla
316831,saepe,deleniti,aperiam,tenetur
879392,nulla,magni,sed,alias
471100,veritatis,aperiam,suscipit,alias
234798,nostrum,animi,maxime,sunt
712252,corrupti,iste,similique,totam
546957,qui,dicta,ipsa,sed
447129,deleniti,enim,quasi,veniam
405345,beatae,fugiat,qui,consequatur
591655,quis,accusamus,rem,sit
766407,velit,in,ipsum,consequuntur
852785,consequatur,modi,totam,voluptas
947093,voluptatum,ipsum,facilis,neque
658523,eveniet,ea,natus,iste
450932,quae,pariatur,aspernatur,perspiciatis
916977,aut,aspernatur,laboriosam,tenetur
520785,autem,tempora,saepe,ea
644485,veniam,sit,velit,magnam
823652,ad,animi,eos,culpa
908262,id,corrupti,consequuntur,totam
197563,voluptatum,labore,velit,quibusdam
687591,non,distinctio,minima,odit
739524,doloremque,fuga,nostrum,consequatur
596560,sapiente,nulla,debitis,autem
804288,numquam,officiis,illum,fugiat
383308,voluptas,atque,accusamus,occaecati
488532,eius,culpa,animi,totam
886765,laborum,accusamus,sapiente,ipsa
136914,sequi,harum,a,vitae
317470,tempora,explicabo,dolores,dolorum
941602,vel,atque,sint,et
485495,exercitationem,quod,laudantium,sequi
584943,excepturi,assumenda,veniam,magni
550752,reprehenderit,nostrum,iusto,sint
178110,expedita,nobis,amet,architecto
237973,pariatur,possimus,assumenda,quia
184154,deserunt,consectetur,itaque,voluptatum
130085,itaque,consequuntur,eveniet,quisquam
890965,occaecati,libero,neque,libero
191140,ullam,dolore,sequi,sed
244973,pariatur,officiis,et,necessitatibus
446125,ab,corporis,similique,quisquam
108147,recusandae,expedita,officiis,nam
130074,laboriosam,illo,doloribus,illo
357144,laudantium,animi,consectetur,aperiam
879521,eos,laudantium,ipsa,dolore
220403,earum,quae,minima,commodi
345217,error,rem,tempora,voluptatibus
674375,error,quos,commodi,corporis
474503,excepturi,praesentium,repudiandae,alias
348195,numquam,voluptate,culpa,molestias
959405,placeat,amet,cupiditate,reiciendis
375189,distinctio,tempora,eligendi,vel
285881,tempore,deleniti,repudiandae,vero
625644,impedit,dolorem,quia,laboriosam
164486,minus,est,sit,dolore
485251,nam,dolore,libero,repellendus
755480,praesentium,et,a,libero
181368,reiciendis,debitis,quo,officiis
553131,enim,veritatis,nemo,nihil
170035,voluptatem,illo,aliquid,quis
198603,veritatis,quisquam,doloremque,ad
524313,fuga,provident,cupiditate,neque
461545,eaque,mollitia,dicta,aut
204884,ex,enim,non,aliquam
758923,quasi,consequuntur,consectetur,blanditiis
809738,voluptates,ipsam,modi,quos
549212,quas,nobis,fugiat,maiores
756511,itaque,ad,enim,sint
853845,cupiditate,magnam,totam,qui
940675,rerum,tenetur,reiciendis,nostrum
950597,optio,reprehenderit,quia,accusamus
210634,sunt,commodi,earum,soluta
591906,maiores,sapiente,magnam,ullam
518229,vero,assumenda,earum,aliquid
241228,perspiciatis,alias,maxime,quam
269702,expedita,voluptate,ullam,ratione
580946,fugiat,aliquid,odit,laborum
780217,repellendus,accusantium,quibusdam,voluptatibus
764873,aperiam,assumenda,deleniti,consequatur
214283,explicabo,non,eos,magni
473804,dignissimos,iusto,corporis,error
769417,modi,delectus,modi,illum
922823,nostrum,optio,enim,libero
964780,esse,quos,provident,cum
688573,molestiae,provident,nesciunt,architecto
971958,deserunt,sit,accusantium,aliquam
751397,eum,harum,quisquam,molestiae
894777,doloribus,laborum,repellat,assumenda
344553,est,laborum,temporibus,quisquam
365861,incidunt,optio,cum,natus
543493,aut,magni,atque,porro
336620,consequatur,saepe,ipsam,ipsa
817781,sed,similique,velit,inventore
656536,fuga,tempore,asperiores,nobis
577206,at,sint,veritatis,tempore
798341,vero,unde,magnam,expedita
107535,ducimus,vitae,quod,eius
973882,eum,pariatur,corporis,debitis
887090,animi,asperiores,atque,sint
267670,odit,accusantium,et,tempora
708806,hic,voluptas,possimus,expedita
263501,laudantium,maiores,ex,suscipit
381857,aperiam,saepe,ipsa,consectetur
469822,necessitatibus,esse,ab,illum
907093,aut,impedit,voluptas,repellat
278487,dolores,labore,dolores,error
985444,quo,dolorem,quas,eligendi
530754,quaerat,debitis,ullam,eos
538324,est,rerum,porro,officiis
151099,consequatur,veritatis,delectus,repellat
995906,sit,eos,sint,nulla
419167,debitis,assumenda,earum,numquam
739551,ex,sapiente,iste,optio
428056,recusandae,numquam,unde,itaque
645462,quas,praesentium,omnis,repudiandae
459231,aspernatur,ipsa,exercitationem,exercitationem
686448,libero,sed,ipsum,amet
784538,expedita,deserunt,sapiente,omnis
490212,nesciunt,quaerat,voluptatem,suscipit
139423,placeat,cupiditate,dolorem,iusto
637724,dicta,tenetur,velit,nobis
344023,odio,blanditiis,minus,quaerat
442103,fuga,ipsam,tempore,distinctio
195102,quae,fugiat,excepturi,numquam
597004,commodi,ipsum,dignissimos,placeat
362020,reiciendis,occaecati,repudiandae,explicabo
340405,accusantium,iste,itaque,quis
528101,aliquid,natus,mollitia,quaerat
371049,voluptatibus,eaque,dicta,maiores
771033,rem,cumque,deleniti,a
549185,expedita,numquam,quisquam,repellendus
783261,libero,officia,laborum,error
437310,libero,nesciunt,dolorem,harum
355767,beatae,corrupti,nobis,necessitatibus
352959,hic,ex,totam,necessitatibus
883229,praesentium,itaque,illum,ipsum
326118,dignissimos,ratione,natus,magnam
443640,voluptates,corporis,officiis,molestiae
672200,earum,mollitia,tenetur,quis
626101,quo,perspiciatis,molestiae,reiciendis
130835,exercitationem,possimus,atque,accusantium
451471,cumque,ut,iste,necessitatibus
297224,temporibus,reiciendis,consectetur,hic
156266,sunt,expedita,optio,assumenda
673017,ab,aperiam,ab,reprehenderit
607357,architecto,fugiat,quo,distinctio
270913,officia,ut,exercitationem,magni
264007,laudantium,consectetur,tenetur,ipsum
933730,incidunt,amet,rerum,quasi
100558,eveniet,reprehenderit,iure,ipsum
652485,laudantium,quae,sit,doloremque
938684,aperiam,harum,voluptatem,dolor
102992,cumque,nihil,dolores,quos
994946,nam,porro,dolorem,pariatur
956564,vero,repellendus,numquam,sint
667409,cum,ab,minus,voluptatum
770966,nobis,placeat,accusantium,reiciendis
773764,illum,nostrum,quos,quas
575399,deleniti,assumenda,aliquid,quo
163885,distinctio,doloribus,odit,illo
996819,perferendis,laudantium,voluptates,adipisci
146671,sunt,temporibus,nisi,perspiciatis
146841,quam,quasi,necessitatibus,porro
438004,ipsum,eos,quaerat,ad
963075,hic,atque,tempora,voluptates
763612,delectus,veritatis,suscipit,inventore
684034,reiciendis,officiis,veniam,reprehenderit
880074,culpa,temporibus,at,blanditiis
530607,animi,unde,sequi,fugit
243417,totam,commodi,laudantium,mollitia
617112,ea,laboriosam,earum,enim
695223,ratione,nobis,neque,neque
987202,facere,impedit,temporibus,quos
421899,excepturi,suscipit,illo,voluptate
374628,corrupti,soluta,inventore,omnis
707106,a,maiores,ducimus,labore
115575,blanditiis,harum,eaque,occaecati
909550,non,ut,inventore,sunt
738285,doloremque,debitis,nulla,laboriosam
326666,iste,repellendus,fugiat,ab
248992,a,velit,eveniet,iste
453887,quod,molestiae,provident,ratione
621630,excepturi,libero,nam,illo
901182,eum,repellendus,eveniet,dicta
513592,inventore,sequi,eos,perspiciatis
967513,quae,itaque,cupiditate,porro
184213,rerum,odio,voluptatibus,in
349447,dolor,illo,velit,nam
345748,reprehenderit,eaque,impedit,cupiditate
828366,neque,magni,sit,natus
723118,quibusdam,veniam,velit,enim
634452,corporis,architecto,error,harum
688800,iusto,numquam,ipsa,magni
738345,tempore,ipsa,officiis,veniam
226908,voluptates,dolorum,perferendis,officiis
782699,iure,vero,fuga,odit
910033,mollitia,ab,amet,suscipit
671397,corrupti,aliquid,in,quod
909636,cumque,ipsam,facilis,soluta
330413,labore,voluptatum,asperiores,vero
223034,reiciendis,ex,commodi,adipisci
987786,repudiandae,itaque,quae,dignissimos
162929,iure,ab,laborum,quibusdam
325628,corrupti,omnis,voluptatem,voluptatem
525228,eveniet,velit,vel,repellendus
774425,quo,quibusdam,delectus,nobis
570957,dolore,eligendi,nisi,enim
