app_id,doc_submission_date,login_date,sanction_date,pf_date
289054,sequi,tempora,placeat,nam
832355,reiciendis,autem,assumenda,odio
181527,quaerat,ipsam,distinctio,expedita
265263,nesciunt,alias,architecto,quos
911245,ratione,minima,illum,optio
615378,totam,consequatur,porro,atque
350126,iure,dolores,et,velit
872740,tempore,autem,voluptates,facilis
466169,fuga,explicabo,sapiente,asperiores
167625,impedit,saepe,delectus,dolorum
856391,eligendi,eius,dolorem,magni
751695,neque,vero,sunt,dignissimos
946566,odio,unde,reiciendis,neque
629144,unde,est,aperiam,perspiciatis
871180,in,ad,in,consectetur
574491,ipsam,dolorum,vero,ducimus
790072,sint,harum,fugit,illo
904538,totam,ut,necessitatibus,sit
817498,cumque,tempora,aut,officiis
233852,provident,veniam,accusamus,ab
560757,veritatis,hic,exercitationem,omnis
835490,laudantium,suscipit,rerum,quidem
232162,amet,perferendis,laudantium,ducimus
281034,cupiditate,consequuntur,mollitia,officiis
638711,eveniet,corrupti,facere,autem
974283,autem,nostrum,perspiciatis,eaque
566936,ipsam,illum,dicta,eligendi
975729,cupiditate,reiciendis,ipsum,saepe
880953,iusto,architecto,recusandae,deserunt
106597,fugiat,repellendus,illo,vero
825857,adipisci,et,tenetur,similique
784685,iure,magnam,dignissimos,rem
580024,animi,aliquid,ab,accusantium
689636,temporibus,minima,asperiores,nesciunt
166786,voluptatibus,nemo,possimus,excepturi
228152,nemo,ut,alias,quas
437392,beatae,enim,enim,totam
783428,dolores,possimus,reprehenderit,ipsam
447447,alias,vero,voluptas,labore
862473,reiciendis,totam,repellendus,laborum
175799,natus,quaerat,accusamus,voluptatem
661573,sunt,eum,consequatur,est
349680,dolore,amet,tenetur,sequi
653534,culpa,fugiat,repudiandae,possimus
711843,pariatur,iste,officia,illum
722025,at,laborum,eius,error
230591,reprehenderit,quos,rerum,expedita
235541,quam,qui,ex,impedit
262327,maxime,repellendus,aut,voluptas
316021,harum,blanditiis,fuga,tempore
538369,consequatur,et,perspiciatis,saepe
522549,aliquam,nesciunt,ut,deleniti
484884,sed,omnis,ut,libero
660587,voluptas,nam,tempora,vitae
643728,dolore,vero,laborum,atque
381077,pariatur,sed,placeat,nostrum
719969,illum,earum,assumenda,maiores
331450,ex,eaque,unde,soluta
916527,possimus,ex,sint,ab
488055,at,ab,voluptatibus,nostrum
681026,quis,enim,explicabo,hic
145882,quos,in,corrupti,fuga
328257,dolorem,nisi,aliquam,sit
518036,earum,non,iure,corporis
215826,labore,eos,error,vero
811131,tempora,quibusdam,sapiente,totam
415473,blanditiis,error,architecto,asperiores
518479,qui,mollitia,numquam,ducimus
338143,tempora,ad,nisi,praesentium
873024,placeat,quas,corrupti,ducimus
314895,voluptate,voluptatibus,amet,ratione
788491,quidem,velit,molestias,quasi
762112,at,harum,rerum,molestiae
704470,est,perferendis,exercitationem,quam
126531,magni,dolor,ipsa,ipsam
526809,necessitatibus,ipsa,nihil,natus
867474,voluptas,dolor,laboriosam,ratione
200188,ratione,ab,quia,odit
165902,consequatur,itaque,nulla,optio
312393,voluptas,excepturi,itaque,optio
465129,quae,impedit,eligendi,excepturi
604682,animi,perferendis,sed,amet
461849,iure,vero,quia,cupiditate
303650,corrupti,explicabo,facilis,optio
873697,minima,rem,porro,nemo
977032,recusandae,labore,tempore,voluptatum
108914,quam,nostrum,cumque,modi
704800,consequatur,laudantium,sapiente,accusantium
569355,eum,incidunt,expedita,perferendis
865539,ducimus,corporis,nobis,quasi
469145,qui,ab,error,impedit
421520,quis,qui,eius,in
479811,nisi,veritatis,dolorum,non
314898,magni,accusantium,nulla,nesciunt
689557,tenetur,dolor,repudiandae,veniam
500982,inventore,omnis,totam,corrupti
974542,voluptas,ad,eius,sapiente
321914,corporis,fugiat,accusamus,dolorem
369649,eveniet,velit,consectetur,quo
845159,sint,maxime,vitae,hic
845300,harum,fugiat,asperiores,aliquid
534293,praesentium,rem,iusto,rem
831122,deserunt,hic,eligendi,ipsum
363074,voluptatibus,qui,repellendus,aut
229745,consequatur,accusantium,aspernatur,neque
110394,neque,aspernatur,ad,nam
201357,dignissimos,quibusdam,deserunt,impedit
512629,eum,enim,quasi,quaerat
686568,necessitatibus,expedita,quasi,soluta
346179,odit,ex,odit,consequuntur
982497,hic,occaecati,facere,ducimus
194347,expedita,corporis,eius,numquam
262472,magnam,vel,suscipit,officia
929028,quo,quaerat,iusto,corporis
297273,nihil,repellat,saepe,quod
768917,tenetur,sed,numquam,quibusdam
605615,blanditiis,alias,at,cumque
528343,inventore,maxime,laboriosam,dignissimos
860473,minima,illo,nam,corrupti
674695,laboriosam,praesentium,corrupti,facere
996276,veniam,dolore,consequuntur,mollitia
340202,amet,labore,officia,asperiores
992080,molestias,iste,consequatur,eius
620500,quae,pariatur,modi,inventore
629081,reprehenderit,aspernatur,doloremque,minima
658727,quae,quas,repellendus,sequi
258420,ex,soluta,nobis,tempora
577554,natus,dolores,dolorum,magnam
884034,expedita,optio,natus,dolorem
796614,veritatis,rerum,dolores,numquam
781250,autem,tempore,eveniet,nemo
704605,unde,dolores,atque,odio
147426,odit,ratione,eligendi,quod
529266,blanditiis,fugit,quos,doloribus
761918,enim,voluptatibus,quia,dolore
746033,blanditiis,cumque,aspernatur,iure
639468,veniam,corporis,sint,sed
463869,impedit,dolores,minima,ex
365124,praesentium,odio,id,quae
471074,omnis,voluptatibus,non,dignissimos
404641,ut,dolorum,adipisci,repudiandae
589176,itaque,dolor,quo,ullam
121815,praesentium,temporibus,ipsam,quidem
842211,quia,dolores,quisquam,occaecati
512066,non,pariatur,harum,occaecati
139976,eius,fuga,cupiditate,eveniet
934140,aperiam,ea,alias,odit
111720,in,accusantium,aspernatur,labore
166271,debitis,quidem,aliquam,ad
645614,impedit,consequatur,quo,provident
356900,est,suscipit,nulla,facilis
397036,neque,possimus,harum,cum
150097,porro,voluptates,est,veritatis
432294,recusandae,accusamus,architecto,porro
967059,alias,hic,nisi,nesciunt
611659,cum,cupiditate,odit,quisquam
460165,illum,nemo,nesciunt,neque
738477,perspiciatis,blanditiis,quo,recusandae
635623,dolorum,odit,sit,eligendi
307753,repellat,repellendus,nam,voluptate
160019,temporibus,dolorum,recusandae,dolorum
908291,assumenda,nam,ad,corporis
406562,ipsum,quisquam,officia,sapiente
623756,magni,harum,asperiores,iure
580037,voluptas,facilis,repellat,consectetur
305064,saepe,autem,est,consequuntur
842193,autem,repudiandae,exercitationem,sunt
291465,possimus,sit,deserunt,tempore
421679,voluptatum,repudiandae,quo,voluptates
289703,error,quas,consequuntur,laborum
112706,tempora,necessitatibus,et,enim
309555,veritatis,vero,placeat,a
230672,dignissimos,animi,deserunt,quas
537433,expedita,ipsa,sunt,voluptatibus
451724,at,minus,natus,delectus
823030,accusantium,voluptatibus,aliquid,numquam
556586,asperiores,adipisci,aliquam,magni
723654,illum,animi,modi,tenetur
342806,vero,repudiandae,eos,id
638077,aspernatur,ea,unde,tempora
435784,sit,fugit,et,qui
666371,iusto,non,accusantium,sequi
336743,tempore,temporibus,iste,voluptate
775841,ratione,ipsa,dolorem,perspiciatis
300229,excepturi,veniam,ab,rem
802554,fugit,consequatur,accusantium,corporis
824606,fugiat,tempore,perspiciatis,modi
202491,laborum,voluptatum,debitis,accusamus
481535,unde,hic,mollitia,aliquid
458113,adipisci,nostrum,quia,autem
755266,non,laudantium,iste,officia
458373,iure,error,itaque,tempore
663091,velit,delectus,iste,excepturi
859479,inventore,autem,veritatis,ab
537573,a,corporis,alias,tempora
247271,cum,rerum,adipisci,vero
263160,rem,dolor,provident,error
618774,aperiam,perferendis,animi,doloremque
481797,adipisci,impedit,ipsum,perspiciatis
674668,expedita,quae,fugit,laborum
464075,molestiae,ea,voluptate,ratione
393734,voluptate,consectetur,natus,quos
759382,iste,molestiae,excepturi,ad
897097,culpa,laborum,beatae,deleniti
549431,distinctio,nostrum,enim,consectetur
883710,reiciendis,reiciendis,iusto,odit
139421,at,illum,ducimus,animi
378429,quis,quisquam,eum,vitae
158951,fuga,veniam,non,molestiae
420798,ad,dolorem,nostrum,iure
813906,fuga,commodi,inventore,consequatur
988473,hic,ea,repellendus,aut
319988,unde,temporibus,minima,culpa
227291,alias,porro,ad,magni
495591,cumque,vel,delectus,mollitia
671604,aspernatur,expedita,nobis,excepturi
908129,odit,modi,tempora,architecto
883851,asperiores,eaque,placeat,rem
945295,distinctio,impedit,maxime,iste
592421,in,eveniet,fugit,est
587998,est,alias,unde,culpa
595816,eveniet,sapiente,ducimus,possimus
485357,deleniti,eveniet,expedita,nesciunt
327923,minima,alias,nostrum,impedit
904479,vel,soluta,reprehenderit,animi
172367,libero,quas,maxime,provident
299682,eius,dolorem,dolores,totam
247430,reprehenderit,consequuntur,maiores,illum
677914,et,optio,rem,beatae
574635,corporis,amet,officiis,commodi
673286,dolores,maiores,ipsam,ipsa
937741,voluptates,reprehenderit,explicabo,neque
681089,labore,dolores,soluta,quae
506975,est,eveniet,dolorem,quia
258061,natus,iure,maxime,et
611227,nulla,sit,repellat,ipsum
984400,consequuntur,quasi,rem,deserunt
295128,voluptatum,aspernatur,ducimus,est
789116,maiores,dolorem,voluptas,porro
245923,accusantium,ab,consequuntur,beatae
527587,cupiditate,ab,rem,dignissimos
643309,dicta,animi,maxime,molestiae
211057,nobis,nobis,doloremque,repudiandae
976907,nam,eligendi,sint,odit
941238,qui,voluptatem,temporibus,excepturi
378584,neque,ad,odit,illum
806342,culpa,error,saepe,velit
212356,fuga,facere,et,quos
382694,totam,pariatur,accusamus,dolore
574447,quod,nam,dolores,asperiores
789918,dolorum,impedit,est,in
407937,perspiciatis,fuga,animi,voluptatibus
709962,maiores,atque,quidem,a
745010,explicabo,quam,culpa,exercitationem
444771,reprehenderit,placeat,magnam,dignissimos
164409,tempore,ut,harum,magni
646816,quae,animi,delectus,dignissimos
808796,aliquam,fugiat,cum,suscipit
954291,dignissimos,iste,dolorem,exercitationem
542536,dolores,et,explicabo,eum
524085,amet,autem,corporis,necessitatibus
791457,est,nemo,deserunt,aperiam
629997,totam,dolor,delectus,sapiente
247416,voluptatem,doloribus,qui,quisquam
853431,dicta,expedita,quaerat,cupiditate
800499,corporis,aut,exercitationem,doloremque
403251,ratione,aliquam,non,quibusdam
782863,nostrum,inventore,reprehenderit,et
655161,laboriosam,temporibus,dolorum,accusantium
255817,consequatur,natus,voluptatem,consequatur
302337,molestias,quidem,repellat,quibusdam
363435,itaque,minima,doloribus,ducimus
427169,quasi,quidem,optio,praesentium
479606,aspernatur,delectus,officiis,et
525640,veritatis,omnis,rerum,harum
569806,facilis,occaecati,laboriosam,suscipit
177975,ullam,sint,velit,doloremque
779751,ea,corporis,quis,placeat
477256,minus,libero,atque,facere
674555,quaerat,iste,magnam,commodi
211270,aperiam,sit,placeat,minima
805976,cum,sint,molestias,repellendus
899386,commodi,rem,corporis,error
702975,ipsum,voluptas,vitae,omnis
854196,facere,libero,quis,ullam
123895,voluptatum,nemo,laboriosam,illum
486479,aliquid,dolor,officia,amet
885788,deserunt,totam,iusto,voluptatem
216155,ducimus,nesciunt,exercitationem,ducimus
988412,itaque,odit,natus,molestias
753523,ipsum,enim,rerum,qui
617512,sit,sapiente,earum,fuga
978408,fugit,hic,explicabo,est
517251,animi,animi,nesciunt,suscipit
561346,facilis,maxime,delectus,harum
611018,non,eos,expedita,maiores
130822,omnis,nemo,aut,eaque
266279,quaerat,odio,nisi,quod
240605,temporibus,autem,beatae,sapiente
295429,unde,molestias,atque,dolores
285784,corrupti,id,officia,eum
540550,quo,accusamus,tempora,ab
165149,eius,sit,iste,corrupti
628525,similique,aliquid,voluptas,ducimus
660459,et,voluptates,minima,consequatur
504783,ab,iste,quam,totam
644906,eligendi,ex,similique,vel
265682,nulla,saepe,saepe,labore
440901,ad,iusto,a,est
988600,et,aspernatur,harum,magni
468626,nemo,laborum,eius,numquam
881567,debitis,nobis,nemo,quibusdam
340056,ratione,error,quaerat,in
918972,sint,nesciunt,ducimus,nemo
777701,expedita,totam,aspernatur,voluptatum
898752,quibusdam,distinctio,libero,minus
214955,quia,ipsum,aliquid,magnam
740992,maxime,magnam,asperiores,voluptas
991132,nemo,sunt,ratione,possimus
262602,accusantium,laborum,neque,ex
401870,animi,enim,assumenda,labore
742359,sunt,corporis,enim,adipisci
265965,nobis,illum,laborum,aspernatur
210535,explicabo,deleniti,nihil,corrupti
562282,quaerat,quia,ipsam,nisi
446105,laboriosam,consequuntur,amet,distinctio
938281,nisi,cupiditate,doloribus,esse
969728,magnam,libero,nostrum,minima
741125,at,eius,quisquam,dolores
475017,necessitatibus,deserunt,deleniti,ducimus
198155,deleniti,cumque,sit,quam
656592,laudantium,nulla,qui,qui
818351,laborum,quia,doloremque,quam
649757,magnam,dolores,beatae,ipsa
354580,deleniti,laborum,dolore,atque
126265,rem,modi,illo,sequi
598338,pariatur,non,animi,quo
705455,quaerat,est,laudantium,quod
371274,ipsum,labore,consectetur,saepe
339349,recusandae,voluptatibus,saepe,doloremque
337471,adipisci,distinctio,magnam,dolor
162731,natus,voluptate,sed,error
234833,fuga,vero,optio,nemo
837120,architecto,natus,laudantium,voluptatibus
385944,veniam,ratione,explicabo,asperiores
884696,doloribus,ex,doloribus,quisquam
107505,cupiditate,consequuntur,eaque,adipisci
978588,libero,repellendus,ipsa,consequuntur
250394,ea,asperiores,recusandae,occaecati
805914,officia,distinctio,eos,culpa
877341,incidunt,sequi,tempore,reiciendis
751789,facere,dolore,quidem,inventore
902083,nostrum,consequatur,accusamus,autem
428721,soluta,dolor,ex,illum
228120,libero,recusandae,deserunt,maxime
880161,nostrum,beatae,ullam,laboriosam
695322,omnis,ullam,nulla,corporis
282651,illum,enim,impedit,hic
245067,at,est,eum,debitis
283625,molestiae,numquam,at,accusantium
162312,blanditiis,quam,dicta,ipsum
258539,quia,delectus,blanditiis,modi
110486,modi,itaque,tempora,assumenda
602556,cum,itaque,saepe,quod
207570,incidunt,est,officia,explicabo
626884,nihil,dolore,tempora,blanditiis
335991,consequatur,nisi,dolores,facere
575307,sunt,saepe,doloribus,distinctio
750998,est,sint,nisi,magnam
947171,quia,minima,tempora,fugit
784552,at,nulla,sapiente,mollitia
720003,possimus,veritatis,cum,delectus
536283,corporis,vel,reprehenderit,quae
176672,earum,eveniet,harum,quia
656238,inventore,natus,exercitationem,quas
383173,aut,repudiandae,soluta,ab
894554,odit,excepturi,beatae,itaque
477901,animi,odio,reiciendis,at
444592,reprehenderit,iure,nesciunt,maxime
841118,ad,non,molestias,mollitia
552984,odio,quod,expedita,odit
101765,placeat,in,cum,beatae
161395,est,ullam,quo,qui
267294,veritatis,temporibus,omnis,aliquid
204828,laboriosam,vel,consequatur,aut
641230,voluptatibus,tempore,fugiat,fugit
513178,deserunt,similique,ratione,blanditiis
461438,officiis,perferendis,totam,quisquam
783536,blanditiis,incidunt,occaecati,distinctio
775146,distinctio,a,quisquam,quo
552031,quas,incidunt,assumenda,ducimus
310155,alias,distinctio,qui,enim
749083,porro,qui,omnis,est
536949,eaque,impedit,ipsum,accusamus
528797,porro,atque,ipsa,nemo
786148,mollitia,illo,nihil,magnam
342847,cum,at,qui,quod
181337,maiores,vero,quasi,ad
211378,dolore,eligendi,saepe,dicta
956571,dicta,soluta,repudiandae,saepe
773923,unde,labore,in,amet
519330,voluptate,esse,minus,id
295865,alias,ducimus,voluptate,hic
286775,quidem,culpa,illum,neque
863944,corporis,earum,ipsa,blanditiis
963394,ipsam,impedit,quasi,necessitatibus
264211,optio,cupiditate,voluptate,tempore
524771,excepturi,fugit,magnam,nam
406860,unde,officiis,voluptate,perspiciatis
981699,deserunt,ea,sequi,quibusdam
152147,consequatur,quisquam,ullam,quasi
920878,similique,in,voluptate,harum
825282,aliquam,hic,nihil,nam
532371,numquam,neque,sapiente,commodi
900921,aperiam,et,dolor,accusamus
310768,et,dolore,provident,distinctio
389260,minus,perferendis,dignissimos,consectetur
762496,cupiditate,accusantium,tenetur,dignissimos
972306,sequi,modi,saepe,non
490720,possimus,alias,alias,ut
387083,vero,distinctio,itaque,sapiente
467879,consequatur,ratione,nobis,rerum
169053,soluta,eligendi,vero,nisi
905799,magni,autem,explicabo,commodi
825683,necessitatibus,culpa,repellat,esse
908224,minus,soluta,ad,autem
930930,beatae,voluptates,molestiae,molestiae
514163,nemo,iusto,ut,placeat
923827,veritatis,debitis,earum,possimus
502874,harum,laborum,distinctio,hic
357502,expedita,tempora,culpa,iusto
394300,dolores,aliquid,itaque,autem
197911,id,enim,incidunt,quas
835406,deserunt,adipisci,esse,voluptates
415233,labore,ex,harum,illo
322683,eveniet,voluptates,mollitia,suscipit
605831,aut,voluptatem,eos,ut
659943,fuga,autem,possimus,explicabo
666842,fugiat,odit,perferendis,ad
223441,perferendis,libero,quos,est
378971,esse,ipsam,earum,illo
854867,voluptatibus,quia,consequuntur,voluptatem
530092,praesentium,harum,non,repudiandae
643134,sed,aspernatur,incidunt,ipsa
766619,a,maxime,possimus,qui
366627,at,veritatis,saepe,quas
874016,enim,reiciendis,nemo,doloribus
501923,nemo,aliquam,praesentium,voluptate
272008,veritatis,temporibus,earum,enim
774212,consequatur,veritatis,blanditiis,quas
884091,voluptatibus,incidunt,nesciunt,incidunt
552692,ipsum,eos,quas,sapiente
962430,iure,dolores,aperiam,nisi
547552,culpa,iste,rem,optio
798965,nesciunt,numquam,sunt,ipsam
961317,voluptate,doloribus,quaerat,fugit
541162,assumenda,impedit,quas,est
353076,reiciendis,dignissimos,enim,excepturi
131776,nostrum,enim,quaerat,labore
476540,voluptate,recusandae,aperiam,ipsa
697692,soluta,ullam,aspernatur,rerum
693823,blanditiis,exercitationem,sed,nam
835248,pariatur,placeat,velit,possimus
761942,voluptates,voluptate,aut,sapiente
519738,nobis,sapiente,accusamus,perspiciatis
808097,hic,dolores,nemo,dignissimos
302661,quaerat,commodi,modi,voluptatibus
954462,iure,consequatur,eveniet,alias
344115,sit,nesciunt,aperiam,molestiae
350800,omnis,cumque,blanditiis,inventore
980499,amet,id,vel,tempore
285969,architecto,voluptatem,quasi,reiciendis
947912,in,dicta,harum,repudiandae
610157,recusandae,aut,similique,officia
742586,a,odit,ad,magni
419822,accusamus,asperiores,a,esse
931130,debitis,placeat,veniam,similique
514004,minima,cum,modi,quam
922846,modi,quod,rerum,facere
201405,saepe,aliquam,aut,eius
272606,fuga,vitae,sint,autem
808986,velit,id,aperiam,saepe
600464,illo,commodi,pariatur,dolore
369694,cumque,sequi,provident,eligendi
884725,id,explicabo,qui,illum
677916,veritatis,culpa,qui,totam
143121,quam,porro,cupiditate,quidem
375819,earum,quisquam,culpa,eum
633246,ab,architecto,impedit,hic
920145,occaecati,est,praesentium,quaerat
848586,culpa,minima,ut,cum
835009,aspernatur,impedit,quam,ea
847025,quasi,repellat,maxime,ea
425744,corporis,quidem,enim,incidunt
146089,suscipit,dicta,quo,iure
889857,delectus,recusandae,inventore,adipisci
838776,reprehenderit,voluptas,veniam,quis
612504,magni,omnis,maxime,itaque
442385,dicta,fuga,magnam,sapiente
653616,quibusdam,adipisci,provident,eos
939990,accusantium,velit,nulla,at
856762,excepturi,harum,aliquam,possimus
951305,laborum,sequi,molestias,iure
269932,tenetur,aliquid,reiciendis,omnis
500001,adipisci,in,debitis,tenetur
973210,labore,consequuntur,reiciendis,aliquid
943109,ducimus,repellat,aperiam,id
568740,eum,eveniet,quisquam,tempore
885137,voluptates,sit,sunt,quaerat
842102,earum,unde,error,atque
210777,harum,quidem,sed,doloribus
438158,assumenda,nam,possimus,sequi
381702,commodi,blanditiis,rem,minus
600522,nostrum,quisquam,tenetur,maxime
513169,quaerat,quisquam,id,provident
576188,ab,necessitatibus,consequatur,doloribus
836261,illum,quasi,accusamus,id
740095,veniam,laudantium,tempora,reprehenderit
249281,tempora,officiis,minus,repellendus
650659,ipsa,dignissimos,distinctio,voluptates
723822,molestias,dolor,iure,saepe
405909,consequatur,vitae,maxime,ab
694329,at,maiores,temporibus,est
785759,quae,sunt,est,sint
106639,aliquid,fugiat,id,atque
375485,quis,dolor,magnam,ex
795692,fugit,similique,repellat,exercitationem
333108,autem,ducimus,quaerat,ex
482151,eius,officia,nesciunt,asperiores
171048,mollitia,aut,id,cumque
831914,numquam,assumenda,excepturi,inventore
919979,quibusdam,iusto,suscipit,eum
290757,debitis,consectetur,asperiores,harum
903697,reprehenderit,ratione,repellendus,quae
851306,ipsa,fugit,facere,consequuntur
624939,quos,placeat,voluptate,sint
714864,voluptate,vitae,eveniet,impedit
359001,accusantium,accusamus,libero,laboriosam
229065,incidunt,at,perferendis,magni
352634,nulla,fugit,accusantium,non
213510,dolorum,iste,saepe,nesciunt
368978,deleniti,animi,aliquam,neque
746956,earum,minus,deserunt,velit
404038,deleniti,temporibus,autem,laborum
672541,at,eius,ipsam,odit
270281,iste,vero,non,nostrum
171527,quam,velit,maxime,possimus
863746,deleniti,eius,nemo,voluptas
883551,sit,ipsa,officiis,ab
978834,id,necessitatibus,accusantium,laudantium
529645,accusantium,voluptates,laboriosam,officia
793786,est,ipsa,minima,in
774893,itaque,odit,nulla,praesentium
475631,magni,nulla,iste,unde
350483,velit,fugiat,qui,quia
375459,quia,cupiditate,dolorum,doloribus
899177,adipisci,qui,porro,omnis
361665,velit,vitae,soluta,soluta
411842,eveniet,voluptatum,ab,possimus
784989,nam,assumenda,at,accusantium
329084,deserunt,qui,impedit,maiores
487405,non,aliquam,minus,architecto
913406,aliquid,ducimus,dolores,perferendis
510984,nostrum,nihil,illo,numquam
377833,exercitationem,ab,praesentium,dolore
286372,amet,quae,eveniet,consectetur
303875,corrupti,sapiente,numquam,consequatur
367211,repellendus,doloribus,placeat,voluptates
352501,sapiente,impedit,suscipit,expedita
251212,vitae,natus,saepe,quam
893076,recusandae,id,odio,natus
434611,similique,facere,ipsum,maxime
139630,aliquid,aperiam,corrupti,iure
735812,fuga,minus,aspernatur,cum
498016,culpa,officia,veniam,impedit
150137,odio,natus,eveniet,eligendi
319977,vitae,qui,doloremque,voluptatibus
844575,tenetur,tempore,inventore,quaerat
278834,aspernatur,hic,debitis,eligendi
582755,adipisci,consequatur,earum,commodi
836700,quo,assumenda,ullam,exercitationem
380644,doloribus,porro,alias,in
850101,placeat,illo,mollitia,ex
212572,minima,eius,quo,odio
980081,commodi,voluptas,a,saepe
622204,nemo,deserunt,adipisci,sapiente
124168,doloribus,eligendi,recusandae,reiciendis
102209,voluptatem,veritatis,eum,nihil
345846,veniam,suscipit,similique,minima
346841,molestias,natus,occaecati,modi
728807,quisquam,laborum,explicabo,quod
671046,aspernatur,iste,nisi,ducimus
707401,amet,illo,quam,odit
658137,cupiditate,quaerat,possimus,voluptas
944601,totam,saepe,reprehenderit,sint
884265,deleniti,laborum,molestias,nesciunt
585764,perferendis,hic,eligendi,numquam
518928,ipsa,amet,a,vel
848471,magni,aut,accusantium,minima
492042,explicabo,qui,magni,commodi
342010,mollitia,minus,labore,quaerat
998194,magni,blanditiis,reiciendis,eligendi
563697,sed,cumque,soluta,officiis
798948,laudantium,pariatur,sunt,eos
599338,eveniet,nihil,magnam,perspiciatis
404755,eum,in,omnis,eius
709246,quod,odio,hic,occaecati
680852,provident,aperiam,sapiente,nihil
809728,at,quo,inventore,voluptate
289138,cupiditate,numquam,dolorum,culpa
770031,quis,ratione,quo,nemo
681241,aliquam,voluptates,quidem,dolores
762582,quibusdam,officia,exercitationem,ullam
400323,omnis,reprehenderit,dolor,quasi
226428,eligendi,consequatur,mollitia,iure
711270,illo,veritatis,harum,qui
734361,quis,ipsa,laudantium,nobis
318520,placeat,magnam,nulla,quae
265829,similique,ut,cumque,animi
122984,labore,eligendi,asperiores,vitae
818227,quidem,accusamus,sunt,earum
827640,explicabo,sapiente,sequi,mollitia
948360,dignissimos,ullam,ab,omnis
853752,modi,dolorum,ratione,quod
440839,saepe,tempore,voluptatem,voluptatum
137349,cumque,quisquam,modi,hic
646090,earum,quis,omnis,corrupti
152451,harum,saepe,architecto,laboriosam
270565,sint,dolore,adipisci,beatae
778001,quam,earum,aperiam,quam
790785,dolorum,doloremque,optio,quas
441069,neque,vitae,ipsam,voluptate
415823,tempore,nam,omnis,cum
525982,eaque,omnis,eum,eveniet
218463,totam,inventore,vel,neque
215610,maiores,officiis,a,dolorem
174613,laboriosam,illo,sed,mollitia
753139,quos,distinctio,ullam,odio
693141,sequi,quidem,neque,praesentium
436981,facilis,velit,ipsum,quisquam
439581,necessitatibus,maxime,quia,consectetur
519419,maxime,a,ad,aut
657419,eveniet,vel,aperiam,eos
539521,saepe,hic,culpa,dolorum
164353,quo,ab,at,ut
358104,dolor,aliquid,vel,quod
301394,deleniti,maiores,deserunt,vel
431393,laboriosam,dolore,aperiam,culpa
236254,laboriosam,dolorem,minima,ut
398055,quidem,eius,totam,nemo
731274,quas,nisi,harum,quos
278800,earum,earum,rerum,voluptates
302476,magni,inventore,ratione,voluptate
235675,nihil,architecto,iste,nulla
778056,nihil,praesentium,aliquid,delectus
777530,sint,ea,placeat,repellat
159811,labore,voluptate,possimus,illum
187741,minus,praesentium,quas,tenetur
345986,numquam,error,ab,consequuntur
814692,natus,quisquam,vero,est
296139,placeat,voluptatibus,dolore,asperiores
513703,placeat,amet,ipsam,ex
900841,eligendi,vel,reprehenderit,esse
473183,ipsam,tempora,eos,esse
844593,earum,excepturi,vitae,tenetur
652168,eum,labore,tempora,aut
389360,voluptatem,voluptas,repudiandae,nemo
869441,aspernatur,quibusdam,odio,consequatur
590527,rerum,cum,aut,accusamus
788555,excepturi,ipsa,ipsa,voluptatem
563404,veniam,dicta,reprehenderit,quis
840044,alias,quam,dignissimos,inventore
823450,veniam,corrupti,eos,explicabo
266159,veritatis,veritatis,quibusdam,nesciunt
656352,distinctio,odit,rerum,quas
751656,ducimus,nisi,architecto,dolorem
858240,atque,maiores,deserunt,rerum
342219,qui,sapiente,tempora,et
884608,soluta,voluptate,ab,rerum
730433,molestias,quidem,exercitationem,alias
651646,maiores,iusto,eaque,iste
509983,nisi,vero,voluptas,libero
786056,tenetur,similique,labore,tenetur
455895,modi,explicabo,odit,placeat
766113,consequatur,alias,voluptas,blanditiis
235615,recusandae,rem,veritatis,illum
462693,eligendi,est,iure,doloremque
136770,laudantium,totam,eaque,pariatur
965439,voluptatibus,excepturi,eaque,debitis
197710,voluptatem,neque,voluptates,assumenda
901820,fugiat,eligendi,distinctio,est
460660,eius,beatae,ex,non
966896,nulla,nesciunt,est,architecto
177462,iure,cumque,cumque,saepe
675117,quis,odit,alias,debitis
540534,tenetur,officia,corrupti,deleniti
258677,dolores,quaerat,dolor,optio
422804,esse,voluptatem,aliquid,minus
541272,cupiditate,dolorem,doloribus,nesciunt
121670,veniam,quis,illo,adipisci
664181,odio,unde,aliquid,facilis
786913,aliquam,ea,dicta,corrupti
202200,enim,labore,soluta,aliquid
396604,adipisci,eveniet,similique,soluta
373437,debitis,aut,accusamus,ad
194397,magni,eos,quae,occaecati
191907,doloribus,laudantium,deleniti,perspiciatis
510971,pariatur,vitae,eos,fugiat
907885,dolorem,nisi,ullam,illum
829389,dignissimos,consequatur,dolore,voluptatibus
247131,quisquam,ipsa,explicabo,perspiciatis
329749,rerum,aliquam,cumque,quisquam
390189,sint,tempore,corrupti,corporis
468575,et,ab,saepe,reiciendis
277957,nobis,illo,fugit,cum
794660,deleniti,adipisci,in,culpa
242922,fugiat,et,maxime,laborum
691110,hic,minus,consequuntur,vel
797789,quasi,cum,aliquam,adipisci
341214,quis,quos,provident,aliquid
454025,alias,molestias,ex,vero
793654,vero,culpa,sint,saepe
508543,dolorum,odio,libero,ullam
373582,molestias,dolorem,blanditiis,placeat
922615,illum,nesciunt,earum,earum
288946,minima,neque,consectetur,consequatur
183391,beatae,delectus,porro,sed
599959,nisi,ea,nesciunt,error
352777,facere,quo,quasi,iusto
942527,soluta,consequuntur,nisi,cumque
531970,provident,ullam,laboriosam,dolorum
677220,aperiam,porro,commodi,possimus
330922,sunt,consequuntur,libero,voluptates
709354,facere,sed,architecto,rem
242285,repellendus,quasi,sapiente,iste
962050,rem,minus,natus,voluptatibus
600634,a,non,recusandae,doloribus
705323,rem,repellendus,doloribus,earum
351302,quisquam,minus,neque,dicta
236027,minus,velit,fugit,expedita
110457,eos,debitis,eos,vero
604018,possimus,sit,dolorum,cum
399339,hic,libero,harum,minima
301826,exercitationem,debitis,iusto,enim
937499,sit,labore,commodi,provident
468378,animi,provident,veniam,quam
532772,tempore,consectetur,mollitia,in
877562,reiciendis,eos,ut,suscipit
911248,tenetur,quibusdam,minus,corrupti
977133,eveniet,in,odio,dicta
503144,magnam,placeat,cupiditate,repellendus
515983,quae,odio,placeat,eius
238261,unde,deserunt,alias,recusandae
172600,fuga,ipsam,esse,qui
758713,ratione,et,accusantium,ullam
602942,distinctio,minima,eligendi,assumenda
780802,quas,at,qui,enim
146819,soluta,quis,quam,nobis
972067,tenetur,fugit,iusto,tempora
731081,debitis,earum,dolor,fugit
174889,rerum,saepe,rem,hic
862987,quisquam,tenetur,ullam,dolorum
244753,aperiam,possimus,quod,provident
367260,sunt,nisi,consequuntur,accusantium
514970,enim,eveniet,exercitationem,culpa
868554,sint,sed,ea,reiciendis
124929,praesentium,repellat,quasi,ab
992775,architecto,debitis,quod,quas
895328,qui,explicabo,sed,rem
154529,eius,occaecati,labore,hic
981385,sunt,ad,nemo,placeat
636603,nemo,veniam,architecto,quidem
201692,cum,incidunt,neque,autem
455157,perspiciatis,deserunt,quibusdam,exercitationem
982464,nemo,cum,velit,aliquam
770210,quidem,deserunt,quod,veniam
586479,natus,tempora,sequi,rerum
287750,in,sunt,a,provident
319953,laboriosam,deleniti,similique,in
536731,nemo,reiciendis,natus,blanditiis
749553,nemo,laboriosam,corporis,voluptates
276829,aliquam,ducimus,tempora,adipisci
163001,repellat,sunt,doloremque,voluptate
618308,repudiandae,dolor,tempora,exercitationem
156308,adipisci,maxime,quidem,possimus
446401,ab,eaque,ipsa,minus
554575,tempora,eius,nam,vel
548291,ipsa,alias,nihil,quaerat
796926,architecto,voluptas,officiis,excepturi
177104,illum,mollitia,et,accusantium
730180,assumenda,dolorem,nulla,nihil
132771,labore,ullam,exercitationem,officia
255327,nulla,velit,praesentium,harum
556178,ipsum,id,at,labore
507640,enim,veritatis,consectetur,hic
470074,voluptatum,aliquid,commodi,sit
840145,perspiciatis,minima,quos,minima
558791,facere,quasi,inventore,non
665296,minus,repellendus,quia,omnis
888590,laboriosam,qui,suscipit,consectetur
389791,in,aperiam,exercitationem,fuga
489093,adipisci,aliquid,expedita,quod
108177,non,maxime,voluptatem,sequi
547053,beatae,fuga,rem,animi
680608,tempora,quidem,aperiam,voluptatibus
382407,deserunt,maiores,magnam,deserunt
375051,voluptatem,quasi,fugiat,officia
595469,vel,recusandae,possimus,sapiente
283141,aut,voluptate,officiis,pariatur
421978,officiis,ducimus,excepturi,aspernatur
798984,fuga,dolore,esse,suscipit
763057,consequuntur,laboriosam,ipsum,laboriosam
315688,dicta,sequi,rerum,accusantium
992367,recusandae,in,quae,blanditiis
917518,laudantium,nostrum,eveniet,pariatur
498925,accusantium,assumenda,totam,expedita
982558,similique,quos,eligendi,porro
509048,quasi,modi,corrupti,eum
398705,molestiae,dolorum,quod,eligendi
890698,libero,accusamus,autem,temporibus
368402,praesentium,veritatis,officiis,laborum
871678,nihil,earum,fugit,maiores
931507,magnam,nostrum,magnam,veritatis
593625,rem,voluptatum,impedit,id
194221,voluptate,reiciendis,omnis,officia
711211,labore,possimus,vero,tempora
874371,quisquam,doloribus,natus,sed
775507,eum,vitae,veritatis,voluptatum
828009,optio,repudiandae,soluta,aut
819382,accusamus,sequi,dicta,cum
664815,eum,eaque,aliquam,suscipit
431098,ab,eum,excepturi,ipsa
836534,occaecati,tempore,ab,quibusdam
665401,maxime,maxime,beatae,doloribus
252756,voluptates,numquam,ut,vel
429707,enim,voluptas,cupiditate,enim
640139,nemo,ullam,sint,atque
584118,quo,dolorum,hic,error
154710,eum,pariatur,doloribus,eos
567892,magnam,facere,dolorum,doloribus
359005,doloremque,totam,assumenda,facere
413839,et,nesciunt,repellendus,accusamus
429503,voluptatem,illo,possimus,quam
994264,sit,dicta,animi,voluptatem
403015,cum,earum,sequi,fugit
400560,alias,inventore,nesciunt,dolorem
943454,quam,nihil,corrupti,dolor
351522,vel,sit,quae,debitis
106373,voluptatibus,nesciunt,distinctio,consequuntur
611152,nihil,sunt,illo,ea
593223,incidunt,ex,dolor,iste
592308,aspernatur,architecto,praesentium,nulla
329227,asperiores,totam,consectetur,corporis
584142,rerum,earum,fugiat,quod
111211,doloribus,officiis,veniam,assumenda
665313,corrupti,culpa,ipsa,cupiditate
664009,voluptatum,suscipit,aperiam,iusto
739637,nisi,earum,laborum,iure
629894,dolorem,minus,ut,architecto
463458,ad,iusto,sint,eum
231725,quod,minus,iusto,blanditiis
797405,sint,vitae,praesentium,non
469170,deleniti,iste,consequuntur,quaerat
389990,laborum,earum,praesentium,aspernatur
275774,similique,asperiores,maxime,magni
385107,molestiae,nemo,nesciunt,eos
713871,accusantium,minus,temporibus,voluptatem
743638,alias,consectetur,veritatis,aliquid
219058,fugiat,necessitatibus,quod,inventore
310480,quod,animi,laboriosam,neque
120977,a,non,nesciunt,in
658229,quas,delectus,tempora,dolorem
210778,deserunt,aspernatur,et,expedita
162477,voluptatem,dolor,vitae,minima
115689,fugiat,dolorem,quis,fuga
687830,totam,possimus,ab,vitae
787172,fuga,recusandae,tempore,fugiat
451920,aut,veritatis,similique,ea
595931,quasi,omnis,quibusdam,quis
194945,soluta,facilis,earum,optio
286694,iusto,tenetur,error,cumque
747446,fugit,inventore,recusandae,vitae
343915,dolorum,atque,quae,aut
673893,labore,excepturi,ad,distinctio
407411,eum,molestias,aliquam,corrupti
363437,necessitatibus,nulla,aliquam,sit
900600,error,sapiente,commodi,qui
911019,pariatur,dolorum,deleniti,dolorum
286939,nesciunt,laboriosam,et,saepe
817010,iure,molestiae,qui,autem
738799,ab,eveniet,fugiat,laudantium
876958,dolor,consectetur,odio,explicabo
807364,libero,sint,ea,quibusdam
841718,maiores,doloremque,quas,cum
836904,repellendus,non,vel,ut
409820,dolorem,eveniet,facilis,neque
806896,quas,praesentium,sint,rerum
988520,nobis,minus,saepe,labore
251532,natus,ullam,voluptatum,vel
752299,inventore,eum,itaque,officia
101670,labore,velit,ad,quos
324977,voluptatibus,beatae,architecto,consectetur
439774,adipisci,similique,neque,provident
349644,culpa,consequuntur,dignissimos,nulla
705426,temporibus,debitis,et,voluptate
358950,error,consectetur,error,quos
419866,ipsum,dolorum,repellat,fuga
894954,itaque,iure,unde,itaque
367015,dolore,nobis,error,id
284220,temporibus,dolore,doloremque,earum
171416,officiis,nesciunt,tempora,cupiditate
701028,at,numquam,corrupti,blanditiis
463544,vitae,vero,commodi,doloribus
217500,similique,odio,qui,fugit
487031,sit,praesentium,qui,harum
726677,in,ab,perspiciatis,dicta
288026,sequi,possimus,ut,error
180341,accusamus,mollitia,dolore,corporis
630446,dolorum,ipsam,consequuntur,dolorem
271086,aut,possimus,ipsa,impedit
964586,ea,eos,eos,enim
778457,neque,provident,distinctio,voluptates
230487,facere,molestias,molestiae,occaecati
542754,non,consequuntur,reprehenderit,rem
262740,minima,distinctio,reprehenderit,beatae
168149,necessitatibus,laudantium,impedit,voluptate
168488,porro,nostrum,delectus,ea
838936,quis,atque,hic,accusamus
175686,ipsa,commodi,eligendi,veritatis
889927,quae,praesentium,autem,impedit
137412,aliquid,sapiente,ipsam,doloremque
115037,iure,et,perferendis,consequatur
840477,distinctio,at,illum,rem
982776,architecto,quis,dolorum,eligendi
731418,voluptas,asperiores,nisi,occaecati
979311,perferendis,a,accusamus,inventore
468624,aliquam,soluta,iste,autem
217648,quasi,corrupti,quia,tempora
660243,modi,eaque,nam,ipsum
567533,sapiente,voluptas,quas,culpa
472789,facere,necessitatibus,officia,et
412216,unde,sequi,provident,corrupti
727606,repudiandae,asperiores,ullam,temporibus
944400,molestiae,rerum,illum,tenetur
151153,aut,occaecati,at,dolore
515688,non,voluptas,illum,ipsum
949603,autem,minus,quas,eligendi
455578,corporis,dolore,sit,quos
462424,possimus,magnam,aliquam,perferendis
812613,et,iusto,inventore,porro
449839,ea,mollitia,est,ipsam
431655,incidunt,consequatur,reiciendis,architecto
289638,itaque,incidunt,officia,iste
369767,quas,quod,vel,perferendis
322682,odio,unde,tempora,quasi
580309,autem,perferendis,unde,ad
555284,officiis,consectetur,numquam,qui
128553,iusto,distinctio,fugit,sit
363178,iste,beatae,minus,voluptatem
500880,voluptatum,molestiae,non,voluptatum
450917,maxime,quas,nam,debitis
621761,dolorum,eos,qui,repudiandae
536454,accusamus,quasi,debitis,architecto
783024,placeat,necessitatibus,vero,iure
330225,veniam,delectus,aliquam,earum
794851,odio,possimus,voluptatibus,harum
496023,inventore,provident,at,eveniet
607208,cupiditate,voluptate,repudiandae,voluptatem
744721,iste,asperiores,dolorem,dolore
226247,sequi,debitis,quo,illo
996805,eligendi,voluptatum,ducimus,vel
903985,deserunt,reiciendis,vero,repellat
856670,maiores,quod,eaque,necessitatibus
780741,ut,ut,ipsa,dolore
861903,accusamus,voluptate,deserunt,est
115734,eos,itaque,quod,hic
183956,ab,soluta,architecto,laudantium
383722,quidem,voluptatum,provident,optio
873396,maiores,assumenda,aperiam,distinctio
928598,eos,sit,numquam,officiis
384886,odit,id,est,numquam
862616,eligendi,enim,commodi,pariatur
409118,adipisci,adipisci,quis,adipisci
670996,unde,nisi,minima,voluptas
437697,totam,adipisci,eum,totam
271061,aliquam,repudiandae,eum,odit
133652,quam,ratione,assumenda,a
677049,beatae,possimus,odit,in
700585,magni,nulla,culpa,labore
938061,culpa,eaque,optio,architecto
380500,minus,numquam,minima,assumenda
482248,voluptatum,voluptas,tempore,quos
163126,repellendus,numquam,dolorum,doloribus
241103,iusto,odio,sint,incidunt
105935,nobis,ex,maxime,voluptatibus
251214,dolorem,officia,dignissimos,quas
915016,deleniti,nesciunt,quia,voluptas
532243,nihil,libero,quis,reiciendis
530688,adipisci,labore,sunt,nostrum
101886,inventore,perferendis,quod,eius
