txn_id,loan_id,amt_paid,txn_date,txn_type,principal_comp,interest_comp
quos,76191,ullam,tempora,autem,unde,maiores
rem,13842,eveniet,sequi,asperiores,commodi,sunt
pariatur,22491,sapiente,in,placeat,consectetur,at
distinctio,96624,debitis,ex,sequi,hic,quidem
veritatis,24456,nisi,dicta,exercitationem,temporibus,labore
commodi,24404,quas,nisi,earum,incidunt,ea
vero,88793,ullam,beatae,beatae,quae,assumenda
maxime,16189,unde,dolor,maiores,fuga,sapiente
suscipit,24947,quod,exercitationem,eos,omnis,error
hic,71365,at,non,laborum,excepturi,delectus
quod,88402,consectetur,vitae,temporibus,praesentium,quia
porro,73267,sint,quas,veritatis,expedita,molestias
recusandae,59808,veritatis,consectetur,provident,magnam,enim
quam,88191,vero,explicabo,repudiandae,officia,sequi
cumque,80940,est,laborum,facilis,sint,consectetur
explicabo,66389,natus,accusamus,consequuntur,non,alias
placeat,21090,in,nam,occaecati,explicabo,consectetur
eaque,91925,debitis,alias,debitis,distinctio,officia
magnam,35063,officia,occaecati,quis,amet,a
molestias,70373,facilis,commodi,quia,ex,laboriosam
consectetur,14861,aliquid,rerum,laudantium,laudantium,porro
soluta,62469,magni,ipsum,cum,commodi,quia
beatae,38378,asperiores,rem,accusamus,libero,sunt
nostrum,79680,at,consequuntur,error,nam,eligendi
illum,67442,maiores,sequi,nam,quam,ratione
occaecati,42148,sed,enim,earum,illo,expedita
unde,17362,at,sit,tenetur,error,nesciunt
perspiciatis,77803,debitis,quibusdam,natus,beatae,earum
perspiciatis,61793,provident,aliquam,amet,labore,laboriosam
tempore,76494,inventore,ducimus,delectus,unde,voluptatum
sequi,35277,nesciunt,fugit,tenetur,animi,ex
facere,21451,reprehenderit,inventore,repellendus,aspernatur,eligendi
asperiores,78090,nihil,placeat,ipsa,sint,maxime
fugit,49990,accusamus,earum,accusamus,aut,alias
quae,81256,facere,tenetur,ipsam,dicta,consectetur
accusantium,81364,maiores,enim,rerum,numquam,odit
labore,71017,temporibus,possimus,recusandae,nam,doloribus
magnam,51114,laboriosam,voluptatibus,suscipit,maiores,nam
deserunt,96045,esse,pariatur,consequuntur,voluptates,ullam
odit,64035,soluta,iure,officiis,doloremque,dignissimos
officiis,90332,quisquam,temporibus,illo,dicta,facere
deserunt,72433,beatae,maiores,tempore,sit,sapiente
unde,66998,unde,maxime,maiores,voluptates,debitis
repellendus,58314,dolorum,ea,assumenda,laudantium,occaecati
numquam,58208,quidem,atque,assumenda,alias,pariatur
beatae,61509,sunt,quas,natus,nesciunt,maxime
consequuntur,73272,quia,eum,modi,assumenda,explicabo
quisquam,40174,quo,quo,quae,quas,ipsa
odio,92089,dolor,eos,ex,incidunt,aliquam
deleniti,26828,facilis,reiciendis,incidunt,at,praesentium
deserunt,69932,vitae,temporibus,ipsa,nam,labore
doloribus,16330,corrupti,doloremque,necessitatibus,exercitationem,laudantium
nihil,68931,officia,eligendi,quis,natus,modi
voluptatem,31552,occaecati,expedita,quaerat,ut,quod
velit,13218,tenetur,facilis,consequuntur,repellat,pariatur
dicta,93925,repudiandae,voluptatum,veniam,odio,sed
dolores,69441,ratione,praesentium,possimus,nobis,mollitia
saepe,26863,officia,iste,placeat,repellat,totam
facilis,10453,magni,eveniet,eaque,dolorem,nesciunt
adipisci,59698,deleniti,cumque,soluta,est,aliquid
corrupti,15414,excepturi,omnis,laudantium,accusamus,et
esse,70462,voluptatum,similique,voluptate,aliquam,incidunt
cupiditate,56570,dolore,dolore,sint,cumque,ab
nostrum,49737,accusamus,natus,quod,nostrum,nostrum
est,85747,quidem,tenetur,voluptate,animi,eligendi
ea,27540,voluptate,sapiente,impedit,saepe,minus
sed,21650,omnis,quas,sequi,sit,quasi
voluptas,72782,vitae,quos,repudiandae,nisi,similique
quam,41039,corrupti,accusantium,aut,odit,fugiat
id,49678,repellendus,pariatur,recusandae,enim,occaecati
ut,90153,est,quae,officiis,pariatur,sed
laboriosam,86718,magnam,ex,tempore,molestias,hic
quod,58317,dolorum,temporibus,perspiciatis,nisi,dolores
officia,99899,necessitatibus,provident,repellat,occaecati,voluptatibus
consectetur,10388,rerum,adipisci,veritatis,ab,totam
ad,48402,dicta,voluptas,itaque,magnam,ea
nobis,56341,nulla,blanditiis,quibusdam,veritatis,molestiae
quos,59468,optio,pariatur,repudiandae,illum,officiis
consequuntur,85288,similique,aperiam,quo,ut,velit
repellat,67015,porro,quo,voluptatem,alias,ut
excepturi,78865,nam,incidunt,minus,nihil,ut
doloribus,95335,aut,dolore,aspernatur,qui,alias
assumenda,29724,veritatis,aliquid,atque,numquam,nihil
dicta,28880,id,ad,enim,voluptatem,neque
nisi,26852,nam,optio,eos,ad,ea
doloremque,69227,facilis,cum,odio,culpa,saepe
saepe,12848,qui,vel,ratione,aliquid,inventore
necessitatibus,69543,delectus,ab,quas,nam,voluptatem
tempore,36592,rem,totam,quas,perferendis,in
odit,90080,sed,accusantium,dicta,adipisci,dolore
deserunt,54046,nobis,nihil,voluptatibus,architecto,eligendi
ipsam,31195,magni,magnam,unde,eligendi,voluptate
quibusdam,90093,quo,sint,architecto,vitae,quam
explicabo,18264,ea,delectus,deleniti,corrupti,aliquam
deleniti,87140,asperiores,laboriosam,optio,esse,facere
molestias,39567,occaecati,in,accusamus,dolores,quidem
optio,56755,laborum,quisquam,perferendis,pariatur,iste
tempora,93625,sint,dicta,dolorem,nisi,blanditiis
nesciunt,21516,ad,maxime,maiores,sapiente,fugit
inventore,52173,aperiam,ullam,perspiciatis,libero,dignissimos
doloremque,69332,sapiente,laboriosam,quo,illo,commodi
eius,86925,corporis,veniam,blanditiis,vel,corporis
rerum,37939,facilis,at,maiores,ducimus,at
dolorem,37356,molestiae,ipsa,odio,neque,dolorum
recusandae,41702,nostrum,ducimus,omnis,architecto,odio
sapiente,52946,eius,tenetur,aut,quidem,aut
sunt,51653,minus,excepturi,reiciendis,aperiam,accusantium
inventore,43752,placeat,ea,vitae,temporibus,iste
nostrum,48984,eum,voluptas,accusantium,neque,accusantium
quaerat,94120,voluptatum,quis,provident,ab,deserunt
voluptas,49006,a,atque,molestiae,quod,non
sunt,60388,vitae,odit,autem,quibusdam,earum
qui,18783,quis,ea,perspiciatis,cupiditate,eum
iusto,95262,aliquid,eius,repudiandae,pariatur,accusantium
dignissimos,57706,nostrum,reprehenderit,a,in,facilis
maiores,66476,sit,unde,debitis,voluptas,numquam
laudantium,24587,illum,officiis,nulla,dolores,natus
ea,92201,laborum,deleniti,ea,nemo,aut
tenetur,59398,soluta,et,quam,a,maxime
sapiente,12589,ratione,veniam,nesciunt,dolorum,eaque
magni,40612,dolorum,placeat,quas,optio,quam
laudantium,53509,magni,omnis,dolor,incidunt,quas
consequatur,67395,possimus,ex,earum,nobis,culpa
eos,28673,minima,fugit,neque,at,placeat
eveniet,17125,ducimus,harum,libero,odio,sunt
sunt,22468,tempore,dicta,facere,dolores,excepturi
quidem,79921,sed,impedit,nemo,error,ut
at,95558,ratione,unde,nemo,necessitatibus,possimus
aliquam,96691,architecto,dignissimos,tempora,qui,harum
assumenda,71605,ab,consectetur,maiores,tempora,voluptatum
accusamus,96368,ex,mollitia,necessitatibus,reiciendis,sunt
quibusdam,32776,commodi,nostrum,nulla,labore,omnis
doloremque,27617,odit,totam,quasi,consectetur,sunt
praesentium,80489,harum,accusantium,architecto,omnis,sequi
exercitationem,41438,ab,quia,quia,nisi,rem
eum,20548,et,tempora,laborum,cupiditate,esse
recusandae,69944,eum,et,enim,consequatur,voluptatum
adipisci,22329,architecto,tempore,aliquid,unde,deserunt
nam,92193,blanditiis,eos,harum,odio,corrupti
rem,45481,voluptatibus,suscipit,natus,quidem,rerum
voluptatum,67663,atque,quam,ducimus,amet,unde
quam,27165,iusto,nobis,magni,recusandae,corporis
tempora,54492,id,blanditiis,repellendus,vero,enim
ratione,92770,at,vero,ratione,nulla,quae
error,65321,deleniti,accusantium,impedit,delectus,minus
aut,26887,error,corrupti,ex,accusantium,dolores
quidem,35221,ipsa,aspernatur,consectetur,voluptatem,veniam
beatae,81739,quis,numquam,repellendus,dignissimos,molestias
esse,50008,minima,iste,quam,nesciunt,distinctio
temporibus,67072,pariatur,accusamus,fugit,quae,accusamus
explicabo,37100,tempora,fugiat,repellendus,magni,tempore
eligendi,30439,delectus,reiciendis,id,laboriosam,voluptatum
magni,79320,molestiae,maiores,consequatur,est,impedit
est,82317,corporis,esse,vitae,voluptates,asperiores
libero,41120,adipisci,debitis,cumque,earum,voluptas
molestiae,12702,suscipit,odio,optio,non,unde
molestiae,11894,mollitia,molestiae,quos,non,iusto
explicabo,84691,minus,quasi,deleniti,ad,repudiandae
ut,45089,voluptas,laboriosam,adipisci,dolor,est
magni,93291,ipsum,a,possimus,at,ullam
eligendi,93404,eius,laboriosam,doloribus,fugit,officiis
deserunt,19371,deleniti,reprehenderit,non,molestias,laborum
quisquam,95321,expedita,quod,laborum,consectetur,itaque
molestias,17140,dolore,reprehenderit,porro,repellat,temporibus
nemo,51504,vero,commodi,quaerat,magni,doloremque
cum,86054,vitae,facilis,exercitationem,animi,nisi
consequatur,87382,magni,voluptatem,ipsum,cumque,repudiandae
asperiores,95747,mollitia,adipisci,ipsa,reprehenderit,id
asperiores,67019,eius,voluptatibus,cumque,soluta,accusamus
nam,17574,animi,harum,eveniet,maiores,fugit
quidem,63528,quibusdam,incidunt,officia,dolorem,inventore
eveniet,32612,praesentium,suscipit,alias,nostrum,fuga
est,97951,eos,dolorum,atque,voluptatem,modi
laudantium,99778,placeat,illum,magni,sint,fuga
deserunt,78204,non,repudiandae,quae,hic,impedit
quisquam,24176,rerum,porro,eveniet,itaque,est
ullam,10149,aut,enim,nemo,nulla,libero
doloribus,20886,corrupti,minus,reprehenderit,explicabo,ducimus
minima,50845,atque,molestiae,dicta,magnam,voluptatum
commodi,40131,est,impedit,tenetur,praesentium,dolorum
alias,39569,rerum,dolore,quidem,sit,delectus
labore,57389,qui,ea,explicabo,nobis,ullam
magnam,47666,quo,dignissimos,facilis,eligendi,eaque
nostrum,83977,voluptate,excepturi,est,facilis,aperiam
incidunt,99122,sapiente,praesentium,occaecati,dicta,corporis
ab,76104,rerum,laborum,assumenda,optio,officia
exercitationem,60418,quisquam,praesentium,doloremque,dolorum,doloremque
voluptatem,77130,voluptatem,odio,sequi,tempore,repellendus
aperiam,12685,libero,facere,tempora,cumque,quaerat
magnam,77545,blanditiis,deleniti,blanditiis,debitis,consectetur
aliquid,48982,ipsa,perspiciatis,nostrum,commodi,non
animi,72350,aliquid,minima,voluptatum,reiciendis,enim
fuga,76654,laudantium,error,magnam,fuga,optio
labore,46547,doloremque,cupiditate,enim,mollitia,minima
consequuntur,22109,voluptates,quae,quasi,itaque,laudantium
ex,63108,occaecati,voluptates,quae,ut,laudantium
vitae,92702,iste,natus,hic,optio,sit
ut,73551,sit,quas,voluptatibus,ullam,fugit
error,65155,nostrum,alias,quasi,ullam,non
harum,13013,odit,blanditiis,minus,ad,officia
nisi,89511,esse,voluptas,voluptatum,ratione,a
ex,22129,ipsam,enim,quam,dolore,nobis
nemo,93660,fugiat,numquam,adipisci,nemo,iusto
perferendis,26782,culpa,dicta,laudantium,nulla,inventore
occaecati,31660,placeat,quae,quis,deleniti,ex
iusto,14106,enim,eligendi,maiores,perferendis,quisquam
similique,23413,illo,similique,totam,odit,quod
natus,73560,eveniet,illum,excepturi,ipsa,unde
porro,92475,numquam,distinctio,veritatis,officia,eaque
architecto,53817,provident,veniam,voluptates,adipisci,minima
laudantium,95331,quod,cum,vero,ad,cumque
praesentium,46535,laboriosam,aspernatur,cumque,blanditiis,ipsum
a,10548,nobis,delectus,fugit,doloremque,suscipit
repellat,67504,quibusdam,distinctio,ducimus,est,nemo
exercitationem,48216,suscipit,quisquam,laboriosam,explicabo,animi
repellat,81058,culpa,labore,ab,corporis,dolore
ullam,54415,sequi,voluptas,quaerat,atque,quaerat
ducimus,11507,temporibus,omnis,iusto,aspernatur,omnis
quo,50956,nemo,illo,eligendi,ea,inventore
repellat,16146,magni,porro,omnis,accusantium,nulla
neque,38266,nisi,incidunt,ullam,necessitatibus,cumque
assumenda,53905,iusto,illo,ratione,est,sed
nihil,39827,non,recusandae,pariatur,quibusdam,quo
minima,69628,fuga,necessitatibus,rerum,illo,ab
eius,79085,sunt,dignissimos,assumenda,quae,ducimus
dicta,84604,laborum,quaerat,asperiores,error,iure
ea,76723,itaque,sequi,nisi,id,laudantium
magnam,26950,pariatur,numquam,iusto,quidem,nemo
non,79718,aliquid,rerum,debitis,id,recusandae
voluptatem,43117,atque,excepturi,inventore,facilis,iusto
expedita,12307,saepe,non,eaque,praesentium,deserunt
necessitatibus,94187,ipsum,eos,corrupti,vel,voluptatibus
perferendis,51372,error,iste,perspiciatis,culpa,ducimus
unde,19560,quis,id,nisi,atque,impedit
consequatur,27363,quas,asperiores,aliquid,soluta,cumque
natus,49515,cumque,fuga,voluptates,hic,nulla
itaque,55846,ab,veniam,assumenda,magnam,doloribus
deserunt,36174,ipsum,ex,maiores,dolorum,quisquam
recusandae,21116,accusamus,libero,tempore,veritatis,expedita
eum,42963,quia,illum,dolorem,ipsum,eveniet
sit,88694,perferendis,alias,illum,ipsa,explicabo
quasi,47691,dolor,a,aliquid,iste,accusamus
qui,45436,officia,excepturi,assumenda,quae,maxime
porro,73362,voluptatibus,ea,eligendi,eos,iusto
id,10946,dolorum,voluptatem,adipisci,neque,ipsam
voluptates,15625,nisi,ut,veritatis,vitae,iusto
quidem,48306,totam,dolore,totam,cupiditate,ducimus
hic,37301,ut,soluta,alias,delectus,suscipit
inventore,17262,dolor,similique,ullam,modi,nesciunt
voluptatum,88030,neque,distinctio,officiis,unde,esse
ipsam,75394,quibusdam,animi,ad,ullam,magnam
laudantium,16004,ab,architecto,possimus,commodi,molestiae
cupiditate,10960,atque,quidem,maiores,officia,voluptatum
dignissimos,90340,fugit,magni,error,blanditiis,harum
dicta,85571,minus,officiis,dolorum,sed,maiores
cupiditate,62321,odio,mollitia,ex,tempore,eaque
quaerat,26040,praesentium,accusantium,ab,tenetur,facere
laborum,47123,fuga,numquam,id,possimus,nisi
ea,23169,autem,tempora,nulla,numquam,animi
eos,53358,sequi,harum,magni,quidem,odio
possimus,15324,explicabo,labore,fuga,architecto,quaerat
dicta,81172,magni,maiores,vel,ipsum,distinctio
vel,71906,commodi,quia,necessitatibus,corrupti,neque
doloribus,69635,nisi,blanditiis,nihil,laudantium,expedita
quaerat,77641,nesciunt,mollitia,eos,doloribus,occaecati
quae,92157,laboriosam,expedita,repellat,similique,at
libero,94502,quia,alias,necessitatibus,quaerat,fugit
dicta,83734,possimus,hic,atque,velit,dolores
reiciendis,52335,dolor,mollitia,at,voluptas,accusamus
quas,13283,rerum,corrupti,sequi,occaecati,similique
non,16403,unde,aliquid,perspiciatis,sequi,quia
exercitationem,11930,necessitatibus,at,velit,porro,aut
vero,85835,earum,expedita,voluptatum,quibusdam,assumenda
neque,28548,maiores,veniam,minima,eligendi,deserunt
optio,42423,facere,unde,ratione,nobis,ad
tempora,51733,id,dolores,repudiandae,architecto,voluptatibus
reiciendis,51553,esse,fuga,doloremque,inventore,blanditiis
sunt,29808,aspernatur,beatae,eius,temporibus,numquam
est,85596,perferendis,commodi,ex,aperiam,adipisci
perferendis,21264,recusandae,alias,fugiat,repellendus,error
expedita,75579,exercitationem,cupiditate,iusto,blanditiis,quasi
nemo,70754,autem,facilis,tempora,et,iste
minus,87549,illo,assumenda,non,corrupti,sapiente
dolor,67493,suscipit,omnis,qui,harum,perferendis
iure,61167,voluptas,nobis,delectus,vero,et
quasi,75376,consectetur,commodi,magnam,debitis,maiores
asperiores,84073,esse,est,consectetur,sint,sequi
nam,85310,vitae,officiis,porro,tenetur,sunt
veniam,95291,aliquid,inventore,dignissimos,cupiditate,nostrum
assumenda,24295,perspiciatis,nostrum,labore,recusandae,enim
qui,44923,nisi,commodi,cumque,ipsam,alias
nostrum,55929,voluptates,quam,harum,nostrum,corporis
quis,92048,accusantium,recusandae,provident,impedit,quibusdam
illum,70412,esse,iusto,temporibus,ut,perspiciatis
sunt,26319,veritatis,commodi,voluptatum,suscipit,adipisci
porro,13355,est,at,beatae,animi,et
animi,96037,rerum,labore,adipisci,eius,cupiditate
exercitationem,99761,iure,qui,occaecati,qui,vero
a,10587,officia,odio,in,officia,perspiciatis
facere,81200,exercitationem,est,est,enim,hic
porro,44452,ea,maiores,voluptates,voluptate,consequuntur
quae,16481,id,quidem,recusandae,cum,eius
odit,66945,asperiores,vitae,aliquid,facilis,molestiae
ex,85526,ratione,repudiandae,voluptatum,aut,voluptatum
dicta,86910,magni,maiores,inventore,aliquid,quisquam
voluptatem,39443,dolorem,enim,aspernatur,dolorem,voluptatibus
itaque,54059,eum,animi,vero,reprehenderit,magni
quis,21401,reprehenderit,fugit,dolorum,et,et
incidunt,46835,sed,quod,a,rerum,eveniet
unde,38428,doloremque,itaque,nam,neque,sequi
voluptatibus,70564,repellendus,eius,quia,quae,illo
eum,74621,odio,distinctio,impedit,totam,natus
quasi,85379,facilis,fugiat,eligendi,iure,fugit
blanditiis,17102,recusandae,sed,cum,sint,repudiandae
tempore,97044,perspiciatis,ad,eum,architecto,error
quidem,90976,aliquam,ratione,dolorem,eos,et
explicabo,81795,molestias,modi,mollitia,aliquid,provident
qui,58668,saepe,modi,laudantium,ipsum,nemo
totam,25516,ad,ipsa,iure,aliquid,quam
ex,39032,odit,harum,temporibus,ipsum,tenetur
sunt,92004,nam,ipsum,totam,eligendi,repellat
animi,22779,ea,totam,iste,corrupti,doloremque
quae,94079,rem,odit,ratione,quia,impedit
magnam,19173,nobis,amet,veritatis,eum,distinctio
dolor,96587,voluptates,veniam,enim,quo,adipisci
veniam,50846,voluptates,eum,beatae,occaecati,illo
tempora,14991,voluptatibus,eveniet,beatae,officiis,voluptatem
reiciendis,81620,reiciendis,veritatis,iure,debitis,accusamus
suscipit,96880,alias,voluptate,dignissimos,possimus,asperiores
consectetur,79057,molestias,temporibus,perferendis,asperiores,nesciunt
ullam,79379,eum,sunt,voluptatem,impedit,est
deserunt,92522,excepturi,rem,hic,inventore,labore
sit,56102,dignissimos,nobis,minima,aut,suscipit
est,81374,earum,voluptatibus,tempore,porro,aspernatur
quidem,92975,consectetur,autem,ea,architecto,corrupti
debitis,45001,possimus,cupiditate,enim,deleniti,excepturi
ullam,75302,facilis,quod,culpa,soluta,unde
quidem,58351,facere,maxime,quidem,beatae,praesentium
provident,63328,dolore,eum,itaque,voluptates,veritatis
autem,87823,quas,odit,tempora,placeat,odit
excepturi,13474,quod,earum,aperiam,sit,fugiat
delectus,82691,totam,explicabo,neque,vero,dolorum
eos,25544,repellat,reiciendis,odio,ad,ducimus
eveniet,47864,aliquid,dolor,minima,qui,architecto
culpa,86792,maiores,ab,voluptatibus,iure,aut
iure,69735,tenetur,doloremque,architecto,laudantium,accusantium
facere,43050,dolorem,ipsum,perferendis,vitae,quo
non,37632,eos,architecto,dolores,quae,eligendi
beatae,81237,vitae,neque,asperiores,dolorum,corporis
fuga,94675,quas,earum,dolores,possimus,occaecati
ipsum,46984,eligendi,qui,dolores,esse,molestiae
rem,18196,aut,aliquam,quaerat,ullam,tempore
quis,43836,in,provident,corporis,consequuntur,sequi
quisquam,38042,eum,porro,unde,quisquam,corporis
sunt,55622,ad,in,aut,hic,iste
vel,31060,eius,atque,temporibus,in,ipsa
reiciendis,60521,molestias,veritatis,culpa,quam,fugit
accusantium,69299,debitis,aliquam,necessitatibus,dolorem,ipsum
quis,71566,nemo,exercitationem,totam,deleniti,ut
perspiciatis,68167,beatae,tempora,deserunt,praesentium,quasi
sint,79399,pariatur,laborum,facere,laudantium,odit
quos,34813,sapiente,architecto,eveniet,expedita,recusandae
expedita,75304,tenetur,voluptatem,occaecati,necessitatibus,id
saepe,85252,consectetur,minima,quia,accusamus,explicabo
odit,87666,delectus,laudantium,in,laboriosam,illum
libero,15783,suscipit,beatae,eligendi,officiis,itaque
consectetur,84375,veritatis,eos,ipsam,soluta,voluptate
reprehenderit,79595,nihil,quia,reiciendis,itaque,unde
earum,59378,ullam,officiis,odit,repudiandae,nihil
in,93605,tempora,suscipit,distinctio,autem,maiores
culpa,40798,at,harum,fugiat,accusantium,in
facilis,16102,nobis,eligendi,aut,distinctio,omnis
nobis,64098,accusamus,asperiores,pariatur,nulla,hic
enim,72745,soluta,molestiae,possimus,necessitatibus,minus
laboriosam,98023,itaque,numquam,pariatur,voluptate,dolorum
dolorum,27279,ab,dignissimos,nulla,atque,vel
unde,13534,animi,quos,quisquam,voluptatum,perspiciatis
laboriosam,57885,iusto,exercitationem,enim,iste,quidem
cumque,24839,odit,minima,dolorem,ipsam,quasi
maiores,38167,delectus,accusantium,adipisci,dolor,qui
quia,20292,amet,suscipit,distinctio,veniam,atque
quaerat,23471,quia,quo,sit,quibusdam,ea
atque,55146,quod,omnis,iure,optio,at
dolor,59857,porro,ea,non,iure,illum
neque,79783,unde,illo,reprehenderit,provident,eos
magni,98824,dolorem,dolorum,fuga,cupiditate,ratione
odit,39523,veniam,accusamus,consectetur,aliquam,magni
id,85234,ab,iusto,maxime,quis,ducimus
asperiores,73005,nisi,molestiae,soluta,possimus,illo
ducimus,28436,id,neque,numquam,quos,ducimus
ratione,22264,illo,rem,temporibus,repellendus,debitis
illum,92940,alias,facilis,esse,laborum,ratione
in,93394,iure,ipsum,debitis,impedit,fugiat
perferendis,31381,perferendis,ducimus,eos,sint,delectus
eos,85238,laborum,pariatur,porro,eligendi,nemo
aspernatur,18591,placeat,iure,repellat,eligendi,quam
iste,20353,odio,neque,atque,eius,deserunt
eligendi,61554,doloremque,eligendi,quam,explicabo,dolorem
nobis,44402,dignissimos,aliquam,libero,ea,molestias
fugit,29961,ex,velit,asperiores,nemo,alias
adipisci,98970,magni,tempora,aliquid,velit,temporibus
impedit,83452,mollitia,saepe,porro,et,est
architecto,10542,quia,temporibus,facilis,natus,perspiciatis
id,16805,deserunt,officia,unde,molestiae,sequi
officia,57678,incidunt,veniam,tempora,ad,beatae
repellat,12398,soluta,eveniet,veritatis,ipsum,quis
laborum,63931,natus,molestiae,inventore,cum,eum
magnam,94933,tempora,sunt,quidem,beatae,impedit
facilis,90198,tempora,assumenda,maiores,perferendis,praesentium
quasi,81696,facere,officiis,dolorem,dicta,quam
aliquid,95419,nisi,molestias,dignissimos,aspernatur,distinctio
et,12915,laborum,voluptates,reprehenderit,temporibus,occaecati
nisi,93976,praesentium,ducimus,at,maiores,ad
rem,24939,dolorum,repellendus,temporibus,labore,error
nesciunt,27830,adipisci,atque,aperiam,placeat,veritatis
quasi,23261,consequuntur,libero,reprehenderit,dolorum,quidem
quas,19132,voluptas,perspiciatis,repudiandae,quaerat,repellendus
provident,13947,officiis,qui,cumque,at,adipisci
voluptatum,79856,exercitationem,esse,molestias,dolor,possimus
molestiae,45598,quis,culpa,illum,dolores,illo
velit,59882,dignissimos,commodi,expedita,quaerat,accusamus
molestiae,83631,non,voluptatum,officiis,laborum,vitae
alias,40168,possimus,eligendi,quo,deleniti,nihil
quia,35196,cum,aspernatur,magni,et,libero
molestias,30027,asperiores,ab,sapiente,eos,dolorem
alias,66757,itaque,illum,repudiandae,ex,sit
dignissimos,19024,quibusdam,amet,accusamus,suscipit,repudiandae
voluptas,17217,harum,distinctio,commodi,sint,repudiandae
atque,47735,libero,hic,quisquam,maiores,voluptas
ab,15239,hic,fugiat,sit,blanditiis,natus
dignissimos,81443,culpa,maiores,rem,sequi,optio
repellendus,59956,rerum,officia,voluptas,in,cupiditate
dolorem,44315,nostrum,expedita,vero,ipsam,facere
maxime,14590,ad,nam,cumque,laborum,vero
consequatur,83508,esse,sapiente,magni,eos,voluptatibus
totam,82054,incidunt,non,reiciendis,distinctio,est
maxime,27839,recusandae,magnam,minima,cumque,accusamus
sunt,72166,numquam,eos,modi,qui,ipsam
voluptates,76223,odio,aspernatur,cumque,rem,numquam
molestias,81638,mollitia,amet,dolores,unde,magni
molestias,77530,sapiente,soluta,illo,possimus,quisquam
sapiente,87673,facere,aspernatur,animi,provident,accusamus
consequuntur,90476,molestiae,debitis,deleniti,ea,quod
in,73614,maiores,in,quia,corrupti,eum
optio,97498,totam,mollitia,illum,atque,perferendis
dolores,11038,quas,minima,harum,ullam,ducimus
sapiente,61927,ab,a,totam,quisquam,mollitia
velit,77663,earum,voluptas,consequatur,non,reiciendis
dolor,50777,delectus,quia,excepturi,at,nisi
incidunt,93306,voluptatem,totam,iure,praesentium,id
beatae,74884,sunt,nobis,temporibus,iste,magnam
blanditiis,12199,dicta,molestiae,officia,veniam,eligendi
laborum,55396,non,atque,accusamus,quibusdam,omnis
commodi,60457,voluptas,tempora,officiis,inventore,tempore
temporibus,39126,mollitia,minima,molestiae,qui,iure
modi,86055,quis,nam,iusto,corporis,vitae
cumque,54625,at,perspiciatis,ut,excepturi,exercitationem
enim,64982,aut,harum,quia,omnis,expedita
tenetur,91846,facere,enim,quibusdam,tempora,sequi
odit,47204,nihil,quae,temporibus,magnam,vitae
explicabo,16198,minus,aliquid,fugiat,totam,dolorem
dolore,83894,vitae,aspernatur,voluptate,accusantium,eaque
voluptas,52932,voluptatem,aperiam,deleniti,voluptates,unde
sapiente,51510,perspiciatis,maxime,dicta,fugiat,quaerat
incidunt,71625,porro,quae,maxime,corrupti,deleniti
necessitatibus,14171,ipsam,deserunt,nisi,mollitia,deserunt
optio,70306,mollitia,necessitatibus,quidem,ipsa,exercitationem
nesciunt,14563,reiciendis,autem,dolorem,odit,amet
deserunt,81688,ut,quasi,debitis,animi,dignissimos
dolor,31944,cupiditate,fugiat,nihil,quo,ipsa
quas,59329,optio,eum,consequuntur,ad,amet
quibusdam,72859,animi,quidem,deleniti,ad,necessitatibus
ipsam,64429,ad,libero,expedita,unde,necessitatibus
repellat,20895,quia,voluptates,quasi,minus,dolorem
inventore,57404,reiciendis,neque,excepturi,ducimus,veniam
voluptates,42664,inventore,omnis,sequi,numquam,rem
itaque,59814,provident,necessitatibus,architecto,aspernatur,odio
iusto,22128,harum,quod,praesentium,numquam,asperiores
sit,59097,ea,hic,tenetur,repellat,natus
tenetur,22376,distinctio,nemo,dolores,architecto,cum
accusantium,25293,cum,nam,tempora,consectetur,quibusdam
reiciendis,25701,impedit,id,ea,explicabo,expedita
quae,58262,praesentium,omnis,nam,expedita,fugit
officia,99615,praesentium,alias,reiciendis,blanditiis,accusantium
quos,12755,accusantium,molestias,animi,ea,exercitationem
earum,94723,nam,incidunt,quam,ipsa,vel
iste,55509,ut,nobis,amet,quibusdam,ab
quod,45698,commodi,enim,reprehenderit,officiis,esse
assumenda,83369,praesentium,sapiente,fugiat,fugiat,fugit
voluptatibus,57231,at,doloremque,soluta,sed,itaque
error,76101,magni,cum,iure,minus,facere
animi,97864,dolores,occaecati,eum,veritatis,fugiat
debitis,37422,aliquid,illo,at,fuga,rerum
tempora,39855,facere,ut,minima,temporibus,modi
a,37107,eaque,commodi,adipisci,excepturi,fugiat
excepturi,94946,animi,quisquam,fugit,ab,deserunt
eum,95375,excepturi,rerum,quaerat,eum,quia
adipisci,73171,neque,atque,neque,dolor,dicta
sapiente,80692,iste,nam,labore,id,repellendus
ea,52987,cum,eligendi,aspernatur,nam,tempora
veritatis,91874,rerum,asperiores,sequi,maxime,maiores
incidunt,50472,ut,facilis,molestiae,deserunt,beatae
sequi,49171,ad,voluptates,ducimus,eum,consequatur
maxime,32610,qui,ut,eos,nulla,perspiciatis
officiis,36368,saepe,illum,maiores,vero,consectetur
repellat,34736,deserunt,ipsa,saepe,tenetur,debitis
veritatis,91716,dicta,suscipit,modi,modi,non
aspernatur,25367,repudiandae,perferendis,vero,nulla,corrupti
laudantium,21162,blanditiis,laboriosam,dolorum,dignissimos,dolor
cupiditate,79321,expedita,eligendi,ex,nulla,exercitationem
temporibus,63524,natus,suscipit,harum,quos,voluptatibus
voluptatum,38719,quo,facere,quas,corporis,officia
vitae,87834,adipisci,officia,quae,possimus,velit
ad,17806,at,commodi,necessitatibus,voluptas,veniam
provident,63941,atque,commodi,vel,ad,adipisci
magnam,13113,sapiente,vitae,incidunt,doloribus,facere
sequi,95989,occaecati,expedita,consequuntur,corrupti,voluptas
autem,77916,amet,deleniti,aut,repellat,animi
asperiores,94263,unde,ipsum,vitae,officiis,explicabo
nam,12809,cumque,mollitia,iste,explicabo,tenetur
quasi,43049,sint,quos,exercitationem,est,tenetur
ut,86842,placeat,harum,ducimus,exercitationem,excepturi
doloremque,60093,accusamus,perspiciatis,deleniti,veritatis,asperiores
neque,85146,incidunt,maxime,nulla,sed,perspiciatis
distinctio,47857,autem,unde,facere,sunt,dolore
porro,87767,dolorem,unde,mollitia,molestias,ullam
iusto,53763,impedit,veritatis,possimus,magnam,culpa
temporibus,18833,libero,doloribus,sunt,ipsa,porro
pariatur,34712,maxime,consequatur,distinctio,et,possimus
asperiores,85828,quidem,distinctio,vero,explicabo,perferendis
dignissimos,29231,recusandae,id,ad,corrupti,pariatur
similique,62713,ratione,eligendi,doloremque,explicabo,tempora
dolor,91203,est,magnam,fuga,sunt,voluptas
possimus,18910,ratione,nesciunt,error,ipsa,vero
esse,39318,facere,blanditiis,laborum,vitae,recusandae
a,87045,deserunt,beatae,sunt,facere,eum
repellat,25202,quasi,nam,error,consectetur,fuga
quia,49064,voluptas,sequi,natus,distinctio,dolores
rem,51239,non,recusandae,eaque,dolores,velit
perferendis,23297,non,asperiores,alias,quidem,quae
deserunt,15669,inventore,enim,deserunt,fuga,fuga
aspernatur,93738,sequi,ea,quae,voluptatibus,placeat
nesciunt,48301,provident,ullam,culpa,quod,dolore
minima,64358,reprehenderit,accusamus,dignissimos,eaque,hic
reiciendis,48459,velit,molestiae,deleniti,a,laboriosam
iste,98599,neque,est,veniam,tempora,impedit
architecto,25654,cumque,reiciendis,similique,harum,assumenda
ipsa,76369,quidem,accusamus,modi,praesentium,quam
hic,73972,itaque,minus,modi,inventore,dolore
porro,51394,ipsa,iusto,mollitia,hic,delectus
totam,92097,mollitia,reprehenderit,dolores,sed,velit
numquam,33122,ut,omnis,nam,sunt,facilis
alias,47652,dolores,nulla,eius,velit,consequatur
excepturi,41551,molestias,maiores,maiores,doloremque,assumenda
expedita,29325,nesciunt,numquam,officiis,eius,molestiae
at,90780,nesciunt,laborum,corrupti,veniam,et
explicabo,54625,possimus,maxime,voluptatibus,sapiente,dolorem
tempore,81839,est,modi,quas,autem,error
consectetur,44840,voluptatum,optio,commodi,blanditiis,earum
nulla,16518,voluptates,neque,dolores,ipsa,ipsam
non,92466,minima,impedit,provident,neque,id
odio,26680,distinctio,cupiditate,nulla,accusamus,aspernatur
voluptatum,98480,asperiores,accusamus,quisquam,architecto,nesciunt
deleniti,59417,et,sit,earum,earum,iure
deleniti,14441,assumenda,voluptatem,minima,aut,quibusdam
maiores,45543,est,aliquam,nemo,tempore,architecto
animi,17832,praesentium,fuga,occaecati,distinctio,doloremque
rerum,57944,doloribus,tempore,expedita,doloribus,ut
a,64973,ratione,minus,tempore,eaque,maiores
consequatur,85940,placeat,velit,quasi,et,dolor
iste,14780,quos,nemo,placeat,quo,esse
illum,63732,sequi,ut,recusandae,consequatur,cumque
molestiae,96340,hic,perspiciatis,praesentium,consequatur,assumenda
atque,13338,quam,harum,eligendi,harum,doloremque
voluptatibus,70861,voluptatibus,quaerat,recusandae,quaerat,iusto
quasi,50413,cum,necessitatibus,alias,incidunt,cum
amet,81786,qui,ea,dignissimos,sunt,aperiam
facilis,62830,quam,quod,dicta,porro,minima
commodi,43632,consectetur,eligendi,explicabo,debitis,nobis
similique,27803,culpa,facilis,vitae,natus,mollitia
rem,90307,nostrum,ipsa,repellat,quis,cum
suscipit,25394,non,quam,accusantium,repudiandae,tenetur
facilis,99282,nesciunt,doloribus,corrupti,placeat,eum
delectus,92615,eaque,aperiam,ipsum,vitae,totam
magnam,83084,eos,laboriosam,possimus,corrupti,expedita
occaecati,62739,sint,ipsa,ipsa,voluptatem,debitis
mollitia,16810,exercitationem,et,iste,quam,tempore
et,81433,aliquam,quasi,culpa,repellat,dolor
temporibus,25259,voluptatem,ducimus,fugit,aliquam,facilis
accusamus,31987,aliquam,repellat,velit,eos,itaque
sequi,10209,aut,minima,itaque,numquam,nemo
voluptatibus,12092,aut,nulla,eos,nulla,magni
explicabo,64807,iste,repudiandae,cupiditate,nobis,quibusdam
esse,43262,quia,sunt,ratione,inventore,sed
amet,77616,distinctio,ab,quae,aliquid,perferendis
nostrum,71175,quasi,sint,iure,aspernatur,velit
est,31684,dolores,rerum,ut,placeat,facilis
officiis,36527,enim,voluptatem,consectetur,quod,impedit
iste,68096,debitis,animi,deserunt,fuga,neque
nihil,14104,tempore,provident,ducimus,nisi,excepturi
necessitatibus,37217,ducimus,odit,numquam,tempore,dignissimos
at,46139,excepturi,illo,labore,nesciunt,perferendis
vel,76566,porro,placeat,voluptatem,odit,dolores
et,41151,dignissimos,asperiores,natus,quaerat,aspernatur
deserunt,30502,voluptate,ea,ipsam,eaque,ratione
quisquam,12551,ducimus,minima,ipsum,quam,optio
fugiat,90116,laboriosam,fuga,molestias,sint,ullam
quis,45706,quam,repellat,delectus,eaque,deleniti
nostrum,90224,quo,repudiandae,molestiae,dignissimos,quia
animi,21901,dolores,numquam,doloremque,ipsam,dolor
reprehenderit,57288,asperiores,illo,amet,vero,eligendi
magni,51042,itaque,eaque,occaecati,exercitationem,neque
molestiae,34558,consectetur,atque,pariatur,blanditiis,maxime
totam,51712,cupiditate,voluptate,velit,ipsa,recusandae
ex,44149,odit,dolore,aspernatur,iste,ullam
sit,62699,fugit,nemo,exercitationem,dolor,ea
excepturi,17915,sint,voluptatem,voluptatibus,architecto,totam
eligendi,21065,quas,exercitationem,doloremque,facilis,occaecati
illum,10467,adipisci,quaerat,blanditiis,beatae,id
repellendus,74774,cum,dignissimos,quas,beatae,quos
velit,52880,similique,accusantium,illum,doloremque,maiores
dolorum,19892,qui,cum,veritatis,sed,veritatis
asperiores,66369,nostrum,dolore,ullam,quae,recusandae
culpa,62169,odit,nemo,tempora,odit,atque
aliquam,34639,ipsam,placeat,odio,maiores,maiores
nemo,73906,expedita,consequuntur,non,voluptatum,delectus
error,70954,quibusdam,ad,omnis,quo,maxime
nihil,34324,praesentium,veniam,unde,ut,enim
cumque,20387,sapiente,aperiam,tempore,asperiores,maxime
harum,42296,et,ipsum,cumque,pariatur,inventore
earum,53886,laboriosam,aut,veniam,fuga,mollitia
placeat,78533,officia,consequuntur,facilis,atque,ipsum
ex,80190,delectus,iure,maxime,reiciendis,dolore
deleniti,80478,nam,occaecati,aperiam,debitis,repellat
mollitia,67481,quam,magni,temporibus,pariatur,vel
distinctio,22733,dolore,quam,quam,neque,ipsum
culpa,14630,provident,officia,quidem,exercitationem,atque
ducimus,22622,nesciunt,iusto,vitae,sit,quod
provident,51937,illum,illum,fugiat,nesciunt,recusandae
eligendi,14455,atque,neque,illum,harum,expedita
dolore,46933,rem,corporis,magni,in,eos
repellat,76837,ipsa,totam,totam,fuga,temporibus
natus,96789,porro,quia,labore,totam,similique
voluptate,33345,nesciunt,odit,perspiciatis,qui,placeat
quia,27897,adipisci,aperiam,cupiditate,officiis,doloribus
architecto,52217,animi,accusantium,explicabo,facilis,ducimus
voluptas,57172,veritatis,nihil,quaerat,deleniti,mollitia
alias,32090,sequi,quod,placeat,quod,rerum
adipisci,96954,provident,numquam,distinctio,ratione,in
animi,40328,nulla,illo,tenetur,harum,tempora
corporis,83542,natus,sequi,ea,ad,dignissimos
quam,24247,officia,illum,nam,rem,dolore
animi,30694,autem,facere,doloribus,debitis,et
corrupti,33983,minus,voluptatum,eos,eius,perferendis
recusandae,60866,maxime,aspernatur,molestias,veritatis,adipisci
aspernatur,21259,illum,occaecati,nesciunt,doloribus,eligendi
corrupti,57343,consequatur,commodi,saepe,impedit,perspiciatis
molestiae,65166,similique,laudantium,delectus,eos,quaerat
ea,58441,deserunt,ad,quas,architecto,at
nam,92654,dicta,quam,quos,ad,neque
labore,88336,quis,totam,aperiam,et,ducimus
quo,11167,ipsam,eum,consectetur,eum,quasi
molestiae,85328,autem,ex,soluta,inventore,necessitatibus
quidem,61204,explicabo,voluptatum,excepturi,expedita,possimus
reprehenderit,10247,eveniet,cupiditate,nulla,impedit,ullam
amet,85129,natus,id,quibusdam,aut,ducimus
nisi,74549,placeat,voluptates,delectus,corrupti,modi
illum,12467,porro,adipisci,accusamus,provident,accusamus
consectetur,72764,ab,tempore,illo,ut,iusto
cum,59660,ullam,voluptas,fugiat,quibusdam,voluptatem
optio,39172,quibusdam,tempore,praesentium,repellendus,id
atque,88435,nobis,odit,ducimus,incidunt,cupiditate
vel,26878,animi,consequatur,ipsum,cum,optio
commodi,38761,facere,dignissimos,explicabo,veritatis,repellat
modi,88201,dignissimos,iste,commodi,illum,tempore
aspernatur,48969,laboriosam,corrupti,exercitationem,error,explicabo
sequi,44856,totam,tempore,quae,facilis,aspernatur
accusantium,34654,et,veniam,quisquam,molestias,sequi
laborum,92382,rem,iure,aperiam,officiis,suscipit
molestias,48077,quaerat,consequuntur,ipsam,voluptatum,accusamus
molestias,28044,officia,sapiente,error,dolore,debitis
quaerat,63531,explicabo,expedita,quasi,similique,esse
ipsam,52695,iusto,quod,enim,sapiente,voluptates
repellat,43265,dicta,fugit,ratione,laboriosam,quos
dolores,92011,hic,nostrum,deleniti,maxime,ipsam
nemo,93331,natus,expedita,sapiente,occaecati,tenetur
quaerat,36474,explicabo,nesciunt,rerum,excepturi,aperiam
beatae,20304,quam,similique,in,aut,quis
vel,52234,quasi,id,eligendi,ea,asperiores
vel,64974,pariatur,cumque,excepturi,cupiditate,consequuntur
ex,97091,beatae,temporibus,ut,maiores,cum
dolorum,33143,suscipit,esse,nobis,quae,exercitationem
molestiae,95560,aspernatur,numquam,ipsum,facilis,aliquam
quis,36738,nobis,minima,deserunt,dignissimos,quasi
nobis,71970,delectus,hic,repudiandae,earum,quibusdam
provident,38902,est,nisi,assumenda,aliquid,repudiandae
fuga,86698,soluta,laudantium,dolorem,quae,nesciunt
distinctio,46538,quod,delectus,hic,laboriosam,fugiat
nulla,21290,sint,nisi,sit,minima,animi
ea,94105,ipsa,aliquid,quae,dolores,delectus
dolore,37010,sint,sit,quod,id,occaecati
iste,82392,placeat,harum,numquam,sequi,est
ratione,60431,sequi,quasi,ex,tempore,rem
veritatis,51009,quis,dolores,cupiditate,dolore,ducimus
error,14228,dolore,quas,laborum,eligendi,animi
totam,12462,officia,quisquam,nulla,illo,dolor
officiis,22248,repellendus,commodi,sequi,eius,perferendis
voluptates,73419,modi,a,quisquam,aspernatur,sint
corporis,56120,corporis,mollitia,autem,voluptate,eos
nesciunt,91901,placeat,neque,perferendis,corporis,nostrum
odio,99867,repellat,et,id,voluptate,cupiditate
consectetur,40985,fugit,asperiores,fugiat,architecto,laboriosam
quae,49711,amet,nisi,officiis,veniam,porro
voluptas,48446,voluptates,esse,enim,ipsum,maxime
illo,49599,praesentium,excepturi,amet,porro,rerum
placeat,88416,maiores,impedit,harum,repellat,sed
blanditiis,60549,quam,eligendi,est,quo,odit
quaerat,33385,perspiciatis,id,dolorum,fugiat,placeat
deleniti,25473,modi,voluptatum,officiis,distinctio,magnam
cumque,80331,nesciunt,blanditiis,eligendi,fuga,blanditiis
deleniti,33086,soluta,itaque,numquam,odio,voluptate
culpa,92866,ducimus,similique,ea,pariatur,velit
natus,62699,vero,harum,beatae,eius,laboriosam
hic,32353,exercitationem,tenetur,nobis,vel,ipsum
reiciendis,91476,omnis,occaecati,veniam,cum,ullam
deserunt,38210,placeat,fuga,cupiditate,reprehenderit,adipisci
earum,14800,ipsam,quam,quam,repudiandae,sequi
consectetur,83666,voluptas,amet,quos,molestiae,laudantium
optio,28482,ullam,reprehenderit,molestias,occaecati,tenetur
quod,66084,dolore,voluptatibus,facere,harum,voluptatum
id,46285,iusto,possimus,cupiditate,placeat,enim
error,65870,sit,accusamus,praesentium,cum,omnis
harum,72913,tempora,velit,cumque,at,a
delectus,73602,consequatur,tempora,optio,modi,reprehenderit
dicta,50251,expedita,autem,nobis,porro,error
nobis,58967,excepturi,eum,eveniet,rerum,odit
quaerat,84613,ullam,deleniti,dolor,neque,velit
ipsa,64340,suscipit,nesciunt,tempora,distinctio,a
laboriosam,91316,neque,consequuntur,numquam,at,dolorem
vitae,63582,repellendus,iure,culpa,tempora,doloremque
optio,60760,unde,dolores,sapiente,expedita,sequi
mollitia,67553,quidem,vel,quod,sed,possimus
provident,41762,quam,ipsum,eaque,illum,culpa
iusto,69997,quia,error,assumenda,amet,id
quos,30245,esse,facilis,quidem,aut,placeat
id,22622,repellat,sit,dolor,voluptas,amet
hic,50294,dolore,recusandae,eveniet,eaque,ut
sequi,39461,distinctio,necessitatibus,saepe,exercitationem,in
sit,72709,eveniet,officiis,qui,consectetur,ut
non,26658,perspiciatis,perferendis,pariatur,porro,nulla
sequi,51865,corrupti,nesciunt,beatae,ut,ratione
ipsum,95472,magnam,omnis,minus,magnam,quisquam
aperiam,81654,voluptatem,nemo,doloribus,suscipit,delectus
dignissimos,19648,numquam,libero,sapiente,expedita,nobis
quod,49835,nulla,tenetur,sequi,nam,voluptatum
temporibus,41745,mollitia,laudantium,earum,numquam,suscipit
soluta,31790,commodi,adipisci,doloribus,nostrum,accusantium
aut,33403,accusantium,delectus,alias,minima,asperiores
non,27138,ad,minus,sunt,perspiciatis,error
assumenda,96559,doloribus,facilis,voluptatum,perspiciatis,unde
perspiciatis,65662,quis,cum,ut,minima,ab
reiciendis,19761,similique,tempore,magni,vitae,fuga
quidem,22992,nihil,culpa,quia,ad,natus
rem,31889,ipsam,voluptatibus,facere,labore,incidunt
quod,44760,tempore,eum,suscipit,non,aspernatur
harum,85182,possimus,nostrum,nisi,tenetur,libero
repellendus,80175,provident,distinctio,ab,quidem,nemo
sunt,53747,consequuntur,hic,animi,iure,quisquam
iste,14069,ullam,quasi,quia,quo,distinctio
quod,28523,harum,a,amet,aperiam,culpa
perspiciatis,77261,reprehenderit,doloremque,dolore,voluptatum,rem
dignissimos,35686,nostrum,accusantium,architecto,excepturi,explicabo
ad,37687,sequi,soluta,voluptatem,accusamus,porro
consectetur,56064,repellat,nesciunt,iste,cupiditate,iure
reprehenderit,41056,pariatur,dolores,reiciendis,iste,quidem
dolorem,17145,non,nulla,quae,laboriosam,magnam
recusandae,13303,cum,ab,quam,excepturi,autem
at,55574,est,itaque,ut,sint,velit
delectus,69114,quibusdam,voluptas,recusandae,voluptate,beatae
iste,28833,hic,repellat,cumque,atque,earum
sapiente,78812,inventore,ea,atque,provident,culpa
aspernatur,97607,saepe,placeat,quae,possimus,voluptatibus
aliquam,18892,perferendis,inventore,pariatur,molestias,consequatur
officiis,26879,consequuntur,ex,possimus,exercitationem,dolore
fugit,41476,error,unde,facilis,non,vel
soluta,73937,iusto,incidunt,officia,voluptatem,facere
quis,15920,optio,perferendis,perspiciatis,tempora,nesciunt
voluptatibus,92442,illum,cupiditate,facere,nobis,at
placeat,59988,ex,sit,excepturi,in,sit
ea,59361,ad,aspernatur,maxime,debitis,dolorem
iusto,58933,itaque,iure,et,numquam,delectus
optio,99694,porro,eligendi,sunt,hic,iusto
doloribus,48184,nesciunt,maiores,similique,magnam,quae
sequi,25935,eius,veniam,laborum,nulla,impedit
animi,21200,eum,fuga,neque,ab,vel
suscipit,59284,consectetur,earum,voluptates,reprehenderit,magnam
esse,57803,optio,nostrum,minus,ipsam,ab
perspiciatis,48155,officia,quasi,vitae,dicta,repellat
adipisci,10564,corporis,enim,quam,ipsa,ipsum
illo,13434,itaque,consectetur,eligendi,quia,voluptatibus
earum,24826,ab,occaecati,cumque,alias,temporibus
sapiente,93796,aliquam,fugit,qui,unde,facere
nesciunt,93243,ab,sed,alias,velit,molestias
corporis,68925,totam,molestias,esse,incidunt,quod
aliquid,91787,maxime,perspiciatis,dolorem,id,exercitationem
rerum,96533,culpa,quasi,quas,eum,quasi
porro,44211,rem,esse,error,repudiandae,illum
dolore,31012,facere,at,aliquam,aut,nisi
omnis,17531,consequatur,culpa,enim,ipsa,nemo
culpa,14829,et,voluptas,quidem,perspiciatis,dicta
itaque,11623,in,illo,voluptatem,impedit,doloremque
placeat,68875,asperiores,inventore,quo,nisi,voluptatum
laudantium,42548,exercitationem,est,molestiae,enim,enim
magni,66053,saepe,non,sapiente,itaque,blanditiis
suscipit,62031,harum,explicabo,aliquid,magni,quos
libero,96131,saepe,fugit,minima,dolorum,sunt
quidem,86515,alias,praesentium,soluta,distinctio,quis
culpa,43699,nemo,facilis,numquam,velit,blanditiis
repellendus,94688,fuga,magnam,magnam,omnis,eum
sunt,76406,iste,consequuntur,voluptatibus,minus,adipisci
quae,79734,aut,alias,nemo,optio,veniam
incidunt,89418,magnam,quae,necessitatibus,quia,quibusdam
ipsum,39293,earum,perspiciatis,accusantium,voluptatem,sed
tempora,36952,soluta,voluptatum,porro,laudantium,ex
laboriosam,10649,ullam,nemo,neque,perspiciatis,odio
non,60554,dolore,rem,eum,corporis,quae
possimus,77889,illo,sequi,velit,sint,neque
eius,69453,dicta,facere,tempore,quis,quasi
mollitia,38374,quia,sint,qui,molestias,officiis
et,47830,laudantium,eligendi,laborum,laboriosam,eius
aliquid,12022,consectetur,magnam,mollitia,optio,voluptates
aliquam,71282,laudantium,earum,eum,blanditiis,impedit
eius,99837,ab,cupiditate,quibusdam,inventore,dolor
rerum,12177,animi,optio,dignissimos,perferendis,facere
modi,41247,occaecati,eveniet,sint,alias,in
id,14472,aspernatur,distinctio,vero,dolor,recusandae
laborum,34644,facere,voluptate,eaque,cumque,impedit
voluptatibus,71860,ut,recusandae,dignissimos,quidem,officia
architecto,80541,ipsum,eveniet,asperiores,rem,autem
vitae,43928,quam,deleniti,omnis,cum,assumenda
maiores,57889,excepturi,consectetur,quo,totam,libero
sed,56001,asperiores,assumenda,culpa,placeat,reprehenderit
totam,52277,cumque,facere,optio,corrupti,provident
tenetur,41121,sapiente,nostrum,odit,soluta,ad
adipisci,82234,ab,alias,tenetur,voluptatibus,vero
tempora,53286,minima,quam,dolores,exercitationem,exercitationem
fuga,50563,non,atque,sed,eius,pariatur
beatae,86340,totam,architecto,asperiores,ea,vero
laborum,51245,porro,ab,id,nisi,pariatur
inventore,12044,alias,rerum,placeat,architecto,ullam
excepturi,21539,iusto,quod,praesentium,nulla,ex
soluta,13034,et,quaerat,itaque,repellendus,id
quis,26755,ducimus,nostrum,esse,blanditiis,corrupti
aut,87827,natus,sit,dolor,architecto,impedit
veniam,85566,officia,tempore,ad,ipsam,nesciunt
quo,38340,consequatur,explicabo,quia,culpa,harum
molestias,68132,impedit,laborum,id,ipsum,molestiae
cumque,14167,eveniet,architecto,ipsam,nam,accusamus
possimus,49954,molestiae,cum,perspiciatis,nisi,beatae
adipisci,66620,debitis,magni,quasi,architecto,iusto
alias,95981,dolor,quis,unde,ut,nihil
repellendus,21751,repellendus,molestias,itaque,eum,maiores
quod,42865,aliquid,tempore,similique,ducimus,est
saepe,30729,fuga,maiores,dignissimos,ipsum,perspiciatis
iusto,87061,eligendi,blanditiis,rerum,dolores,natus
a,34068,accusantium,impedit,facilis,consequatur,hic
harum,87945,ducimus,unde,dignissimos,id,tempora
ullam,82699,ipsum,voluptate,adipisci,accusantium,eum
eaque,24071,nisi,officia,facere,eius,vel
nobis,22546,repellendus,officiis,quibusdam,asperiores,facilis
mollitia,75759,quos,dolore,quisquam,quo,nihil
molestiae,58785,esse,libero,a,et,enim
amet,66035,alias,sed,libero,sint,eveniet
quidem,41492,labore,eos,temporibus,assumenda,error
doloribus,36091,consectetur,autem,quaerat,numquam,laudantium
tempora,35261,autem,nulla,modi,optio,aperiam
aut,69066,quae,eligendi,sequi,rem,blanditiis
odit,35655,id,quia,est,animi,quam
eos,26064,quos,harum,voluptate,nulla,nesciunt
eaque,35523,consequuntur,in,ab,eveniet,maxime
odit,95813,perferendis,ratione,libero,consectetur,temporibus
reiciendis,90094,tempore,dolor,ducimus,cum,voluptatem
magnam,54784,fuga,ratione,recusandae,reprehenderit,iste
corporis,28865,iure,corrupti,quod,optio,adipisci
atque,19390,ipsa,beatae,dolorum,praesentium,quibusdam
nobis,83740,numquam,sapiente,delectus,perspiciatis,assumenda
accusantium,15181,occaecati,autem,laudantium,pariatur,tempore
ipsum,76445,recusandae,tempora,quaerat,officia,est
expedita,88948,ut,incidunt,earum,porro,quis
optio,33105,expedita,reiciendis,fugiat,nam,dolore
nihil,72809,labore,quia,dignissimos,exercitationem,excepturi
temporibus,65366,suscipit,corrupti,quidem,rerum,nisi
reiciendis,96641,et,est,sed,expedita,tempore
ullam,34486,magnam,laudantium,delectus,eos,inventore
ut,50050,voluptatem,labore,necessitatibus,numquam,occaecati
fugit,66666,incidunt,sequi,hic,ut,sit
provident,46085,saepe,dolorum,autem,ducimus,soluta
totam,80135,nobis,error,distinctio,sapiente,architecto
dolor,62281,velit,quibusdam,quo,aliquid,earum
rem,34528,consequatur,dolor,nulla,placeat,numquam
fuga,31251,beatae,exercitationem,voluptate,modi,vel
consequatur,87922,eum,enim,necessitatibus,repellat,culpa
vero,46692,mollitia,animi,rerum,minus,quam
voluptates,38680,dolores,voluptas,odit,asperiores,et
sunt,65981,laborum,iste,ut,a,id
eum,88022,distinctio,distinctio,explicabo,voluptas,temporibus
possimus,82207,expedita,voluptate,esse,voluptas,vero
consequuntur,87474,repellendus,voluptatum,laboriosam,non,cupiditate
hic,38624,quod,unde,sed,officia,facilis
odio,62445,magnam,magnam,voluptates,vitae,blanditiis
quia,18277,beatae,modi,dolore,voluptatum,debitis
dignissimos,88473,facilis,quo,perferendis,dolore,optio
cum,83159,reprehenderit,accusamus,possimus,laborum,officia
atque,33267,suscipit,repellendus,sint,minima,exercitationem
eligendi,66411,veritatis,sapiente,debitis,pariatur,ut
dicta,98186,repellat,veniam,blanditiis,facere,enim
officia,84675,odit,neque,aperiam,optio,praesentium
a,28887,corporis,at,ad,repellendus,natus
recusandae,58264,voluptas,modi,et,modi,aliquam
quaerat,41607,quisquam,iste,modi,saepe,quaerat
aliquid,95166,quasi,nobis,molestiae,quia,nemo
ipsum,71858,architecto,quae,totam,at,perspiciatis
veritatis,51132,ducimus,dolore,sit,earum,corrupti
quidem,33275,reiciendis,voluptates,ut,quam,pariatur
officia,41186,natus,corporis,nam,ullam,architecto
quae,92966,fugit,debitis,odit,nobis,aliquid
incidunt,44893,quidem,impedit,soluta,tempore,facere
reiciendis,19597,placeat,porro,recusandae,facere,repellendus
aliquid,50859,in,eaque,accusamus,quae,iure
perferendis,64400,eius,suscipit,tenetur,at,ipsam
nam,80410,sed,fugiat,placeat,ex,saepe
voluptas,97676,non,adipisci,iste,hic,dolorum
quia,41332,reiciendis,possimus,mollitia,minima,reiciendis
blanditiis,87427,numquam,officia,amet,consequatur,nobis
doloremque,32862,necessitatibus,consectetur,culpa,vero,enim
perferendis,31570,quo,ullam,molestiae,ullam,voluptates
enim,75832,dolorem,cumque,facilis,perspiciatis,debitis
hic,64796,perferendis,nobis,aliquid,porro,numquam
deleniti,51999,rem,sed,ut,et,incidunt
dolor,65699,ullam,vero,accusantium,quos,debitis
atque,84356,modi,rem,non,cum,vero
ea,89850,tenetur,cupiditate,tenetur,omnis,cum
repudiandae,61028,doloribus,autem,suscipit,mollitia,deleniti
cum,52600,quod,magni,quam,architecto,ut
cupiditate,98923,velit,numquam,sit,quaerat,enim
officia,12007,ab,ut,hic,illo,tempore
suscipit,58149,labore,libero,provident,praesentium,voluptate
quis,60324,magnam,culpa,excepturi,accusantium,veritatis
quo,30200,modi,ad,sapiente,eius,nulla
perferendis,57352,voluptatibus,impedit,laboriosam,qui,qui
enim,94540,nam,ex,iste,expedita,quia
facere,66458,facilis,rerum,asperiores,non,iste
cumque,79400,laudantium,dolor,quaerat,inventore,autem
provident,34314,molestias,facere,dolores,fuga,dolorum
porro,97202,dolorum,qui,id,distinctio,provident
libero,24355,omnis,modi,commodi,debitis,et
hic,37839,laborum,eligendi,rem,quos,fugiat
nobis,17734,quas,fuga,sequi,labore,tempora
odio,42616,voluptatem,sed,alias,provident,autem
repellat,55408,iusto,sequi,dicta,incidunt,fugit
delectus,59978,explicabo,repellat,omnis,ipsum,saepe
impedit,85206,porro,laboriosam,itaque,illum,inventore
blanditiis,69861,optio,quidem,dolores,qui,nobis
officiis,15346,distinctio,officia,odio,occaecati,eveniet
saepe,79185,quia,animi,fugiat,eaque,quia
eum,81119,minima,deleniti,sapiente,eligendi,dolore
exercitationem,17095,nisi,tempore,quae,earum,enim
rerum,93224,inventore,tenetur,facilis,eveniet,perferendis
praesentium,78894,assumenda,neque,harum,perferendis,expedita
odio,34695,repellat,quaerat,non,eum,repellat
magni,36693,laboriosam,minima,exercitationem,nulla,blanditiis
sint,85327,fugiat,saepe,deleniti,autem,quibusdam
cumque,26697,consequatur,a,temporibus,quae,laborum
laboriosam,64521,occaecati,nisi,dolorum,ex,natus
accusantium,86090,provident,quod,doloremque,minima,unde
animi,44464,iusto,quibusdam,velit,natus,voluptatem
necessitatibus,18718,libero,omnis,rerum,aspernatur,earum
voluptate,91263,tempore,quidem,recusandae,ratione,at
voluptatum,76749,vel,voluptatibus,possimus,aspernatur,ea
dolorum,53183,distinctio,ipsam,voluptas,rem,aperiam
voluptatum,75393,pariatur,voluptates,eos,voluptatem,cum
minus,32437,iste,fugit,modi,eius,enim
et,48317,harum,eius,earum,iusto,eveniet
vel,28038,quod,maxime,fuga,aperiam,voluptatum
recusandae,16505,nam,aspernatur,magnam,ea,harum
similique,99416,iusto,delectus,minus,ducimus,culpa
laboriosam,55328,debitis,inventore,optio,porro,possimus
tenetur,32660,aperiam,soluta,adipisci,dicta,quisquam
odio,23339,numquam,officia,rem,consequuntur,officia
nemo,72654,magnam,laborum,deserunt,natus,quae
doloribus,58432,incidunt,eveniet,nisi,optio,impedit
animi,72165,provident,optio,eum,mollitia,blanditiis
fugiat,69783,quae,ducimus,dolore,saepe,qui
incidunt,42715,dolor,recusandae,eum,sequi,iure
corporis,32217,molestiae,minima,neque,accusantium,aperiam
modi,28678,animi,ad,culpa,suscipit,exercitationem
ea,71613,suscipit,dolorem,vitae,dolore,incidunt
incidunt,96589,nobis,hic,consequatur,iure,architecto
odio,38713,tempore,beatae,corrupti,in,culpa
corrupti,24313,quisquam,ut,ut,saepe,culpa
