field_changed,old_val,new_val
autem,voluptas,perferendis
maxime,modi,beatae
adipisci,veniam,repellendus
assumenda,incidunt,cupiditate
perspiciatis,magni,necessitatibus
quas,cupiditate,eveniet
corporis,corrupti,quia
veritatis,mollitia,accusantium
porro,nesciunt,in
dolor,modi,placeat
voluptatum,tempore,nemo
officiis,eveniet,fugiat
cupiditate,voluptatum,at
cupiditate,repellat,cupiditate
eveniet,aliquid,dolor
repellendus,architecto,distinctio
voluptate,sint,deleniti
dignissimos,ad,quaerat
repellat,ut,aperiam
error,corrupti,illo
nobis,quae,quia
iure,suscipit,sed
dolorum,id,rem
aliquid,magnam,fuga
optio,id,reiciendis
tempore,aut,labore
nam,consequuntur,ipsam
fugiat,impedit,expedita
ipsam,quas,quibusdam
non,quia,quidem
culpa,numquam,rerum
laboriosam,explicabo,sed
iusto,voluptatem,quis
deleniti,soluta,quo
tenetur,exercitationem,aliquam
sed,ea,facere
at,nemo,nobis
impedit,reprehenderit,excepturi
molestiae,occaecati,vel
reprehenderit,nisi,excepturi
accusantium,ducimus,itaque
quam,commodi,inventore
illo,ipsum,ut
dignissimos,esse,modi
suscipit,quia,doloribus
aliquid,quo,vero
magni,labore,natus
et,cupiditate,et
est,iusto,sint
corrupti,quia,sunt
repellendus,assumenda,mollitia
deserunt,eum,libero
eum,quasi,numquam
aut,tempora,accusamus
ut,ea,corporis
culpa,modi,quibusdam
repudiandae,iusto,in
voluptates,mollitia,consectetur
eligendi,accusantium,iure
necessitatibus,earum,consequuntur
ducimus,dolore,ducimus
impedit,neque,animi
eum,necessitatibus,dolores
ullam,eaque,reiciendis
mollitia,mollitia,dolorum
itaque,corrupti,dolorum
provident,iste,dolor
aliquam,deserunt,ducimus
at,delectus,voluptatibus
corrupti,esse,molestiae
labore,tempora,sapiente
sapiente,vel,beatae
ad,nostrum,molestias
nulla,tenetur,atque
doloremque,maxime,neque
accusantium,error,maxime
voluptates,molestiae,voluptatum
fuga,dolorem,ipsa
voluptas,illo,alias
esse,omnis,laudantium
corrupti,molestiae,velit
sequi,quos,dolor
reprehenderit,distinctio,voluptates
doloremque,illo,enim
dolorem,aperiam,suscipit
magni,pariatur,dicta
sit,aliquid,in
sed,veniam,eligendi
aliquam,voluptatum,necessitatibus
optio,repellendus,cupiditate
incidunt,accusamus,nam
excepturi,ut,totam
veniam,quasi,repellat
nemo,eius,temporibus
voluptate,animi,inventore
rerum,aliquid,distinctio
vel,dolore,fugit
pariatur,et,tempore
hic,harum,a
minus,vel,facere
sequi,in,quaerat
quam,deserunt,itaque
itaque,ex,fugit
praesentium,iusto,provident
voluptates,eum,ab
voluptatibus,pariatur,distinctio
facere,repellendus,cupiditate
itaque,soluta,laboriosam
delectus,assumenda,porro
repellat,aperiam,quam
nobis,nisi,doloribus
illo,quas,reiciendis
vitae,laudantium,dicta
repellendus,quas,occaecati
suscipit,ex,ipsam
quasi,eveniet,explicabo
cum,placeat,ipsum
consequatur,harum,id
facere,quis,quod
ex,tempore,culpa
porro,asperiores,maxime
quisquam,culpa,nihil
dolorem,aspernatur,hic
corporis,quia,quia
cumque,vel,harum
libero,ab,id
ea,consectetur,accusantium
similique,adipisci,nihil
quae,aliquid,animi
quod,natus,recusandae
vero,voluptate,ab
porro,sequi,tenetur
nam,laborum,necessitatibus
quod,fugiat,rerum
excepturi,architecto,odio
commodi,deleniti,corrupti
quod,accusantium,vel
alias,consectetur,expedita
voluptate,recusandae,dolore
veniam,omnis,quaerat
incidunt,officiis,nemo
natus,officia,exercitationem
quae,doloremque,cumque
veniam,aliquid,mollitia
quibusdam,debitis,harum
aliquid,ullam,enim
neque,tenetur,ratione
totam,aut,a
animi,quia,ipsa
rem,repellat,iusto
asperiores,veniam,temporibus
dolore,dolorem,iusto
maiores,placeat,quas
fugit,distinctio,rerum
culpa,voluptatum,accusamus
modi,molestias,ea
eius,quibusdam,sit
unde,minus,animi
iusto,delectus,in
natus,laborum,veniam
adipisci,architecto,beatae
placeat,asperiores,velit
tempora,quis,esse
distinctio,unde,et
sequi,veniam,nobis
asperiores,incidunt,numquam
minus,alias,consectetur
numquam,veniam,quaerat
quasi,voluptatum,deserunt
temporibus,ex,in
cumque,quibusdam,hic
facilis,facilis,nulla
iusto,accusamus,officiis
incidunt,atque,sapiente
eius,iusto,est
quo,exercitationem,ipsa
cupiditate,inventore,dolore
dolores,repellendus,quod
quibusdam,tempore,architecto
quaerat,quidem,odio
expedita,ducimus,quae
eos,quis,placeat
consectetur,adipisci,itaque
molestias,libero,mollitia
hic,aspernatur,enim
iure,voluptatibus,atque
distinctio,labore,qui
dolor,voluptatibus,dolore
modi,occaecati,ullam
optio,eaque,aperiam
dolor,nesciunt,rem
atque,quaerat,neque
aperiam,praesentium,corporis
architecto,hic,est
optio,soluta,atque
excepturi,praesentium,nulla
exercitationem,sunt,aut
doloribus,quia,ea
porro,voluptates,impedit
harum,facere,enim
sint,incidunt,consequatur
quibusdam,dolores,facilis
minus,blanditiis,sunt
deleniti,odio,occaecati
quibusdam,deserunt,iste
repudiandae,consequuntur,aliquam
ratione,magnam,praesentium
natus,molestias,voluptatem
dolorum,vel,nesciunt
veniam,pariatur,repellendus
doloribus,voluptas,dolore
autem,blanditiis,repudiandae
amet,id,veritatis
officiis,nihil,cumque
aspernatur,et,distinctio
neque,quaerat,libero
ab,quae,dolores
doloremque,saepe,officiis
modi,culpa,eligendi
eveniet,error,est
dicta,amet,dignissimos
velit,dolore,exercitationem
sint,reprehenderit,nobis
nihil,similique,at
doloremque,magni,dolorum
tempore,asperiores,repudiandae
molestiae,molestias,praesentium
distinctio,tempora,ipsum
eligendi,unde,sed
natus,accusantium,debitis
dolor,commodi,cupiditate
nostrum,possimus,deleniti
mollitia,doloribus,voluptates
maxime,fugiat,molestiae
molestias,labore,nihil
beatae,veniam,facere
dicta,ipsam,recusandae
ullam,ad,voluptatibus
similique,molestiae,maiores
optio,corporis,blanditiis
cum,occaecati,magni
consequatur,quae,ipsa
quam,ipsam,repellendus
expedita,cum,dolorem
beatae,fugit,ad
minima,ab,in
accusamus,veritatis,blanditiis
sequi,voluptatibus,commodi
perferendis,dicta,ab
nesciunt,aperiam,repellendus
temporibus,commodi,repellendus
cupiditate,rerum,explicabo
vero,quam,tenetur
beatae,pariatur,doloribus
necessitatibus,adipisci,facilis
quisquam,totam,eaque
labore,voluptates,dicta
autem,alias,est
totam,sunt,molestiae
autem,cupiditate,neque
quos,iure,harum
dolores,odit,hic
temporibus,hic,praesentium
repellat,dolorem,blanditiis
tempora,tempore,consequatur
culpa,esse,eius
repellat,recusandae,animi
repellat,doloribus,totam
saepe,esse,ullam
odio,quisquam,provident
nihil,deleniti,repudiandae
vitae,ullam,ipsa
voluptas,explicabo,doloremque
rem,porro,quisquam
praesentium,quidem,quis
quia,blanditiis,repellat
doloremque,illo,maxime
impedit,rem,iusto
impedit,itaque,iusto
deleniti,repellat,incidunt
voluptates,nemo,qui
mollitia,illo,numquam
nihil,hic,nemo
incidunt,aperiam,nisi
sed,sequi,suscipit
nostrum,rerum,ex
necessitatibus,doloribus,culpa
rerum,quis,velit
sequi,suscipit,minus
quaerat,dicta,unde
modi,minima,esse
ad,consequatur,facilis
architecto,ratione,nulla
quibusdam,delectus,perferendis
illo,ut,sunt
aliquam,distinctio,tenetur
accusantium,vero,dignissimos
aspernatur,similique,ipsa
consectetur,sunt,sequi
ab,delectus,in
aliquam,voluptates,asperiores
commodi,architecto,corrupti
commodi,corporis,perspiciatis
sapiente,sit,aliquid
quaerat,dolorem,voluptatibus
possimus,corporis,vero
saepe,deserunt,suscipit
sunt,ratione,repellat
possimus,optio,quos
placeat,explicabo,ab
perspiciatis,fugit,natus
temporibus,aut,explicabo
pariatur,eligendi,incidunt
commodi,modi,soluta
fuga,sapiente,quibusdam
commodi,iusto,temporibus
aut,magnam,assumenda
saepe,dicta,vero
beatae,dolores,voluptates
illo,impedit,tempore
porro,inventore,ipsum
placeat,voluptate,voluptate
et,omnis,vel
beatae,aliquid,aut
reiciendis,dignissimos,dolorem
odio,minus,blanditiis
quo,vel,corporis
quos,mollitia,assumenda
ipsa,nulla,dolorem
labore,eum,minima
sit,voluptatem,libero
corrupti,aperiam,eos
iure,suscipit,velit
cupiditate,asperiores,doloremque
corporis,porro,totam
dolorem,laboriosam,cumque
doloremque,illo,maiores
deserunt,dicta,a
inventore,nulla,laboriosam
non,temporibus,omnis
ipsum,voluptatum,assumenda
consectetur,ratione,impedit
repellendus,praesentium,culpa
quisquam,laudantium,rerum
aut,deserunt,sint
nisi,veniam,rerum
impedit,eveniet,molestiae
cumque,ducimus,repellat
reprehenderit,quaerat,minima
blanditiis,magni,corrupti
ipsam,delectus,odit
necessitatibus,vel,praesentium
ut,rem,voluptatem
modi,accusamus,dolore
doloribus,id,nihil
iure,eius,fugit
magni,fugit,ex
eligendi,adipisci,quia
magnam,dicta,beatae
illum,praesentium,necessitatibus
atque,sed,aliquam
saepe,veniam,magnam
accusamus,voluptatum,sequi
cum,mollitia,incidunt
voluptatem,aperiam,at
consequuntur,veniam,laborum
reiciendis,consequuntur,ducimus
quos,veniam,repellendus
suscipit,velit,sequi
rerum,perferendis,quisquam
cum,aliquid,libero
deserunt,harum,consequatur
ratione,quaerat,dolore
fuga,numquam,ad
provident,repellat,natus
eos,veniam,sit
voluptas,voluptates,molestias
commodi,eligendi,perferendis
provident,necessitatibus,id
iusto,perspiciatis,magnam
veniam,itaque,neque
ut,corporis,laborum
aspernatur,velit,omnis
rerum,maxime,ab
enim,facilis,suscipit
velit,aspernatur,doloremque
deleniti,nobis,molestiae
occaecati,aperiam,adipisci
similique,veniam,illum
labore,iure,quo
sapiente,quaerat,ducimus
facilis,magnam,error
voluptatibus,similique,iusto
sapiente,officiis,neque
quisquam,sit,iure
culpa,recusandae,culpa
eos,quos,illum
soluta,eius,aperiam
praesentium,reiciendis,rem
ea,ea,commodi
assumenda,hic,doloremque
maxime,voluptates,modi
autem,blanditiis,eius
nobis,aperiam,eveniet
recusandae,accusantium,culpa
molestiae,alias,perferendis
mollitia,repellendus,ex
iste,deserunt,dolorum
illo,architecto,ab
repellat,expedita,ad
nobis,quo,sapiente
est,incidunt,alias
nesciunt,consequatur,nulla
ut,dolore,et
rem,animi,repudiandae
nemo,alias,eligendi
quo,expedita,voluptas
sapiente,alias,maxime
molestiae,id,sed
ea,aliquam,aut
iusto,nam,incidunt
et,commodi,error
occaecati,at,doloremque
praesentium,aliquid,ad
dolor,odit,fugiat
harum,debitis,est
ratione,quod,vitae
rem,mollitia,laborum
suscipit,dolorem,eum
consequatur,ab,reprehenderit
consequatur,animi,minus
ratione,reiciendis,saepe
corporis,expedita,reiciendis
dolor,ratione,facere
harum,officiis,assumenda
est,cum,consequatur
hic,ad,placeat
occaecati,repellat,reiciendis
id,dolores,nesciunt
harum,atque,sequi
assumenda,magni,cupiditate
nulla,doloremque,distinctio
nihil,maiores,consectetur
accusantium,perferendis,necessitatibus
quidem,doloribus,optio
et,blanditiis,itaque
odit,accusamus,quae
beatae,nesciunt,officia
dicta,earum,voluptates
saepe,a,fuga
assumenda,sed,dolorem
fugiat,alias,doloremque
excepturi,illum,commodi
quidem,omnis,quo
nemo,accusamus,odit
cum,voluptatem,natus
a,nesciunt,amet
sunt,adipisci,dignissimos
optio,voluptatem,ab
dolores,eos,ullam
laboriosam,perspiciatis,officiis
aliquid,quod,itaque
aliquid,veniam,possimus
aliquid,et,ex
iure,fuga,aperiam
quos,inventore,aliquam
occaecati,itaque,atque
delectus,nisi,accusantium
maiores,quisquam,voluptas
consectetur,neque,doloribus
laudantium,sint,labore
sequi,optio,voluptates
nobis,delectus,fugit
ipsa,quis,debitis
eum,quaerat,iusto
ullam,et,quisquam
voluptatibus,ducimus,fugiat
quisquam,inventore,magnam
reiciendis,delectus,tempora
cum,ab,veniam
repudiandae,aliquam,eius
aliquid,nam,rerum
laborum,magnam,quis
facere,repellendus,eligendi
libero,unde,earum
velit,sequi,suscipit
quos,voluptas,dolore
beatae,facilis,unde
enim,eveniet,ullam
nostrum,eum,necessitatibus
rerum,possimus,velit
ratione,veniam,vel
cumque,quia,quae
maxime,impedit,consequatur
magni,nemo,laudantium
commodi,atque,temporibus
ratione,alias,minus
inventore,similique,veniam
soluta,nulla,rem
mollitia,nemo,dignissimos
molestias,iure,id
illo,at,sint
rerum,repellendus,magnam
tenetur,possimus,provident
eius,laborum,consectetur
voluptatem,dicta,eos
modi,enim,dicta
incidunt,consectetur,error
eos,odit,suscipit
sed,possimus,officiis
sed,modi,dicta
soluta,temporibus,sed
optio,incidunt,eius
cumque,tenetur,optio
ipsam,esse,culpa
dolor,excepturi,repellendus
nulla,voluptate,omnis
nostrum,voluptates,architecto
ea,accusamus,adipisci
maiores,facere,saepe
enim,explicabo,sunt
ullam,nam,omnis
eum,molestiae,assumenda
cum,ea,error
temporibus,recusandae,est
recusandae,esse,aperiam
nihil,possimus,alias
assumenda,facilis,quisquam
minus,non,rem
esse,tempora,vero
praesentium,eum,quisquam
sed,illo,corporis
doloribus,eos,voluptatibus
suscipit,distinctio,culpa
quidem,exercitationem,perferendis
possimus,totam,unde
fuga,nemo,doloremque
facilis,accusantium,fugit
nobis,modi,assumenda
laborum,deserunt,aperiam
blanditiis,quis,error
in,quos,veniam
libero,natus,expedita
occaecati,itaque,blanditiis
fugiat,dolor,delectus
exercitationem,soluta,rerum
repellendus,fugit,aspernatur
ipsum,inventore,quis
voluptates,sequi,voluptatum
eveniet,natus,facere
possimus,enim,rerum
quibusdam,possimus,libero
alias,natus,odit
illum,ut,fuga
natus,iste,velit
rerum,labore,tenetur
molestiae,aliquam,corporis
quibusdam,nihil,assumenda
modi,vitae,expedita
dolorum,maxime,incidunt
perspiciatis,tempora,natus
temporibus,dolores,expedita
facere,nulla,ipsam
fugit,tempore,dolore
commodi,doloremque,quidem
impedit,perspiciatis,dolore
ex,beatae,rem
nesciunt,maxime,distinctio
tempore,culpa,voluptatibus
asperiores,tenetur,amet
velit,placeat,quas
itaque,dolorem,veritatis
ab,impedit,delectus
impedit,laudantium,libero
perferendis,nihil,totam
soluta,corporis,sequi
incidunt,voluptas,odio
illum,saepe,delectus
hic,corporis,quia
dolores,tempora,cum
hic,deleniti,enim
accusantium,totam,provident
nam,assumenda,aut
atque,dignissimos,fugiat
voluptas,recusandae,repudiandae
asperiores,mollitia,nostrum
nobis,doloribus,neque
consectetur,voluptate,ex
aperiam,ut,officia
ea,quis,quaerat
assumenda,commodi,repudiandae
delectus,laudantium,aliquam
placeat,iste,quaerat
eveniet,fugiat,est
assumenda,harum,modi
aut,porro,qui
quidem,nihil,nihil
illum,laborum,harum
iure,sint,nihil
repudiandae,reiciendis,possimus
illo,quos,impedit
excepturi,vitae,voluptatum
accusamus,repellendus,exercitationem
architecto,odio,molestiae
dolore,provident,nostrum
exercitationem,vel,iure
laudantium,aliquam,nostrum
voluptas,magnam,asperiores
assumenda,id,inventore
ex,molestias,adipisci
doloribus,minima,debitis
sit,illum,officiis
atque,eligendi,ut
nihil,dolor,ratione
perferendis,voluptatum,impedit
nisi,nesciunt,necessitatibus
dignissimos,laboriosam,porro
possimus,mollitia,commodi
nemo,officiis,eos
asperiores,ut,voluptatum
accusamus,laudantium,odio
recusandae,nemo,dolorum
a,voluptatem,a
cum,at,minus
rem,fugiat,veritatis
natus,molestias,distinctio
sunt,accusamus,nemo
inventore,nihil,dolor
minus,blanditiis,unde
rerum,repellendus,suscipit
reprehenderit,maxime,ipsum
nostrum,necessitatibus,explicabo
sed,amet,magni
aliquam,officiis,necessitatibus
numquam,quisquam,nesciunt
modi,perferendis,ratione
explicabo,est,enim
blanditiis,ducimus,aliquid
facilis,vitae,ad
quidem,ratione,incidunt
sed,inventore,quasi
maxime,esse,alias
accusamus,dolorum,autem
cupiditate,exercitationem,dicta
fugiat,vero,sapiente
fugiat,aperiam,doloribus
temporibus,cum,suscipit
voluptates,natus,nihil
possimus,vero,amet
dolorum,velit,corporis
minus,ea,eveniet
repellendus,eos,quam
architecto,nam,eos
nihil,blanditiis,aliquid
ad,blanditiis,voluptate
id,itaque,incidunt
veritatis,molestiae,excepturi
occaecati,cumque,sequi
nihil,delectus,labore
atque,accusamus,saepe
occaecati,quasi,exercitationem
laborum,et,unde
ipsum,et,occaecati
voluptatum,incidunt,alias
blanditiis,vitae,qui
blanditiis,explicabo,non
expedita,at,fuga
asperiores,in,minus
rerum,ea,quasi
perspiciatis,excepturi,placeat
sit,ad,molestiae
deleniti,aliquid,inventore
suscipit,minima,laudantium
cumque,illum,harum
fuga,quasi,doloremque
sint,cumque,reiciendis
reprehenderit,odit,nesciunt
molestias,et,excepturi
deleniti,sunt,quas
quia,reprehenderit,tenetur
nihil,laudantium,atque
quisquam,eum,dolor
dolore,occaecati,eligendi
id,amet,iste
nisi,nemo,quam
sed,maiores,repellat
minus,saepe,tenetur
eveniet,dolore,voluptate
consectetur,rerum,mollitia
quae,quas,officia
ullam,similique,maiores
esse,at,atque
est,repellendus,sapiente
possimus,eos,tempora
mollitia,repellat,pariatur
libero,veritatis,officiis
dicta,neque,officia
voluptates,error,nulla
corporis,laborum,facere
odio,rerum,saepe
numquam,rem,assumenda
odit,beatae,porro
et,nisi,eaque
sequi,occaecati,modi
iusto,tempora,quis
dolorem,cum,optio
minus,quia,animi
necessitatibus,sunt,quia
quia,illo,officiis
reprehenderit,amet,assumenda
animi,dicta,dolorum
odio,asperiores,laboriosam
hic,quod,similique
corporis,consequatur,excepturi
minima,delectus,esse
similique,ratione,tempore
blanditiis,eligendi,mollitia
animi,omnis,deserunt
sapiente,qui,culpa
eaque,nobis,reprehenderit
tempora,nostrum,architecto
at,nobis,at
inventore,ducimus,architecto
id,non,porro
laborum,veniam,atque
fugit,blanditiis,vitae
repellat,porro,veritatis
ex,quod,aspernatur
necessitatibus,magnam,veritatis
quaerat,inventore,nam
suscipit,sunt,quae
unde,consequuntur,eveniet
rerum,a,autem
unde,quo,natus
explicabo,dicta,vel
harum,veritatis,dignissimos
sequi,ipsum,architecto
delectus,temporibus,recusandae
officiis,officia,veritatis
quidem,incidunt,quas
nulla,corrupti,incidunt
dolor,occaecati,sunt
asperiores,molestiae,veritatis
ducimus,culpa,corrupti
aspernatur,officia,in
totam,repellendus,iusto
rerum,dolore,excepturi
ullam,adipisci,provident
veniam,pariatur,dolorem
enim,minus,omnis
dolores,iste,quos
quidem,adipisci,amet
error,modi,ex
voluptatibus,ut,officiis
eveniet,deserunt,odit
nihil,illum,consequuntur
neque,debitis,modi
maiores,dolore,itaque
omnis,tempore,consectetur
nobis,et,non
voluptate,accusantium,hic
rerum,eligendi,sint
quis,adipisci,sed
error,quidem,excepturi
aliquid,quae,dolorem
delectus,repellendus,quo
deserunt,quo,debitis
dicta,doloremque,accusamus
possimus,voluptatem,esse
dicta,culpa,voluptatum
aut,velit,praesentium
reiciendis,aspernatur,atque
officiis,itaque,velit
doloribus,voluptates,tenetur
nemo,quo,voluptates
in,quis,aperiam
possimus,aspernatur,consectetur
veniam,odit,quo
illo,doloribus,dolor
reprehenderit,labore,accusamus
similique,corrupti,repudiandae
sint,vitae,consectetur
itaque,delectus,soluta
error,praesentium,ab
deleniti,blanditiis,quam
excepturi,itaque,eos
nostrum,doloribus,quis
dignissimos,neque,esse
occaecati,quas,exercitationem
et,ex,veniam
eum,quo,animi
eum,doloremque,vel
repudiandae,quam,consequatur
ea,ut,incidunt
est,veritatis,dolorum
saepe,reiciendis,officiis
dignissimos,amet,necessitatibus
sunt,aliquid,molestiae
minima,ut,numquam
eum,dolore,voluptatibus
corporis,beatae,rem
eaque,pariatur,nisi
earum,non,excepturi
nobis,porro,voluptatibus
neque,dignissimos,neque
voluptatum,odio,repellat
nihil,veritatis,quas
vero,minus,molestias
sit,non,ut
nam,nihil,quis
ab,aut,illum
sint,doloremque,dolores
provident,dolorum,facilis
voluptate,labore,quisquam
natus,soluta,facere
libero,ut,praesentium
pariatur,accusantium,repudiandae
sapiente,inventore,odit
dicta,vitae,quaerat
labore,aliquam,minima
reprehenderit,corrupti,ratione
molestias,cumque,ab
maxime,fugit,earum
harum,amet,temporibus
sequi,nostrum,aliquam
placeat,rerum,consequatur
quidem,ad,labore
dolor,quos,vel
dolore,optio,fugiat
aliquid,quisquam,a
similique,doloribus,at
molestias,consectetur,occaecati
nisi,maxime,eligendi
dignissimos,explicabo,eveniet
asperiores,perferendis,vitae
iste,dicta,assumenda
id,inventore,earum
iusto,deleniti,illum
cumque,iste,repellat
blanditiis,aliquam,architecto
voluptates,natus,fugit
odit,distinctio,quidem
doloribus,perspiciatis,dolore
sed,eveniet,optio
eveniet,officia,doloremque
numquam,eius,blanditiis
excepturi,atque,neque
mollitia,delectus,distinctio
similique,minima,eveniet
deserunt,omnis,sint
eaque,quam,possimus
corporis,quis,voluptatem
saepe,quas,quas
rerum,nostrum,maiores
dicta,dolor,labore
delectus,nemo,consequatur
modi,fugiat,vitae
inventore,error,occaecati
ratione,sit,error
reiciendis,itaque,unde
quam,commodi,totam
fugiat,quaerat,itaque
consectetur,consequuntur,eum
delectus,voluptatum,sit
debitis,illo,iusto
tempora,exercitationem,mollitia
officiis,excepturi,porro
tempora,provident,quas
doloremque,mollitia,placeat
voluptatum,consectetur,accusamus
culpa,sequi,numquam
minus,pariatur,facilis
dolor,tempore,dolore
cupiditate,nihil,ex
itaque,sunt,nihil
dolorum,suscipit,molestias
aspernatur,molestias,iure
quam,quae,dolorem
enim,dolores,voluptatum
modi,ullam,fuga
laudantium,impedit,inventore
similique,voluptas,debitis
vitae,quidem,itaque
ratione,corrupti,minima
optio,architecto,nulla
excepturi,molestiae,molestias
odit,voluptatum,fuga
sunt,aut,eaque
asperiores,odio,eveniet
dolore,veritatis,expedita
facilis,totam,temporibus
officia,iusto,ipsa
quidem,vel,in
neque,recusandae,deleniti
quis,harum,libero
ad,doloribus,dolores
veritatis,sed,debitis
deleniti,consectetur,cumque
excepturi,fuga,explicabo
voluptate,odit,labore
doloribus,nobis,quos
non,vitae,voluptate
eveniet,iusto,error
nihil,culpa,recusandae
repellendus,sed,quasi
cum,doloremque,dolores
officiis,iste,dolorem
debitis,fugit,aperiam
dolores,blanditiis,beatae
nam,a,ducimus
aut,maxime,rerum
porro,eaque,suscipit
exercitationem,repudiandae,eum
provident,dolore,at
voluptatibus,nemo,rerum
fugit,modi,est
minus,modi,ad
nam,repellat,autem
ullam,eum,sapiente
dolore,voluptates,impedit
eum,modi,magni
sed,minus,consequuntur
repellat,ad,doloribus
asperiores,expedita,eos
est,iste,facilis
dolorum,aliquid,qui
occaecati,provident,cupiditate
deserunt,aspernatur,atque
odio,nam,aliquid
vitae,iure,fugiat
tempore,sint,unde
nihil,harum,fugiat
quidem,deleniti,aut
blanditiis,nemo,magnam
distinctio,harum,excepturi
mollitia,a,voluptatem
suscipit,cupiditate,in
inventore,minima,architecto
perferendis,omnis,soluta
alias,temporibus,maiores
possimus,vero,recusandae
praesentium,a,fugiat
occaecati,necessitatibus,corrupti
pariatur,quas,animi
aliquam,odio,autem
illum,maiores,ipsam
officiis,deleniti,dolore
quam,nesciunt,odio
quos,ullam,numquam
iusto,dolores,vel
adipisci,at,voluptate
distinctio,quis,consectetur
nam,fugit,laudantium
repellat,mollitia,omnis
ea,esse,expedita
eveniet,at,illo
atque,hic,sequi
animi,deserunt,illum
totam,nemo,temporibus
necessitatibus,fugiat,facilis
provident,libero,consequatur
facilis,molestiae,commodi
asperiores,debitis,illum
vero,ratione,et
enim,voluptatum,ea
dignissimos,reprehenderit,minus
quos,quia,aliquid
ea,rerum,adipisci
aut,itaque,quasi
excepturi,ex,quae
veritatis,nemo,adipisci
quos,placeat,porro
sunt,delectus,non
ipsa,dolore,nostrum
qui,nesciunt,facilis
optio,consequatur,qui
perferendis,quod,temporibus
odit,saepe,consequatur
quasi,delectus,provident
minima,illo,odit
ex,molestias,aliquam
nostrum,quidem,explicabo
veniam,voluptas,maiores
aliquam,quisquam,iure
quae,esse,possimus
illo,magni,assumenda
labore,minus,voluptatem
non,exercitationem,mollitia
ea,nulla,sint
expedita,ullam,hic
atque,fuga,corrupti
tempore,quibusdam,perspiciatis
minus,itaque,ab
excepturi,cum,consectetur
ducimus,reprehenderit,magnam
perspiciatis,illum,saepe
animi,beatae,corporis
quibusdam,laborum,consequuntur
eveniet,illo,facilis
aliquam,ut,quasi
