loan_id,closure_type,noc_issued_dt
21904,voluptatum,cupiditate
16073,tenetur,cum
15910,veritatis,facere
52463,nostrum,quam
73152,optio,temporibus
39273,maiores,recusandae
75971,dicta,odit
37185,amet,eaque
36817,cum,molestiae
16389,fugit,aperiam
16223,exercitationem,fugit
99774,accusamus,modi
50795,officia,exercitationem
44153,minus,dolor
60990,voluptatibus,blanditiis
28109,incidunt,repellat
38343,numquam,vitae
22060,quia,vel
66231,fugiat,voluptas
96844,nisi,in
30483,saepe,ullam
87782,vero,atque
78414,rerum,praesentium
46872,quae,praesentium
47332,soluta,nesciunt
76438,sed,modi
92261,a,ea
85631,eos,placeat
62577,fugit,doloribus
21160,explicabo,repellat
88583,deleniti,suscipit
48730,mollitia,libero
59268,quis,voluptas
24958,corporis,accusantium
91561,nam,totam
14976,optio,quibusdam
69194,doloremque,cumque
50265,unde,beatae
72923,suscipit,reprehenderit
30731,harum,illum
63656,sed,corporis
20139,quam,reiciendis
47916,iure,ut
50697,facilis,pariatur
33500,quas,modi
46022,minima,suscipit
24453,similique,eius
31117,dolorem,non
50050,nam,rem
71642,cum,minus
14794,illo,quisquam
25334,magni,aut
21625,harum,consequuntur
98410,alias,aut
54839,quas,tempora
33151,officiis,ad
47873,necessitatibus,eum
16525,beatae,eum
34590,soluta,iste
75965,adipisci,maiores
77690,mollitia,nemo
45037,vel,nobis
52282,laboriosam,culpa
19658,vitae,quod
51923,et,ullam
20142,aperiam,occaecati
40328,reiciendis,dolorem
64755,maiores,perferendis
80029,dolore,provident
86795,perspiciatis,id
87520,nostrum,at
28262,blanditiis,dolor
41330,quos,fuga
87413,reiciendis,ut
14582,vitae,delectus
49496,dolor,dolorum
30643,consequuntur,perspiciatis
77887,quod,nulla
34953,quaerat,eveniet
34683,iure,earum
60668,ullam,laboriosam
43171,id,aliquam
45555,at,impedit
35061,illo,aspernatur
39652,aut,optio
18974,id,dicta
88393,corporis,odio
36639,nobis,suscipit
53128,iusto,qui
76742,vero,sed
42742,occaecati,accusantium
87008,dolorum,exercitationem
77415,qui,dignissimos
29318,minus,laudantium
95790,officiis,provident
14977,repudiandae,molestias
55465,asperiores,animi
56757,ab,ut
65606,itaque,facilis
87632,natus,quam
63556,quaerat,perspiciatis
51418,eius,itaque
77582,voluptatem,earum
24130,debitis,earum
16890,possimus,est
97008,at,fuga
67827,officiis,error
51397,minima,numquam
76715,pariatur,fugit
81979,placeat,quos
38042,ullam,iusto
50554,ex,quaerat
94926,officiis,ipsam
36265,eos,animi
17143,expedita,distinctio
88530,totam,dolorem
94753,ullam,ipsa
87337,dolorem,eveniet
13999,illum,mollitia
11396,rem,quam
96461,recusandae,recusandae
91211,consequuntur,tenetur
12071,sint,accusantium
68175,explicabo,quas
17101,magnam,porro
44068,voluptatum,dignissimos
48650,maiores,magnam
11648,sint,officia
80738,temporibus,aut
34782,blanditiis,veniam
24077,exercitationem,nesciunt
98334,sint,eos
85439,quibusdam,debitis
16018,cupiditate,consequuntur
32312,alias,vitae
18160,pariatur,aliquam
97192,aliquid,in
73683,ipsum,a
45192,ipsum,quaerat
76337,iure,vero
26381,accusantium,officia
69521,voluptatum,fugiat
91637,quidem,nesciunt
14405,vel,dolore
81985,autem,distinctio
81926,eligendi,repellat
73241,libero,deserunt
52601,qui,repellat
51985,rem,nesciunt
85746,omnis,quaerat
93878,aliquam,corrupti
86936,porro,expedita
66320,culpa,asperiores
98296,sapiente,dolorum
38212,itaque,ut
93149,incidunt,tempora
15686,aperiam,deleniti
97508,eligendi,qui
99004,mollitia,rerum
60430,illum,enim
64774,minus,velit
64609,cumque,ducimus
90763,aspernatur,id
67929,ullam,tenetur
85538,reiciendis,facere
38610,illum,repudiandae
69969,sed,et
49962,maiores,culpa
86466,excepturi,eaque
24347,voluptatum,voluptatem
53108,dolores,perspiciatis
82834,facilis,laboriosam
74500,maiores,consequatur
54021,facilis,ipsam
46182,laboriosam,officia
11080,eaque,doloribus
53334,vel,quisquam
32663,sit,aliquam
42670,iusto,rerum
41845,deleniti,corporis
57996,voluptates,sed
70139,cum,maiores
64300,nisi,recusandae
11015,voluptatibus,labore
96399,voluptas,odit
70380,eos,ipsa
63419,officia,atque
96069,occaecati,tenetur
59364,minus,autem
42666,deserunt,eum
93307,beatae,nesciunt
57691,qui,ea
69485,qui,eum
67894,enim,quis
11338,accusantium,ut
83485,incidunt,perferendis
53203,facilis,perferendis
56051,modi,officia
62400,odit,fugiat
26816,aliquam,possimus
62424,asperiores,quisquam
65777,esse,fuga
87393,vitae,itaque
26690,blanditiis,beatae
80444,totam,deleniti
78208,porro,occaecati
39466,vero,est
24109,veniam,voluptatibus
13075,labore,numquam
98496,delectus,aut
22678,numquam,ipsa
55267,natus,distinctio
22521,necessitatibus,mollitia
65693,est,necessitatibus
26694,natus,iure
26650,quia,veniam
86658,alias,asperiores
18929,autem,aliquam
26494,officiis,aliquid
84588,minus,voluptas
99743,adipisci,impedit
29781,delectus,quas
16109,eaque,dolorum
37348,voluptate,natus
75495,similique,excepturi
75773,aperiam,cum
41681,repellendus,delectus
81663,laborum,officiis
17181,aperiam,natus
17787,eveniet,omnis
76612,nulla,deleniti
33404,illum,autem
86880,enim,molestias
20644,quidem,sequi
48650,facilis,sapiente
81271,cum,vel
61824,atque,repudiandae
25501,illum,quidem
72946,doloremque,magnam
92518,asperiores,doloremque
77521,perspiciatis,tempore
79876,quod,ullam
85912,est,fuga
31777,minima,quod
83449,nulla,possimus
43178,eveniet,vero
92442,totam,laudantium
95967,exercitationem,quibusdam
97718,unde,adipisci
32490,blanditiis,enim
79092,expedita,veniam
76303,numquam,delectus
60754,sint,incidunt
42291,porro,quia
77809,id,voluptatum
29425,exercitationem,reprehenderit
82515,veniam,nulla
88432,cupiditate,debitis
82688,iste,aspernatur
49136,quaerat,quam
75245,eaque,dolorem
46771,eum,deserunt
62949,qui,ab
13852,deleniti,optio
34961,minus,amet
31626,nihil,voluptatum
70989,facilis,magnam
90122,deleniti,similique
10732,illum,maxime
15808,suscipit,quisquam
96375,dolore,repellendus
18606,adipisci,dolorem
58103,error,id
86528,quod,accusantium
30110,in,labore
58758,mollitia,excepturi
20338,quis,similique
94966,quis,sapiente
17987,et,ea
66435,fugiat,deserunt
91243,officiis,suscipit
59345,maiores,nobis
39061,deserunt,sit
80832,in,explicabo
39757,quidem,facilis
71012,natus,cupiditate
16111,excepturi,sunt
70096,provident,atque
13560,dolor,voluptate
90918,voluptatem,voluptatem
20107,odit,quia
92094,laudantium,tenetur
27972,quia,alias
24534,ullam,corrupti
44940,ipsa,magni
31354,id,fugit
18514,laudantium,ut
32697,ratione,odit
80160,commodi,tenetur
95072,atque,aliquam
81793,atque,quis
37273,modi,fuga
78121,totam,ab
20055,possimus,corrupti
61322,itaque,similique
79348,autem,distinctio
88955,odio,quo
79488,unde,omnis
12856,rem,itaque
94471,reiciendis,optio
57467,soluta,nostrum
64951,optio,nesciunt
18958,sequi,eius
89061,debitis,minus
55050,tenetur,deserunt
25126,corporis,inventore
76736,laborum,maxime
34979,enim,libero
55423,quam,suscipit
82488,reiciendis,eos
31141,amet,quam
18489,quas,fugiat
83384,nostrum,laboriosam
97855,iste,sit
30315,placeat,natus
61789,aperiam,quidem
16810,minima,ut
92654,neque,temporibus
99785,minima,libero
60685,quo,beatae
57870,voluptatum,non
44060,unde,vel
41708,ex,vero
40282,et,nesciunt
71688,nobis,accusamus
36054,aperiam,cupiditate
26220,ad,expedita
44861,vero,voluptatibus
59443,placeat,repellat
92877,ut,aut
79673,suscipit,excepturi
13678,perferendis,pariatur
69216,quia,facilis
43232,aliquid,excepturi
93278,consequuntur,ullam
34469,porro,officia
20897,laboriosam,id
75576,aut,pariatur
60527,doloribus,quisquam
15658,nesciunt,quia
33578,qui,suscipit
54013,voluptas,a
96069,accusantium,impedit
86877,adipisci,saepe
31939,ex,ea
83799,quia,facere
17941,ab,quibusdam
21297,animi,maiores
86328,exercitationem,odio
76445,corporis,eius
21689,pariatur,vitae
29341,eos,expedita
86200,exercitationem,dolorem
49363,quas,voluptatibus
88175,sequi,velit
33688,sed,cum
26908,delectus,officia
81978,suscipit,voluptatum
11768,impedit,vitae
25670,exercitationem,non
31983,ipsa,praesentium
77851,porro,nulla
95805,vitae,laudantium
88381,fugit,quas
51326,alias,neque
48568,quisquam,molestias
55190,tenetur,numquam
84060,dolorem,officia
54913,fugiat,quaerat
36017,ipsam,quod
14595,facere,repudiandae
95544,natus,a
76629,modi,atque
59808,rerum,ab
40089,quam,velit
92826,unde,corrupti
22080,minima,eaque
42602,eaque,sit
11294,accusantium,quam
81797,nihil,odit
46250,aliquam,ex
60158,similique,commodi
56800,nihil,dignissimos
33110,maiores,ducimus
96631,culpa,veniam
61364,illum,aliquid
36749,quod,tempora
28350,repudiandae,distinctio
18556,iure,eos
43811,quo,in
93356,animi,nam
52184,voluptatibus,unde
44582,distinctio,nulla
72352,explicabo,itaque
30534,necessitatibus,voluptate
59879,atque,nesciunt
21567,incidunt,delectus
80879,reprehenderit,dolorem
66363,explicabo,molestiae
73209,libero,laudantium
62381,ipsa,eos
40946,fugit,amet
17957,qui,at
70456,quisquam,asperiores
36039,vero,iusto
35650,inventore,illo
88261,repellendus,quisquam
43901,blanditiis,dolores
37793,enim,autem
84055,modi,illum
62117,excepturi,occaecati
26641,repudiandae,ea
89174,provident,veritatis
91122,mollitia,odio
98889,occaecati,vero
21995,quisquam,ad
26690,eum,illum
59610,nulla,optio
60858,dignissimos,ratione
99465,animi,laborum
66668,dignissimos,doloribus
89493,dicta,deserunt
64743,hic,repudiandae
96630,accusantium,eaque
71382,quis,rem
53020,eius,nihil
67848,cum,explicabo
83263,quisquam,fugit
90701,neque,soluta
34226,necessitatibus,eos
93751,odio,maiores
43814,ab,aperiam
30284,corporis,consequuntur
19447,odio,laboriosam
30838,distinctio,eaque
71099,delectus,modi
56211,ut,illo
14448,quae,cumque
37069,numquam,ab
69509,earum,iure
23318,sequi,eius
52307,delectus,a
43839,cupiditate,architecto
61612,numquam,quaerat
35282,eum,enim
49014,eaque,non
99349,doloremque,nisi
98020,est,libero
71461,numquam,tenetur
81584,itaque,veniam
72895,totam,at
71130,nam,temporibus
47715,temporibus,veritatis
35823,quos,animi
60490,sapiente,ullam
82148,ad,quibusdam
84217,adipisci,eveniet
29751,distinctio,repellat
74105,inventore,vero
55703,voluptates,doloribus
79023,perferendis,dolore
63778,natus,nobis
24328,eaque,eum
96419,quo,repellendus
42919,molestias,ab
70857,in,animi
23599,molestias,consequuntur
67192,laborum,dolore
47136,ipsa,eum
83117,quo,quidem
24528,veritatis,praesentium
55182,ad,minima
59165,quae,iste
61199,exercitationem,quam
16853,sequi,magnam
15325,recusandae,ipsum
27745,sequi,odit
16882,sequi,nihil
73965,repellendus,ullam
88301,neque,placeat
72575,consequatur,amet
22653,minima,perferendis
50985,quidem,esse
63371,id,consectetur
24030,dolorum,quaerat
67443,maxime,libero
65020,adipisci,aut
53063,quos,assumenda
92532,ipsum,aliquam
13999,doloremque,laborum
78222,sint,libero
50092,sint,earum
65001,iusto,placeat
35178,ipsa,magnam
37954,pariatur,officiis
76215,deleniti,saepe
28630,optio,cupiditate
49743,veritatis,cupiditate
50230,eius,illum
21878,magni,reprehenderit
90267,tempora,enim
54621,eligendi,dolorum
79565,voluptatum,maxime
15226,similique,fugiat
82291,quis,officia
17893,maxime,praesentium
68791,itaque,voluptatum
37221,mollitia,est
89943,consectetur,aspernatur
84407,voluptatem,aspernatur
47621,porro,iure
15859,vitae,quam
73257,dolore,quidem
68679,consequuntur,cupiditate
46954,ab,qui
77184,doloribus,quia
80251,suscipit,cum
58857,nisi,fugit
10936,repellat,reprehenderit
87835,minus,aliquid
54298,dolor,sequi
89328,cupiditate,possimus
64319,tempore,minus
67861,nihil,quia
89557,maiores,earum
45809,consequuntur,temporibus
86081,error,officia
60245,temporibus,nulla
62098,mollitia,quae
86783,animi,voluptatem
98903,laboriosam,soluta
10888,impedit,dignissimos
56035,iusto,itaque
64090,odio,maiores
46439,quasi,veniam
42338,repudiandae,itaque
11120,omnis,est
61534,nisi,sunt
34020,alias,minima
84537,possimus,nihil
65562,optio,error
26340,sequi,quod
72308,tempora,voluptas
93402,velit,hic
76561,ad,totam
93581,molestias,doloribus
58795,tempora,possimus
58663,sequi,suscipit
33224,totam,ab
64525,earum,minus
53327,excepturi,fuga
59472,provident,libero
31836,et,magnam
97144,similique,animi
62010,voluptatum,beatae
39606,sequi,impedit
69974,aliquid,mollitia
51959,similique,tenetur
22181,id,quisquam
21589,corrupti,iste
15439,quo,unde
50983,eligendi,incidunt
71722,sed,distinctio
82181,fugiat,minima
91298,deleniti,architecto
15762,cupiditate,reiciendis
64696,perspiciatis,nisi
20465,porro,sint
64397,hic,natus
61648,doloribus,minus
64157,labore,incidunt
69663,id,sequi
18730,similique,quod
99057,labore,sunt
64226,magnam,magnam
48808,deleniti,adipisci
76845,ipsa,sunt
73629,vel,a
60026,repudiandae,placeat
36547,nihil,perferendis
49675,rerum,sapiente
97472,cum,dolore
55495,suscipit,officia
35917,doloremque,rerum
76205,excepturi,perspiciatis
86537,temporibus,est
69276,vero,cumque
93719,quasi,modi
33853,impedit,fugiat
84452,neque,deserunt
36652,atque,ea
79761,consequatur,quia
49079,doloribus,sint
27233,dolor,praesentium
45072,error,harum
24439,mollitia,harum
10661,at,vitae
60320,officiis,dolorum
64302,sapiente,accusantium
14293,excepturi,eligendi
70149,aliquam,dignissimos
15035,quasi,labore
11458,ex,minus
27353,repudiandae,quae
22779,quia,voluptate
47520,voluptates,commodi
37756,quo,enim
82240,velit,placeat
76977,dicta,voluptas
12945,quae,iste
61639,reiciendis,sed
26290,nisi,doloremque
48721,quod,autem
53819,quia,natus
46673,fuga,labore
43477,officiis,accusantium
83243,animi,autem
14986,fugiat,ab
30320,quo,blanditiis
96268,doloribus,pariatur
39736,quibusdam,blanditiis
25929,quia,magnam
12324,quos,quo
57160,voluptatem,magni
33012,tempore,veniam
11104,autem,eveniet
33321,quasi,voluptate
31480,quaerat,delectus
92896,itaque,atque
19631,sequi,ad
86204,aspernatur,aperiam
72347,praesentium,doloribus
18147,dolorem,vero
99969,rem,mollitia
36745,sequi,odit
57267,qui,animi
87307,voluptas,fugiat
55212,qui,eum
29494,consequuntur,dolorum
30655,omnis,recusandae
16546,architecto,quae
49879,ducimus,vero
67124,necessitatibus,impedit
43921,assumenda,rem
14142,quos,odio
65506,occaecati,tempore
50364,repellendus,enim
99694,dolorem,repellat
78907,aliquid,odio
62617,modi,molestiae
58028,aliquid,alias
97024,est,porro
85678,repellendus,esse
12422,eaque,nisi
19804,nihil,consequatur
73808,id,libero
13562,repellat,sed
79071,quod,magni
86050,impedit,voluptates
57948,rerum,consequatur
28495,ut,deleniti
57023,nulla,nemo
95230,nemo,dolore
37551,molestiae,ipsum
29850,sapiente,ad
98508,iste,provident
46844,deserunt,eaque
47061,blanditiis,nisi
96387,quis,autem
94021,quae,adipisci
27102,dolor,iusto
25422,placeat,iure
11980,quam,nesciunt
34306,doloremque,accusamus
22685,laboriosam,quam
15271,tempora,repellat
72305,pariatur,ea
54471,tempore,autem
52204,asperiores,nesciunt
63013,consequatur,perspiciatis
77385,nihil,aliquam
59712,enim,est
17007,ipsum,omnis
97373,ea,culpa
66935,sequi,sunt
14633,omnis,nisi
40960,dolorum,eligendi
52632,possimus,quibusdam
27450,odit,numquam
18782,iste,assumenda
91307,non,earum
75645,numquam,libero
94039,natus,consequatur
73687,eius,nostrum
65060,ut,deserunt
84278,inventore,repudiandae
60073,odit,ipsum
23971,possimus,ipsa
37297,architecto,ex
55316,cumque,cum
82497,ipsum,provident
29493,suscipit,tenetur
59129,numquam,hic
94309,delectus,qui
83498,totam,cumque
21418,quo,esse
10167,repellat,impedit
33253,aspernatur,totam
97152,porro,numquam
65234,neque,quasi
81568,delectus,enim
87523,veniam,unde
77026,atque,ipsam
89740,nisi,doloribus
62514,doloribus,officia
34743,asperiores,consectetur
43776,nesciunt,distinctio
38468,perferendis,aliquid
24751,quibusdam,officiis
61417,quo,eveniet
84464,distinctio,et
97961,fugit,consequatur
29753,aut,enim
93297,corporis,impedit
64499,culpa,accusamus
94052,expedita,minima
33152,numquam,ad
40416,id,velit
43482,dolores,ipsum
86430,rem,error
17470,ullam,assumenda
29494,necessitatibus,eaque
10865,voluptates,mollitia
19126,officiis,ipsam
27846,vero,odio
37115,ad,amet
54681,vitae,quasi
10223,eligendi,ex
23552,ducimus,perspiciatis
65646,corporis,quo
89676,expedita,ut
12393,repellat,alias
34506,distinctio,quidem
43205,nostrum,totam
28509,cum,officia
36915,fugiat,eos
37493,praesentium,eius
39446,at,magni
51250,adipisci,optio
67285,nisi,consectetur
41900,dolor,magni
93598,aspernatur,quos
85208,voluptatem,explicabo
67497,voluptas,temporibus
85575,eius,iste
17661,dolorem,aut
27545,libero,aperiam
56183,praesentium,quam
74854,repudiandae,saepe
68108,architecto,amet
62724,dolore,eligendi
64615,voluptates,quasi
16976,temporibus,hic
89855,ab,nesciunt
74055,eos,eius
65126,molestias,eos
25474,facilis,cum
27762,excepturi,architecto
42650,occaecati,maiores
75544,ut,aspernatur
99871,minus,repellendus
86084,inventore,quam
32047,laudantium,officiis
79235,quam,aliquam
94825,et,nobis
39974,commodi,consequatur
35846,commodi,corrupti
68802,provident,expedita
67505,quos,doloribus
33618,iusto,voluptatem
34495,ut,quis
81183,recusandae,itaque
63924,fugiat,iure
24703,quae,et
46143,sapiente,molestias
77829,officiis,asperiores
49397,blanditiis,minima
83280,error,ea
86406,sint,tempora
26372,fuga,ut
32835,nisi,dicta
49419,ipsa,itaque
89152,fugit,eum
81006,delectus,animi
18685,illo,repellendus
79387,dolorum,aliquam
10413,et,ratione
80153,ratione,quaerat
90652,omnis,consequatur
46288,culpa,repudiandae
93483,suscipit,in
66631,molestias,ullam
68146,dolores,cumque
31031,ipsa,explicabo
95187,hic,beatae
90927,aperiam,at
21402,in,fugit
37499,odit,doloremque
12531,labore,neque
80512,aliquam,magnam
66391,deserunt,rem
16309,repellat,harum
26231,aliquid,repudiandae
42819,assumenda,rem
29430,magni,inventore
21141,ea,praesentium
98707,unde,accusamus
98901,assumenda,consequatur
31260,minima,laboriosam
45298,natus,rerum
85425,voluptatem,delectus
32469,ipsam,consequuntur
74446,minus,quisquam
47992,nobis,magnam
90794,corporis,alias
36945,vel,ducimus
29907,cupiditate,itaque
32679,eaque,officiis
40827,ipsam,quo
29904,cumque,sapiente
24918,hic,aspernatur
14750,laborum,molestiae
88546,maiores,et
26696,explicabo,assumenda
47941,debitis,eos
54918,atque,nostrum
50411,doloribus,explicabo
27712,rem,doloribus
81660,quam,sapiente
33131,repellat,adipisci
27384,fuga,consectetur
67158,et,dicta
17500,cupiditate,quo
71936,dolorem,occaecati
97445,recusandae,sed
48291,quibusdam,autem
82120,pariatur,quod
77786,doloremque,perspiciatis
28950,reiciendis,nesciunt
35704,neque,necessitatibus
10106,architecto,cupiditate
70876,aliquid,tempora
71455,totam,culpa
94364,nemo,dolorum
36363,voluptatibus,architecto
59979,repellendus,ducimus
69822,facilis,earum
99352,impedit,sit
24145,totam,ex
96223,quasi,earum
80927,sequi,maiores
90212,non,eum
32719,eveniet,error
98447,harum,delectus
55632,iusto,illo
80108,ab,quas
84896,iste,perferendis
71721,veniam,error
89249,aperiam,unde
58089,odio,eius
83854,laudantium,ea
46603,accusantium,maiores
33062,libero,tempora
77521,unde,reprehenderit
31936,quidem,maiores
54527,delectus,error
50431,a,molestiae
49317,at,laboriosam
50795,et,vero
49712,aliquam,nisi
46291,ipsum,pariatur
41132,inventore,dicta
23925,consequatur,sapiente
30236,doloremque,magnam
14019,cumque,suscipit
38744,nemo,dolorum
67849,et,tempora
36554,tempora,similique
27460,consequuntur,blanditiis
23152,voluptas,assumenda
79758,ducimus,dolorum
72812,maiores,facere
57188,corporis,adipisci
34079,ullam,maiores
41754,laborum,eum
15236,dolorem,officiis
84828,tempore,excepturi
74802,saepe,voluptatum
92846,optio,animi
69223,delectus,sapiente
34573,doloremque,numquam
97494,similique,vitae
65312,sint,sed
78074,totam,pariatur
12945,aliquam,sit
82833,impedit,eaque
52487,ullam,eius
90167,distinctio,fugiat
39755,ipsum,quae
85410,ducimus,vel
47514,atque,incidunt
14871,quos,quo
75461,occaecati,similique
38781,voluptatem,magni
65711,blanditiis,officiis
37649,voluptatibus,similique
99256,dicta,atque
62168,ipsa,quam
39658,eveniet,distinctio
10950,eum,maxime
41607,alias,magnam
19712,aperiam,incidunt
11883,adipisci,magni
21919,hic,eos
52342,cumque,corrupti
19279,architecto,dolorum
92012,libero,dignissimos
34866,porro,fuga
15538,sed,veniam
46100,sequi,laudantium
19651,facere,assumenda
81498,ipsum,quam
56805,dignissimos,beatae
68488,suscipit,cupiditate
92204,aspernatur,illum
31547,illum,animi
40337,recusandae,nobis
51772,itaque,ex
68500,blanditiis,et
56512,similique,dolore
45721,vitae,ad
71945,consectetur,qui
25704,magni,pariatur
68212,quia,deleniti
29565,accusamus,voluptatum
85836,libero,nisi
21532,perspiciatis,laboriosam
24054,molestias,hic
37143,voluptatibus,ipsa
11071,doloremque,veritatis
70228,excepturi,fuga
46352,doloribus,facere
12037,commodi,veniam
73296,nam,deserunt
36317,beatae,necessitatibus
70576,reiciendis,blanditiis
70843,alias,dolorem
23280,maxime,modi
39914,voluptatum,corporis
43696,incidunt,ratione
97197,quisquam,vel
82228,excepturi,consequatur
44192,omnis,recusandae
55597,reprehenderit,ut
55535,odit,eius
25949,perferendis,voluptas
33185,atque,ut
25421,ex,quia
50649,ullam,accusantium
78678,tempora,laborum
98807,ut,ex
85485,dolores,perspiciatis
12028,sequi,suscipit
23999,mollitia,repudiandae
63415,delectus,totam
90778,necessitatibus,atque
12873,iure,minus
38287,similique,hic
14254,vero,laboriosam
77784,autem,tempora
67802,sit,quas
54992,natus,officiis
21152,ullam,ea
32366,tempore,ipsum
33272,ad,temporibus
94738,deserunt,minima
96199,nobis,veniam
28795,eligendi,accusamus
61360,vel,libero
61510,similique,corrupti
