agent_id,total_calls,resolution_rate,coll_efficiency_perc
odit,illo,molestiae,ipsam
quis,veritatis,quos,odit
cumque,perspiciatis,placeat,veniam
officiis,molestiae,voluptatum,accusantium
rem,autem,debitis,recusandae
laudantium,vero,sunt,enim
voluptate,ea,incidunt,sapiente
at,quisquam,adipisci,tenetur
pariatur,quibusdam,eius,odio
perspiciatis,provident,possimus,asperiores
incidunt,eius,nostrum,minima
voluptatem,incidunt,laboriosam,eos
reiciendis,pariatur,iusto,culpa
sit,tempore,nihil,perferendis
saepe,odit,doloribus,incidunt
eos,laudantium,laudantium,deleniti
laboriosam,provident,consequuntur,excepturi
vero,pariatur,architecto,laudantium
quasi,ipsam,atque,accusantium
aut,autem,aliquid,beatae
autem,vitae,error,laboriosam
aspernatur,voluptatibus,necessitatibus,aliquid
quae,aperiam,placeat,consequuntur
inventore,doloribus,impedit,voluptas
ducimus,quam,sapiente,veritatis
consequuntur,voluptatum,laborum,maxime
totam,exercitationem,accusamus,ea
placeat,earum,autem,deleniti
assumenda,at,officia,quos
omnis,mollitia,iusto,animi
labore,distinctio,quod,nesciunt
delectus,deleniti,accusantium,aspernatur
modi,non,iusto,delectus
nihil,nulla,amet,odit
explicabo,praesentium,omnis,dolor
perferendis,vel,ipsum,beatae
soluta,atque,laboriosam,laborum
repellendus,voluptate,nobis,eligendi
occaecati,excepturi,earum,corrupti
nulla,atque,quam,veniam
illo,debitis,minima,harum
placeat,facilis,hic,quasi
tenetur,aliquam,consequatur,quos
at,aliquid,ipsum,alias
aliquam,numquam,eveniet,veniam
occaecati,possimus,dolor,soluta
autem,modi,ex,error
atque,aspernatur,nobis,repellendus
nemo,culpa,nostrum,sint
adipisci,dolorum,officia,cumque
nostrum,sapiente,ducimus,fugit
minima,suscipit,rerum,quibusdam
assumenda,deserunt,nobis,labore
quasi,aliquam,quos,sunt
nihil,minima,quasi,molestiae
fugit,deleniti,illum,quas
quam,adipisci,architecto,fugit
eaque,quisquam,itaque,magni
ab,quod,itaque,aspernatur
corrupti,autem,adipisci,veniam
dolor,nulla,neque,voluptate
ipsam,minus,veritatis,doloremque
incidunt,officiis,nostrum,laboriosam
voluptas,iste,exercitationem,praesentium
fugiat,maiores,tenetur,delectus
ullam,modi,a,amet
quibusdam,rem,non,laudantium
fuga,praesentium,voluptatibus,dolore
fuga,omnis,tempore,provident
velit,mollitia,animi,eveniet
consequatur,aut,cum,accusamus
quidem,nesciunt,vitae,ad
assumenda,perferendis,temporibus,ad
vel,nemo,excepturi,magnam
doloremque,at,animi,accusamus
blanditiis,iure,delectus,voluptatum
tempore,nam,culpa,minus
nisi,vitae,dignissimos,necessitatibus
doloribus,atque,magni,ab
quo,eaque,ullam,hic
ipsum,molestiae,soluta,beatae
tenetur,dicta,dicta,commodi
minima,eum,tempore,nesciunt
excepturi,saepe,cupiditate,dolorum
quas,sapiente,voluptas,sint
consequuntur,minima,veritatis,iste
voluptas,eum,magnam,numquam
dolor,recusandae,illum,expedita
perspiciatis,officia,eos,culpa
quibusdam,qui,tempora,illum
praesentium,error,distinctio,exercitationem
perspiciatis,ipsam,ratione,quaerat
officiis,repellendus,minus,harum
dolorem,ab,perspiciatis,aperiam
magni,tempore,in,impedit
eveniet,molestiae,exercitationem,atque
culpa,non,adipisci,error
doloremque,incidunt,quasi,optio
occaecati,deserunt,nulla,blanditiis
nemo,cumque,ratione,voluptatibus
adipisci,sunt,harum,iste
veniam,quae,laudantium,laborum
est,itaque,repellendus,dolorem
quos,voluptate,deleniti,optio
voluptatibus,sequi,quidem,ullam
sapiente,officia,rem,velit
magni,ut,amet,sint
sequi,pariatur,sequi,laboriosam
consectetur,omnis,atque,sit
nihil,porro,nam,tempore
quo,sunt,magni,temporibus
laudantium,temporibus,ad,laboriosam
quae,debitis,tempora,assumenda
ducimus,sapiente,saepe,aliquam
doloribus,similique,minus,vitae
incidunt,accusantium,voluptatem,ullam
sed,sint,quibusdam,reiciendis
assumenda,molestias,repudiandae,hic
doloribus,corrupti,esse,nesciunt
nemo,quo,ab,velit
unde,corporis,corrupti,id
veniam,hic,possimus,perferendis
praesentium,tempora,laborum,sequi
voluptas,blanditiis,tempore,libero
sint,quaerat,perferendis,et
doloremque,culpa,rerum,vitae
ipsa,impedit,velit,illo
maxime,quasi,in,odio
ducimus,nemo,recusandae,perferendis
nulla,sit,magni,fugit
quidem,porro,accusamus,nobis
error,nam,reprehenderit,fugiat
culpa,delectus,veniam,animi
rem,saepe,magnam,nemo
hic,quas,reiciendis,illum
earum,quos,placeat,aperiam
ab,ea,laborum,vel
laboriosam,ex,commodi,exercitationem
sint,provident,odio,quidem
tempora,quibusdam,quo,sequi
ad,saepe,debitis,inventore
eveniet,dolores,vero,quos
veniam,voluptatibus,corrupti,dolorum
enim,maxime,delectus,atque
rerum,saepe,ipsa,nostrum
impedit,voluptates,aspernatur,ab
commodi,autem,commodi,quia
laborum,alias,sed,blanditiis
nobis,at,eum,tempore
laudantium,similique,quisquam,doloremque
veritatis,exercitationem,unde,modi
rerum,rem,omnis,ducimus
culpa,vero,quia,maiores
nobis,id,optio,exercitationem
numquam,enim,molestiae,asperiores
earum,modi,doloribus,hic
iure,sint,dolor,iure
quam,sequi,inventore,ipsa
cupiditate,dolorum,suscipit,adipisci
sint,ducimus,quasi,occaecati
laudantium,nobis,ea,placeat
dolor,consequuntur,distinctio,praesentium
quas,libero,iure,tempora
alias,nihil,eos,sint
dicta,modi,provident,eos
saepe,facilis,nostrum,incidunt
perspiciatis,atque,consequatur,laborum
magnam,quo,inventore,sint
eaque,aut,dolores,eum
eaque,laborum,temporibus,assumenda
quidem,impedit,nesciunt,sunt
dolor,architecto,hic,natus
error,itaque,error,recusandae
animi,sunt,dolorum,quisquam
facilis,totam,ipsa,odio
odit,quaerat,dignissimos,sunt
cumque,eligendi,neque,ipsa
illum,possimus,deleniti,accusamus
mollitia,aspernatur,saepe,mollitia
nam,a,fugit,quas
incidunt,alias,tempore,unde
tenetur,tempore,reprehenderit,cumque
tenetur,ab,ab,beatae
necessitatibus,ex,culpa,quisquam
cumque,quasi,corrupti,aut
officia,consequuntur,nobis,natus
dolores,deleniti,nobis,doloremque
porro,modi,at,quaerat
autem,numquam,eos,similique
quasi,quas,doloribus,saepe
harum,inventore,officiis,aspernatur
quam,eum,architecto,odit
nemo,eligendi,cupiditate,accusamus
iure,pariatur,nam,illo
pariatur,nihil,asperiores,cupiditate
delectus,quos,cumque,ipsum
similique,unde,dolor,distinctio
odit,explicabo,eligendi,ipsam
numquam,neque,hic,quos
molestias,expedita,tenetur,aliquid
nemo,dolorem,architecto,in
repudiandae,quaerat,est,quaerat
corporis,magni,ratione,aliquid
temporibus,natus,unde,at
voluptates,mollitia,natus,odit
perspiciatis,quibusdam,perferendis,consectetur
voluptatem,cumque,sed,atque
assumenda,aliquid,laudantium,numquam
ipsa,possimus,eveniet,nulla
eum,impedit,quo,minima
placeat,officia,voluptas,dolorem
eveniet,ab,iure,maxime
iure,placeat,illo,rem
quam,dolor,assumenda,cumque
reprehenderit,eligendi,exercitationem,ullam
excepturi,expedita,mollitia,vel
provident,libero,rem,ex
autem,similique,quos,ratione
recusandae,dolores,sunt,vero
odio,placeat,ipsam,nisi
repellat,ex,esse,soluta
laboriosam,sint,est,eos
voluptatum,omnis,quaerat,minima
praesentium,repudiandae,laboriosam,eum
iusto,dolorem,alias,beatae
voluptates,a,ex,minus
molestias,soluta,nesciunt,nisi
ducimus,maiores,officiis,ipsa
asperiores,sapiente,provident,voluptatem
molestiae,adipisci,atque,ex
esse,perferendis,illo,est
reprehenderit,reiciendis,exercitationem,optio
veniam,impedit,cumque,in
laboriosam,eius,dicta,dolorem
nesciunt,repudiandae,expedita,distinctio
aut,ea,voluptatum,ad
error,nobis,vero,veniam
sunt,at,vero,a
velit,corporis,perspiciatis,incidunt
laboriosam,nisi,voluptas,aut
odit,recusandae,beatae,nemo
incidunt,eveniet,unde,placeat
voluptas,quis,occaecati,minus
aliquam,temporibus,distinctio,natus
illum,cum,assumenda,sapiente
assumenda,molestiae,dignissimos,aut
repellendus,delectus,ab,voluptatum
voluptatem,amet,officiis,at
vitae,dolor,maxime,omnis
voluptatem,dolor,suscipit,similique
quasi,ea,expedita,ratione
optio,fuga,harum,modi
omnis,necessitatibus,natus,molestiae
mollitia,voluptatibus,ducimus,deserunt
quam,vitae,omnis,consequatur
totam,ea,et,autem
dolore,tempora,voluptates,itaque
ullam,cumque,architecto,eligendi
consectetur,numquam,libero,quos
maiores,reprehenderit,eligendi,ducimus
consectetur,doloremque,asperiores,nisi
deleniti,ducimus,eligendi,debitis
dignissimos,magni,incidunt,nobis
odio,nulla,ducimus,totam
repellat,rem,beatae,laborum
incidunt,aliquid,reiciendis,pariatur
quaerat,magnam,laudantium,ea
eius,consectetur,voluptatibus,earum
quod,omnis,laborum,voluptatem
explicabo,saepe,culpa,ab
aliquid,fugiat,voluptas,modi
blanditiis,autem,dolorum,repudiandae
vitae,optio,sequi,quos
ipsam,minima,tenetur,perspiciatis
sit,tenetur,accusantium,totam
esse,libero,voluptatum,corrupti
labore,molestias,eius,quod
placeat,velit,quasi,maxime
soluta,sapiente,vero,optio
laudantium,explicabo,consequuntur,neque
sit,illum,delectus,recusandae
fuga,fugit,explicabo,iste
quos,ad,quis,placeat
non,perferendis,animi,voluptate
eius,modi,dolor,blanditiis
a,culpa,culpa,sequi
natus,eaque,eaque,iure
vel,cum,nam,tempora
doloribus,repellendus,assumenda,enim
earum,porro,corrupti,vel
enim,quo,distinctio,a
sed,nobis,quod,tempora
officiis,modi,rerum,est
nemo,modi,tempore,dignissimos
laboriosam,aspernatur,cumque,architecto
aut,qui,provident,dolores
sequi,hic,harum,ut
iure,autem,repellendus,culpa
voluptatum,fugit,est,similique
neque,illo,impedit,nam
nesciunt,qui,quam,in
quod,odit,dignissimos,hic
vero,minus,ex,cupiditate
veniam,id,commodi,eligendi
fuga,vitae,tempora,ipsam
cupiditate,saepe,repellendus,veniam
odit,esse,sequi,dicta
et,illum,minima,eius
sequi,doloremque,a,sit
occaecati,velit,distinctio,voluptatem
explicabo,magnam,non,adipisci
eius,eos,cum,quidem
facilis,qui,neque,nihil
ab,excepturi,perferendis,eveniet
numquam,natus,earum,earum
culpa,cupiditate,expedita,dolore
molestiae,quod,omnis,sequi
aperiam,sapiente,expedita,velit
adipisci,veritatis,saepe,vero
amet,molestias,maiores,facilis
recusandae,modi,quidem,sequi
atque,eligendi,iure,rem
similique,nihil,necessitatibus,odio
voluptatum,sint,nulla,odio
quibusdam,voluptatibus,nihil,ad
dignissimos,cum,ex,animi
rem,et,eos,quis
necessitatibus,facilis,nam,qui
a,alias,autem,aliquam
qui,officiis,dolorum,incidunt
cupiditate,nihil,iste,illum
libero,numquam,minus,cumque
deleniti,fugit,non,dolorum
quisquam,nisi,natus,reprehenderit
voluptatibus,deserunt,incidunt,fuga
soluta,similique,aspernatur,nobis
eligendi,eos,sit,perferendis
molestiae,nihil,quos,ea
quis,molestiae,cupiditate,beatae
quasi,libero,deserunt,reiciendis
dignissimos,eum,necessitatibus,repellendus
aspernatur,quod,dolor,voluptatibus
totam,a,inventore,ex
accusamus,inventore,aperiam,iure
perspiciatis,perferendis,itaque,maxime
earum,maiores,porro,reiciendis
quo,ratione,quos,sequi
sit,voluptatem,corporis,itaque
reiciendis,occaecati,id,facilis
numquam,eligendi,eaque,quaerat
omnis,reprehenderit,excepturi,adipisci
tempore,tempora,ab,temporibus
vel,saepe,quae,minus
asperiores,accusamus,perspiciatis,odit
adipisci,reiciendis,modi,dicta
blanditiis,explicabo,reprehenderit,labore
consequatur,quod,repudiandae,asperiores
nulla,velit,aliquam,commodi
esse,non,nam,ad
veritatis,praesentium,totam,rem
natus,deserunt,eaque,quae
provident,voluptate,iusto,temporibus
libero,non,temporibus,delectus
reprehenderit,blanditiis,commodi,illo
neque,ullam,consequuntur,placeat
voluptas,est,placeat,porro
corporis,aliquid,tempore,reiciendis
qui,nobis,laudantium,adipisci
aliquam,eos,doloremque,ut
optio,ad,reiciendis,dolorem
esse,voluptate,cumque,enim
in,facere,eum,officia
ea,perferendis,suscipit,vero
esse,quod,quas,dolor
minima,rerum,reprehenderit,ducimus
aliquam,explicabo,laboriosam,quaerat
neque,recusandae,dignissimos,hic
nemo,facere,illo,eveniet
soluta,aperiam,maxime,ratione
sapiente,debitis,blanditiis,iusto
est,fuga,similique,sapiente
ducimus,provident,a,earum
consectetur,exercitationem,earum,laborum
consequatur,doloribus,eos,neque
dicta,dolor,corrupti,maxime
doloribus,sequi,temporibus,nisi
praesentium,occaecati,perspiciatis,optio
perspiciatis,perferendis,impedit,nisi
id,dolorum,voluptatum,laudantium
possimus,facilis,perferendis,inventore
non,ex,nobis,perspiciatis
aut,nihil,magnam,in
optio,odit,quo,culpa
aut,odit,laudantium,illo
fuga,vitae,cupiditate,facere
eius,esse,cumque,architecto
nisi,dolor,iusto,quidem
tempore,itaque,accusamus,sunt
possimus,hic,suscipit,nam
minus,labore,possimus,harum
in,quo,dolorum,facere
consequuntur,ducimus,laudantium,at
provident,illo,placeat,dolorum
officia,dolorem,temporibus,dicta
suscipit,excepturi,et,maiores
sed,cupiditate,sit,labore
et,dolor,culpa,maxime
praesentium,tenetur,saepe,repellat
ipsam,voluptatem,voluptates,tempore
doloribus,doloremque,voluptatem,tenetur
omnis,enim,culpa,asperiores
libero,necessitatibus,nisi,hic
autem,illum,reiciendis,pariatur
maiores,sint,iste,harum
assumenda,architecto,aperiam,dolore
voluptatum,libero,possimus,eaque
molestias,beatae,eaque,tempora
harum,est,atque,numquam
voluptatem,eos,at,libero
quam,qui,libero,saepe
incidunt,rem,autem,vero
architecto,fugiat,repellat,sed
repudiandae,velit,atque,cumque
ad,mollitia,eaque,eius
laborum,voluptates,est,reprehenderit
maiores,deserunt,iste,enim
accusamus,nostrum,excepturi,accusantium
ducimus,aliquam,sit,quisquam
est,quaerat,asperiores,aspernatur
tempora,illum,iste,dolorum
quam,aut,veniam,a
enim,ipsam,maiores,asperiores
id,modi,tenetur,odio
aspernatur,quo,enim,dolores
ad,tenetur,est,voluptatibus
cupiditate,laborum,porro,dolorum
odio,quam,et,libero
ea,modi,ipsum,voluptate
doloremque,neque,ut,perspiciatis
corporis,animi,labore,pariatur
nulla,exercitationem,delectus,voluptatum
aspernatur,quae,neque,iusto
iure,quidem,aliquam,atque
dolorum,tenetur,fuga,possimus
deserunt,at,consequatur,sunt
et,cumque,amet,explicabo
cum,non,quos,itaque
delectus,quidem,corporis,minus
reprehenderit,veritatis,similique,quod
maiores,odio,eaque,eaque
fuga,aut,quas,eveniet
deleniti,excepturi,ut,nihil
libero,eligendi,necessitatibus,fuga
deleniti,sunt,nobis,facere
numquam,dolores,laudantium,deleniti
repudiandae,vitae,recusandae,repellat
iste,dolor,eum,doloremque
corporis,debitis,odio,quia
minus,placeat,saepe,illo
tenetur,enim,reprehenderit,nemo
a,quia,itaque,vero
sit,illum,deserunt,quo
dignissimos,odit,neque,ipsam
placeat,at,ratione,repellendus
perferendis,assumenda,sequi,aliquid
repellendus,quo,enim,odit
non,eum,deleniti,soluta
aut,quis,commodi,quas
dolorem,explicabo,ex,repudiandae
a,esse,voluptate,repellendus
praesentium,ullam,autem,sapiente
perspiciatis,modi,officiis,quidem
cumque,assumenda,voluptatibus,placeat
illo,officia,perspiciatis,veritatis
similique,praesentium,aut,odio
eius,voluptate,nesciunt,soluta
officiis,atque,unde,recusandae
incidunt,ullam,natus,omnis
perspiciatis,amet,hic,vero
qui,blanditiis,eveniet,porro
at,molestias,placeat,ipsa
accusantium,dolore,iusto,ut
velit,commodi,est,voluptatum
consequatur,voluptatem,illum,cumque
in,voluptas,quisquam,ipsam
vitae,nam,modi,cumque
veritatis,incidunt,voluptatem,at
laudantium,quaerat,modi,cumque
quidem,officia,dolorem,minus
nostrum,corporis,modi,nemo
rerum,veritatis,esse,distinctio
qui,rem,rerum,occaecati
a,repellat,nisi,recusandae
accusantium,tempora,quia,architecto
reprehenderit,iste,itaque,possimus
totam,error,labore,eius
laboriosam,beatae,perspiciatis,veritatis
consectetur,eum,minima,delectus
autem,libero,maiores,possimus
iure,alias,inventore,excepturi
pariatur,blanditiis,hic,quae
aperiam,reprehenderit,sed,facilis
temporibus,aspernatur,praesentium,eius
possimus,amet,dolore,praesentium
maxime,ut,velit,distinctio
amet,neque,mollitia,eum
nobis,possimus,saepe,nesciunt
incidunt,in,ea,tempora
laudantium,iure,nobis,quidem
at,laborum,expedita,sunt
voluptates,cum,magni,itaque
aspernatur,repellat,maxime,quod
facilis,nesciunt,a,facere
rem,voluptas,excepturi,optio
nulla,incidunt,atque,eligendi
perspiciatis,saepe,porro,nobis
ut,perspiciatis,molestias,minus
ducimus,maiores,molestias,sapiente
nostrum,recusandae,animi,veniam
ut,officiis,atque,deleniti
exercitationem,perferendis,repellendus,dolorem
optio,quae,sint,saepe
quidem,quisquam,amet,distinctio
reiciendis,voluptatem,molestias,odio
odio,dolorum,repellat,porro
corrupti,a,praesentium,libero
ut,minus,tenetur,explicabo
cumque,quod,officiis,animi
dicta,dolorum,iusto,consectetur
reprehenderit,vitae,quisquam,iste
eius,eum,animi,rerum
pariatur,ab,nostrum,quod
quae,at,voluptatibus,ullam
architecto,modi,optio,quas
saepe,enim,dolor,fugit
tempore,pariatur,rerum,tempore
modi,velit,quidem,consectetur
quod,consequuntur,exercitationem,repudiandae
quod,quasi,cum,quas
est,libero,quod,dolor
fugit,voluptatem,sed,consequatur
at,expedita,repudiandae,fuga
recusandae,laudantium,perspiciatis,deleniti
repellendus,dolores,ullam,quod
nisi,laudantium,ipsam,libero
ad,necessitatibus,maxime,hic
sit,earum,aut,nihil
facere,eligendi,perspiciatis,explicabo
est,mollitia,a,deleniti
aperiam,sed,ut,quia
earum,itaque,accusantium,rem
culpa,magni,vero,harum
quibusdam,molestias,vel,totam
inventore,illum,reiciendis,aspernatur
nisi,dolore,assumenda,ipsum
molestiae,neque,minus,error
expedita,incidunt,totam,quasi
optio,exercitationem,nemo,quibusdam
aperiam,neque,vitae,libero
dolorem,doloremque,repudiandae,sunt
perferendis,neque,nesciunt,tenetur
et,minus,perspiciatis,magni
aspernatur,deleniti,quo,id
esse,vitae,aut,dolore
praesentium,sapiente,ducimus,dolorem
illum,quae,consequuntur,illo
odit,ullam,vero,voluptate
commodi,quam,omnis,cumque
beatae,vero,error,consequatur
ut,voluptas,distinctio,ipsam
esse,placeat,quas,illum
odio,possimus,repudiandae,quas
veniam,quo,quisquam,accusantium
veniam,ullam,facilis,incidunt
sint,optio,et,numquam
omnis,laboriosam,reiciendis,dolores
eos,quas,quis,similique
occaecati,aspernatur,quidem,quae
voluptatum,mollitia,ipsa,rem
consectetur,nemo,vero,maxime
corrupti,praesentium,porro,soluta
deserunt,ad,veritatis,vitae
officiis,numquam,officiis,illo
quidem,repellat,minus,esse
ratione,mollitia,excepturi,a
voluptate,est,cumque,provident
assumenda,placeat,eaque,non
at,modi,voluptas,dicta
vel,debitis,nemo,ipsa
rerum,iusto,recusandae,nesciunt
quibusdam,nam,voluptates,vitae
est,ex,iste,odit
quaerat,impedit,sint,quisquam
impedit,vero,in,totam
odit,ex,modi,hic
rerum,voluptatum,sunt,porro
totam,earum,nesciunt,vitae
quam,adipisci,asperiores,praesentium
perspiciatis,est,velit,distinctio
illo,voluptate,eius,officia
adipisci,aperiam,molestiae,nihil
assumenda,eum,consectetur,vero
harum,deleniti,odio,illum
sequi,quos,dolore,culpa
consequatur,doloribus,aliquam,quae
repellendus,sequi,rem,quis
ut,quo,omnis,deleniti
nisi,dicta,ullam,earum
rem,hic,molestiae,unde
ut,rem,illum,officia
recusandae,placeat,veritatis,aliquid
veritatis,non,mollitia,nihil
dolore,inventore,fuga,voluptas
provident,aut,nemo,nostrum
vitae,odit,quidem,nisi
architecto,ratione,consequatur,iste
cumque,illum,modi,nulla
reiciendis,dicta,pariatur,cum
illum,perferendis,placeat,repellendus
ut,nesciunt,hic,facere
odit,quo,vero,rem
consequatur,sit,eligendi,adipisci
deserunt,ipsa,perspiciatis,iusto
nam,vero,ut,molestias
saepe,cupiditate,ex,beatae
culpa,autem,voluptate,explicabo
voluptas,quia,illum,excepturi
iure,eaque,aperiam,officiis
minima,blanditiis,amet,veniam
tenetur,beatae,eos,odio
eligendi,consequuntur,amet,molestiae
adipisci,quam,totam,voluptatem
dolor,sint,fuga,iste
provident,praesentium,ipsam,ipsam
praesentium,nulla,earum,perspiciatis
vel,architecto,reprehenderit,quasi
quos,animi,eum,possimus
excepturi,hic,rem,aliquid
explicabo,molestiae,pariatur,impedit
soluta,mollitia,doloremque,tempore
tempore,numquam,quia,veniam
cum,exercitationem,enim,quia
enim,voluptatibus,enim,non
blanditiis,enim,aspernatur,iste
quidem,deleniti,in,quisquam
aspernatur,odit,sit,excepturi
dicta,tempora,perferendis,officiis
nihil,maxime,eaque,repellendus
possimus,excepturi,non,quis
earum,accusamus,quia,dignissimos
iure,laudantium,distinctio,eius
nemo,incidunt,aliquid,reprehenderit
ipsa,nulla,commodi,placeat
sit,maxime,pariatur,dolorem
beatae,nobis,iste,ab
porro,doloremque,in,quis
ex,tempora,quam,minima
impedit,soluta,temporibus,nisi
dignissimos,quas,tempora,ut
laborum,repellendus,iste,minus
iste,laboriosam,sunt,eos
natus,aut,recusandae,sed
tenetur,numquam,rerum,reiciendis
debitis,rerum,illo,repellat
id,porro,deleniti,dolore
quia,excepturi,harum,culpa
optio,aliquam,unde,pariatur
quod,ratione,amet,expedita
facere,voluptatem,autem,architecto
error,deleniti,deleniti,quibusdam
tempore,ipsam,fugiat,in
dignissimos,ipsum,a,delectus
beatae,numquam,rem,unde
quia,doloremque,ipsum,neque
ab,deserunt,vel,aspernatur
perspiciatis,saepe,quisquam,pariatur
sunt,quidem,molestias,eaque
voluptas,sapiente,ipsa,id
vero,impedit,eaque,voluptatibus
fugit,possimus,vero,tempore
pariatur,ducimus,dicta,cumque
similique,nemo,commodi,officia
iusto,neque,alias,iusto
laboriosam,ullam,molestiae,magni
quod,laborum,quos,eveniet
modi,vitae,delectus,provident
molestias,quidem,unde,ea
quas,blanditiis,eaque,enim
asperiores,totam,modi,inventore
cum,provident,odio,sed
qui,deleniti,cum,pariatur
dignissimos,distinctio,quidem,inventore
neque,necessitatibus,odit,quos
dolores,fugiat,impedit,maxime
modi,natus,voluptate,qui
sit,temporibus,quaerat,voluptas
nihil,voluptate,adipisci,quibusdam
eum,vitae,beatae,impedit
inventore,ut,aspernatur,veritatis
tempore,qui,nisi,fugiat
totam,temporibus,voluptates,placeat
mollitia,aspernatur,minus,provident
maxime,ea,doloribus,a
nisi,illo,quidem,perspiciatis
mollitia,illum,mollitia,nemo
dolore,voluptatum,deserunt,quaerat
dolorem,voluptatem,rerum,magni
unde,dolor,nam,voluptates
possimus,nesciunt,beatae,sunt
ipsum,necessitatibus,eaque,occaecati
adipisci,pariatur,maiores,ipsum
a,animi,cupiditate,quo
labore,quo,quaerat,dolorem
eveniet,recusandae,necessitatibus,illum
asperiores,alias,iusto,porro
possimus,rerum,necessitatibus,excepturi
maxime,non,dignissimos,laborum
aliquid,voluptatum,ratione,mollitia
amet,consequuntur,ipsam,optio
esse,quod,blanditiis,libero
dignissimos,fugit,quo,voluptates
nesciunt,ipsum,a,inventore
suscipit,autem,voluptatum,nostrum
libero,reiciendis,saepe,porro
esse,unde,a,perferendis
voluptatibus,sint,voluptatem,qui
consequatur,totam,suscipit,deserunt
porro,distinctio,adipisci,aperiam
ratione,officiis,dicta,cum
iste,earum,culpa,voluptates
officia,saepe,nisi,perferendis
deleniti,beatae,quisquam,at
dolore,nam,sint,est
tempora,corrupti,sed,inventore
reiciendis,officiis,ea,temporibus
suscipit,odio,possimus,inventore
fugiat,vitae,totam,eaque
veritatis,odit,fugiat,minus
optio,earum,sunt,in
officia,commodi,modi,modi
eos,consequatur,rem,ratione
porro,ducimus,sequi,ut
in,commodi,distinctio,minus
cum,ducimus,natus,consequuntur
neque,excepturi,sint,culpa
ad,expedita,sunt,laudantium
voluptatibus,molestiae,temporibus,alias
ipsum,commodi,itaque,ab
error,et,sapiente,beatae
illo,nostrum,voluptatem,cum
placeat,quos,facere,maxime
reiciendis,molestias,adipisci,sequi
laborum,laboriosam,beatae,ullam
quis,cumque,provident,neque
vero,fugit,nostrum,possimus
fugit,quae,maxime,ipsum
eligendi,tempore,in,sint
fugit,quas,molestiae,cumque
voluptas,beatae,temporibus,sint
praesentium,eius,earum,placeat
sunt,consequuntur,voluptatum,consequuntur
sed,qui,possimus,aperiam
odit,vero,ratione,ipsum
consectetur,velit,repellat,rem
consequuntur,autem,veritatis,distinctio
repudiandae,aut,sunt,libero
iure,quis,molestiae,libero
blanditiis,dolorem,reprehenderit,dignissimos
ut,perspiciatis,id,doloribus
sit,ipsam,nobis,amet
officia,ipsam,molestias,ullam
error,laboriosam,dolor,occaecati
expedita,nesciunt,corrupti,libero
quaerat,unde,veritatis,odio
sunt,non,impedit,voluptates
repellendus,debitis,asperiores,nihil
reiciendis,harum,nemo,ex
ab,delectus,dolor,animi
quos,maxime,accusamus,explicabo
cum,quia,cum,soluta
occaecati,esse,maiores,dolore
voluptatibus,ad,vitae,iste
ex,placeat,culpa,quos
occaecati,accusantium,mollitia,eius
aliquid,mollitia,praesentium,perspiciatis
cupiditate,consectetur,perferendis,aliquid
asperiores,aliquid,veniam,accusantium
iure,voluptas,ipsam,debitis
tempora,numquam,vitae,incidunt
delectus,ullam,quod,provident
porro,deleniti,rerum,quaerat
unde,repellat,fuga,quae
molestias,rerum,impedit,officia
nihil,explicabo,sint,quaerat
incidunt,quasi,dolor,nam
id,quis,ab,deleniti
voluptatum,non,itaque,alias
aspernatur,vitae,voluptatum,molestiae
nesciunt,dolorum,adipisci,quos
iusto,quia,laboriosam,beatae
ipsa,beatae,consectetur,atque
explicabo,doloremque,facere,consequatur
nemo,ipsa,debitis,at
consequuntur,eum,quibusdam,ad
labore,aliquam,ipsum,numquam
perspiciatis,commodi,molestias,cupiditate
nihil,soluta,ipsum,veritatis
iure,nisi,at,dicta
corrupti,ea,eveniet,dolor
doloremque,consequuntur,eos,corrupti
harum,autem,iste,dolor
dignissimos,molestiae,repellendus,architecto
quos,dolorum,quo,esse
quo,iure,earum,odio
inventore,hic,ipsam,aperiam
facere,nisi,deserunt,enim
nemo,exercitationem,quibusdam,dolorum
doloremque,delectus,tempora,aperiam
necessitatibus,itaque,dignissimos,explicabo
at,occaecati,aspernatur,nobis
inventore,ut,aut,nostrum
odio,aut,ipsum,cum
deleniti,quo,possimus,nisi
sed,velit,iure,omnis
nihil,excepturi,ad,quas
sit,sunt,incidunt,veritatis
culpa,suscipit,perferendis,amet
dolores,provident,quisquam,hic
autem,eaque,impedit,aperiam
laborum,earum,itaque,corrupti
quisquam,deleniti,vero,corrupti
cum,earum,quae,saepe
cupiditate,facere,autem,eius
ratione,fugiat,quam,nobis
suscipit,quibusdam,perspiciatis,tempore
sit,porro,tenetur,rem
neque,eaque,consequuntur,numquam
earum,quisquam,adipisci,aliquam
ducimus,aperiam,deserunt,at
cumque,neque,distinctio,ea
expedita,fuga,id,aperiam
similique,dignissimos,error,laborum
tenetur,officia,aut,numquam
ipsa,officia,praesentium,aliquid
est,nobis,repellat,quos
debitis,blanditiis,fuga,maxime
atque,vitae,minima,similique
optio,occaecati,sapiente,labore
aliquid,similique,ullam,doloremque
ut,quod,odit,aut
accusantium,ex,sunt,iusto
amet,quidem,dicta,nisi
consequuntur,perferendis,similique,quaerat
porro,soluta,quae,suscipit
laboriosam,voluptatum,voluptates,asperiores
vel,consectetur,ratione,officia
recusandae,sunt,ab,corrupti
laborum,omnis,alias,minus
sit,harum,aliquid,perspiciatis
ipsam,minima,deserunt,ex
repudiandae,voluptate,voluptates,fugit
libero,quas,modi,excepturi
minima,beatae,dolorem,consequuntur
nulla,sequi,doloremque,ea
fugiat,eaque,quis,perspiciatis
expedita,aspernatur,provident,impedit
pariatur,maxime,temporibus,cumque
ratione,tenetur,enim,tenetur
nostrum,voluptatibus,omnis,similique
facilis,fugiat,veritatis,dolorum
velit,nisi,numquam,quaerat
earum,debitis,unde,blanditiis
distinctio,explicabo,eaque,reprehenderit
numquam,incidunt,delectus,aperiam
eligendi,consequuntur,saepe,maiores
a,quam,quos,fugit
accusantium,dolorum,sunt,modi
velit,numquam,quasi,fugit
neque,dolor,animi,ex
cum,natus,placeat,illo
blanditiis,iusto,veritatis,natus
ipsam,illum,libero,minus
laboriosam,odit,maxime,officia
in,similique,impedit,consectetur
magni,ad,totam,enim
iure,facere,asperiores,adipisci
id,officia,repellat,impedit
aliquid,ipsa,veniam,fugiat
sunt,tenetur,deleniti,explicabo
sunt,molestias,placeat,quidem
corporis,non,ut,mollitia
nisi,repellat,facilis,dicta
suscipit,consequatur,rerum,aliquid
ipsam,assumenda,tempore,soluta
cupiditate,sint,maiores,ad
enim,illo,enim,provident
perspiciatis,beatae,vitae,numquam
nam,soluta,eius,veniam
itaque,sequi,corrupti,a
quas,rem,architecto,at
provident,molestiae,veniam,ratione
eum,veniam,hic,provident
assumenda,nobis,minima,facilis
quisquam,quod,expedita,neque
corporis,odit,ad,unde
asperiores,iste,distinctio,repudiandae
similique,exercitationem,alias,eum
labore,culpa,maiores,sint
illo,similique,ratione,exercitationem
minus,fugiat,voluptates,repellat
harum,aperiam,alias,totam
possimus,quisquam,aliquid,illum
dolorem,laborum,deserunt,similique
temporibus,culpa,tempora,odio
saepe,beatae,quo,similique
magnam,placeat,culpa,recusandae
esse,neque,rem,consequuntur
eligendi,dolore,porro,pariatur
eius,praesentium,perspiciatis,quibusdam
nam,quibusdam,saepe,amet
repellat,temporibus,in,culpa
ducimus,modi,deleniti,accusantium
voluptates,molestias,inventore,at
placeat,sed,a,eius
illo,asperiores,error,iste
sapiente,reprehenderit,necessitatibus,labore
minus,aliquid,explicabo,dolores
culpa,culpa,itaque,consectetur
saepe,impedit,deleniti,a
cumque,iure,architecto,quae
provident,in,vitae,hic
amet,cupiditate,dolorum,asperiores
exercitationem,quo,consequuntur,vel
assumenda,mollitia,corporis,hic
rem,maiores,beatae,vero
dolores,numquam,eius,possimus
rem,vero,temporibus,eveniet
modi,rerum,qui,eveniet
nobis,dignissimos,inventore,impedit
vel,quia,fugit,beatae
labore,in,sapiente,doloribus
assumenda,nesciunt,nostrum,incidunt
corporis,illo,nobis,error
iste,repellat,veritatis,reiciendis
sunt,exercitationem,quas,in
fugiat,commodi,rem,voluptas
eum,dolorem,necessitatibus,esse
laborum,animi,totam,vitae
officia,deleniti,ab,id
accusantium,vel,omnis,eligendi
placeat,impedit,expedita,debitis
totam,modi,porro,tempore
quisquam,itaque,debitis,natus
qui,blanditiis,ducimus,nesciunt
fugit,unde,exercitationem,nam
facere,pariatur,nobis,animi
incidunt,molestias,mollitia,fugit
officia,tempora,officia,asperiores
itaque,adipisci,fuga,minima
illo,fugit,consequuntur,et
voluptate,odio,facilis,corrupti
repellat,dolorem,voluptatem,expedita
dolor,accusantium,occaecati,tempora
sed,id,maiores,dolorum
laboriosam,incidunt,fugiat,occaecati
fugiat,error,odio,animi
harum,labore,magnam,consequatur
fugit,repellat,eum,est
reiciendis,ipsam,est,laudantium
soluta,harum,cumque,blanditiis
asperiores,laboriosam,vero,veritatis
odio,est,provident,repudiandae
mollitia,ullam,assumenda,autem
animi,possimus,dicta,tempora
laudantium,autem,totam,reprehenderit
vitae,sapiente,quis,itaque
harum,ipsum,quisquam,possimus
expedita,veritatis,necessitatibus,numquam
modi,amet,accusamus,unde
similique,eveniet,voluptatum,at
amet,quam,ullam,quos
porro,nam,saepe,quam
ad,ipsum,quidem,occaecati
aut,sit,quibusdam,deserunt
dicta,consectetur,dolore,odio
recusandae,soluta,repudiandae,mollitia
veritatis,recusandae,minus,esse
laborum,eos,ut,harum
nobis,dolor,ullam,deserunt
temporibus,nulla,assumenda,natus
fuga,totam,deserunt,doloremque
eaque,id,ipsum,iste
impedit,optio,consequatur,esse
voluptas,nesciunt,odio,eum
maxime,totam,quis,veritatis
voluptate,dolorem,quae,ea
aliquid,mollitia,rem,atque
repellendus,quae,in,vero
maiores,deserunt,asperiores,reiciendis
necessitatibus,voluptate,inventore,molestiae
