cust_id,pan_hash,aadhaar_mask,age_at_app
6310,animi,accusamus,totam
2202,sequi,ea,explicabo
8545,occaecati,eligendi,quod
3930,qui,nobis,ea
4393,distinctio,rerum,enim
9932,temporibus,necessitatibus,similique
4196,saepe,eos,numquam
5206,voluptatum,dolor,soluta
1770,voluptatem,cupiditate,accusamus
6212,assumenda,architecto,dolore
6420,placeat,neque,quos
7330,vero,incidunt,mollitia
7131,doloribus,amet,nesciunt
3834,beatae,sed,rem
8924,dignissimos,sunt,nobis
7737,necessitatibus,quibusdam,nisi
2559,soluta,neque,dolorum
7295,veritatis,ipsum,iusto
5531,sequi,sint,ratione
8334,voluptas,rerum,neque
9920,voluptatem,nam,sed
3135,provident,incidunt,excepturi
2743,in,repudiandae,ab
6899,libero,fuga,a
8647,quidem,est,repellendus
5055,saepe,explicabo,veritatis
4107,eveniet,quam,nobis
4188,aliquid,numquam,unde
7646,blanditiis,pariatur,reprehenderit
8697,sed,debitis,nam
6794,nobis,sequi,ut
1739,vel,magnam,tempora
9994,tenetur,inventore,in
8662,provident,impedit,placeat
2656,totam,beatae,beatae
6987,cum,commodi,ea
5485,iure,omnis,perspiciatis
9255,voluptas,itaque,illo
9297,optio,deserunt,cumque
9160,id,fugit,quas
4167,magni,harum,odio
9782,eligendi,temporibus,eligendi
1243,facilis,beatae,quas
4573,commodi,distinctio,assumenda
3183,dicta,deserunt,expedita
6196,facere,maiores,iste
9196,et,blanditiis,iusto
3754,sit,praesentium,accusamus
9697,fuga,itaque,itaque
6548,porro,molestiae,officiis
3555,earum,accusamus,vel
8177,enim,iusto,repellat
9448,esse,accusantium,velit
5818,eos,omnis,quam
1010,deserunt,maiores,voluptate
4467,sit,ad,natus
6488,itaque,provident,delectus
7953,explicabo,rerum,libero
2042,voluptas,asperiores,nemo
8055,provident,reprehenderit,alias
4168,vero,rerum,veritatis
2578,reiciendis,quasi,aliquam
1513,consequuntur,quo,nesciunt
4434,quae,error,ipsam
4198,velit,quasi,laborum
5674,vero,dolorem,beatae
1118,iste,odit,dolor
7647,delectus,dolor,voluptatem
9521,ducimus,quos,voluptates
8264,assumenda,perferendis,porro
7909,velit,illo,debitis
1266,eius,ex,voluptatem
2924,incidunt,alias,atque
3087,repellat,reiciendis,consectetur
7996,nulla,laborum,quas
7006,maiores,incidunt,possimus
3887,voluptatum,incidunt,occaecati
5934,quae,saepe,architecto
9576,unde,nemo,quas
6718,totam,optio,repudiandae
2277,rem,molestias,eos
5754,illo,quod,omnis
7880,quidem,quis,iure
2154,itaque,repellendus,suscipit
1851,voluptatibus,laboriosam,quae
4072,pariatur,possimus,numquam
8042,incidunt,maxime,veritatis
6037,assumenda,incidunt,ea
9804,harum,saepe,ab
6326,doloremque,aliquid,hic
9773,sint,ab,ea
2346,praesentium,expedita,maxime
9807,quaerat,ipsum,aliquid
1351,voluptatem,magnam,itaque
2328,officiis,fugiat,vel
8801,quasi,reiciendis,aperiam
6776,possimus,voluptas,eaque
4845,porro,quia,consectetur
1118,dicta,animi,ipsa
8601,vero,non,cum
2448,minus,inventore,veniam
1970,beatae,quod,sequi
5663,quis,illo,nam
1510,deleniti,atque,consequuntur
4713,minima,cumque,a
3608,sunt,quod,iste
5297,tempora,perspiciatis,voluptatem
6641,perferendis,commodi,expedita
1283,repellat,eum,ratione
8053,dolores,voluptas,necessitatibus
5405,qui,assumenda,numquam
4804,corrupti,dicta,sint
8322,harum,saepe,quisquam
7937,autem,numquam,quas
9721,possimus,nemo,nostrum
5207,omnis,quo,numquam
1568,molestiae,non,nihil
1148,porro,ipsum,sed
4164,ipsum,modi,et
4000,provident,dolorum,pariatur
7247,culpa,molestias,labore
7686,corporis,natus,laboriosam
6197,expedita,reiciendis,modi
7912,voluptas,repellat,a
6612,ad,autem,aspernatur
3543,architecto,quibusdam,asperiores
7307,alias,vero,accusamus
3241,alias,alias,rerum
8882,inventore,autem,voluptatem
4528,quod,eaque,excepturi
7748,tempore,ipsam,atque
3155,nisi,fuga,error
5244,vitae,atque,minus
3818,autem,maiores,facere
2574,omnis,quae,voluptatem
4474,nesciunt,est,officiis
6021,quidem,accusamus,debitis
3246,in,hic,officia
6862,voluptatum,suscipit,voluptatum
1578,veritatis,unde,quia
2472,incidunt,quidem,sunt
1690,dicta,itaque,earum
9937,incidunt,ab,officia
7130,esse,nobis,magnam
3044,saepe,fugiat,minus
3940,dignissimos,facilis,excepturi
2165,natus,quidem,in
8660,eos,nesciunt,beatae
9685,impedit,quod,suscipit
5352,veniam,in,voluptates
4039,quasi,iusto,porro
1891,nihil,molestias,cumque
4312,culpa,et,eveniet
2405,iusto,repellat,perspiciatis
4937,repellendus,rem,consequatur
9500,numquam,aut,excepturi
5775,omnis,eligendi,illum
1472,earum,aliquam,sed
1813,distinctio,harum,dolorum
7555,rerum,est,ex
8692,libero,voluptates,fuga
6775,cupiditate,blanditiis,deleniti
8374,ipsum,a,minima
3125,nemo,inventore,explicabo
7151,repudiandae,similique,iusto
6256,ratione,harum,fugit
7012,quos,libero,sunt
2973,impedit,voluptate,fuga
7847,dolore,quos,sequi
2307,odio,repellat,quo
6425,numquam,sapiente,quidem
3272,nulla,culpa,enim
1817,ullam,deserunt,vitae
6359,repudiandae,facilis,alias
6873,aliquid,quo,libero
3678,natus,maiores,ipsam
1481,a,repellendus,voluptas
5039,quos,nemo,nemo
9120,exercitationem,error,ipsum
9106,ab,possimus,odit
9210,deleniti,laudantium,harum
3994,minus,aperiam,animi
5905,quam,placeat,suscipit
8580,perferendis,debitis,molestias
7193,architecto,facilis,voluptatum
5833,excepturi,quasi,aspernatur
5947,deleniti,minima,repellat
1221,adipisci,quidem,quia
1918,rerum,labore,iusto
3552,fugit,libero,animi
2638,quod,debitis,recusandae
5791,eveniet,nemo,optio
8877,voluptatem,vitae,consequatur
2796,sequi,reiciendis,nam
2130,rerum,voluptatem,inventore
5463,necessitatibus,voluptatem,recusandae
6646,ipsum,rem,deleniti
3971,praesentium,aperiam,libero
8521,laudantium,hic,aliquam
6200,voluptates,temporibus,sint
6441,rerum,neque,itaque
4976,officia,accusamus,dolorem
7014,dolore,quis,quia
3678,voluptas,dolor,laborum
5537,recusandae,voluptatum,ipsa
2575,aperiam,recusandae,nisi
8272,rem,iusto,ipsa
5704,illo,temporibus,fugiat
4510,officiis,officia,accusamus
8281,eius,velit,soluta
8113,suscipit,ad,maiores
9756,adipisci,quo,recusandae
3832,cupiditate,recusandae,facere
3164,sapiente,ad,occaecati
9397,deserunt,ipsam,eligendi
5602,odio,dolores,quia
9300,quos,eaque,ipsa
1252,qui,blanditiis,nemo
4208,quia,quis,omnis
1373,quae,molestias,quaerat
5991,at,ad,necessitatibus
4740,aperiam,ex,accusantium
6631,praesentium,quos,officia
9520,nemo,animi,accusamus
6349,deserunt,quas,velit
1720,id,similique,optio
5343,officia,maxime,quo
9503,sint,reprehenderit,corporis
2313,dolores,autem,repellendus
7221,sed,quaerat,molestiae
8682,quos,nemo,consequuntur
8187,quas,accusantium,molestias
8764,nobis,corrupti,iure
7637,sapiente,quis,eum
6006,repudiandae,odio,alias
9555,tempora,sequi,qui
2194,eos,saepe,ratione
1517,ex,recusandae,molestiae
4442,nihil,non,deserunt
8107,necessitatibus,impedit,numquam
7167,aliquam,eos,placeat
9532,odit,maxime,non
6495,ipsa,dolorem,dolor
9076,laudantium,accusantium,molestiae
5706,odio,modi,sint
7218,quo,delectus,earum
8606,excepturi,iure,eligendi
3167,nobis,vero,esse
1380,doloremque,unde,maiores
5851,rem,omnis,cupiditate
9897,velit,delectus,quaerat
7300,delectus,necessitatibus,voluptates
8966,accusantium,at,sapiente
8382,tempore,nesciunt,quisquam
6529,quibusdam,magni,accusamus
2353,deserunt,neque,nihil
2869,ad,ea,quisquam
8766,enim,blanditiis,expedita
4162,rem,dignissimos,eum
1464,nesciunt,ipsa,eligendi
6574,reiciendis,esse,doloremque
2867,mollitia,quibusdam,id
2986,neque,excepturi,veritatis
7221,quia,quam,esse
1014,nihil,harum,culpa
7500,nam,culpa,rem
6859,est,quaerat,doloribus
1074,ea,qui,pariatur
7214,nihil,aperiam,cum
3988,totam,veritatis,assumenda
5910,itaque,illum,harum
9178,ipsa,molestiae,doloribus
5459,architecto,enim,aperiam
6977,totam,enim,eum
5668,suscipit,ad,dicta
7598,necessitatibus,ut,occaecati
6461,ipsam,facere,iure
6635,consequuntur,ipsa,excepturi
7443,corrupti,pariatur,est
3565,dicta,ipsa,deserunt
9003,iure,cupiditate,atque
2503,asperiores,exercitationem,eveniet
2408,consequuntur,qui,saepe
2938,ad,perspiciatis,officia
4850,ad,iure,soluta
8738,tempore,sed,esse
5085,eius,similique,voluptate
1274,adipisci,est,dicta
2720,exercitationem,porro,perspiciatis
6367,est,quia,pariatur
1395,corrupti,illum,ullam
7124,iure,occaecati,aperiam
6006,saepe,id,id
2316,praesentium,voluptatum,dicta
4833,maxime,mollitia,perferendis
1786,incidunt,iusto,cum
5232,temporibus,maxime,vero
2119,ut,architecto,ducimus
4135,blanditiis,iste,error
7382,praesentium,assumenda,beatae
6931,ex,non,vitae
6609,sapiente,distinctio,similique
1039,exercitationem,eveniet,error
7481,harum,distinctio,veniam
1947,dolore,necessitatibus,qui
9334,corrupti,aut,rem
2965,qui,dolorem,alias
6615,veniam,iure,quo
6147,nam,maxime,quos
8159,exercitationem,voluptate,in
6820,quod,exercitationem,facere
9646,delectus,at,ullam
5236,aut,fuga,quasi
6638,vero,ut,iusto
8404,voluptate,quibusdam,laudantium
2907,amet,at,quas
9085,beatae,alias,optio
4159,eveniet,quas,nam
6762,architecto,veniam,sequi
9403,quisquam,eaque,excepturi
6874,iure,rem,exercitationem
3261,sed,odit,ipsam
7837,ipsum,vero,corporis
1738,beatae,asperiores,deleniti
8309,reprehenderit,enim,veritatis
3020,eaque,sed,rerum
8067,blanditiis,dolorum,hic
2153,laudantium,omnis,harum
7717,quis,minima,necessitatibus
2397,a,et,id
2940,veniam,ipsa,ea
7915,sed,reprehenderit,non
7562,optio,optio,consequatur
8313,doloremque,doloremque,esse
5845,harum,numquam,eum
8811,dolorem,qui,odit
4765,laborum,itaque,assumenda
7521,enim,adipisci,sapiente
6089,maiores,consequuntur,ut
6760,optio,iure,eligendi
5384,consequuntur,error,recusandae
5205,ex,doloribus,a
7660,unde,commodi,laudantium
6494,fugit,rem,quisquam
1160,cumque,asperiores,aliquid
7411,reprehenderit,tempore,occaecati
9728,voluptatum,doloremque,odio
1552,perferendis,repellendus,saepe
3610,exercitationem,earum,rerum
2636,magnam,quaerat,consequatur
9224,qui,incidunt,ducimus
9045,excepturi,a,fugiat
4393,laborum,harum,voluptates
7739,voluptates,doloremque,architecto
9136,consequatur,fugiat,eaque
9472,praesentium,tenetur,corrupti
7547,aperiam,perferendis,quam
2191,non,doloremque,non
4086,doloremque,consequuntur,eos
7563,amet,amet,minus
2763,consequuntur,perspiciatis,aliquam
8435,natus,explicabo,possimus
5914,iste,a,maxime
3348,similique,blanditiis,neque
8101,inventore,voluptate,laborum
3599,optio,omnis,laudantium
9089,et,nam,maxime
7732,est,quo,ea
7110,quo,deleniti,veniam
2154,repellat,corporis,autem
9129,sed,sint,ex
7531,quisquam,alias,sed
7210,iusto,aliquid,cum
6218,provident,asperiores,nam
3254,illum,rerum,porro
5673,pariatur,magni,veniam
2124,animi,itaque,nulla
2048,doloremque,non,harum
5701,ullam,pariatur,ullam
4222,quasi,harum,enim
6559,dolorem,aut,itaque
1140,rem,excepturi,veritatis
3162,unde,fuga,illo
2789,nesciunt,pariatur,deleniti
9901,quibusdam,alias,nesciunt
7350,dignissimos,explicabo,hic
9133,consequuntur,temporibus,voluptatem
7481,similique,dignissimos,est
1481,labore,minima,accusamus
9115,repudiandae,eligendi,similique
5266,temporibus,eligendi,nisi
2058,neque,laudantium,quae
2375,omnis,minus,explicabo
9666,laborum,cupiditate,labore
6802,nostrum,quos,quo
9025,reiciendis,ipsa,ipsum
6668,corrupti,maxime,vero
5238,incidunt,animi,quos
6767,quos,nam,consequuntur
9690,tenetur,inventore,sunt
1817,placeat,quisquam,soluta
2838,ad,sequi,eaque
8353,qui,similique,esse
1721,quos,occaecati,iusto
7840,tempora,repellendus,odio
7995,eveniet,sequi,nemo
1998,unde,voluptate,ea
9460,vitae,magni,enim
6463,repellat,ad,voluptate
2719,sit,exercitationem,alias
6375,commodi,vel,molestiae
8968,quis,quo,similique
3289,ducimus,autem,necessitatibus
5633,iusto,magnam,distinctio
7547,inventore,blanditiis,neque
4757,minus,praesentium,laborum
8840,itaque,voluptatem,deleniti
8122,saepe,deserunt,commodi
6081,occaecati,culpa,asperiores
7247,necessitatibus,est,doloribus
8814,veritatis,at,animi
4827,aliquid,necessitatibus,illo
7746,hic,laborum,et
1708,neque,tempora,unde
3412,aliquid,accusantium,ex
1312,quia,ratione,cumque
3427,laborum,dolore,delectus
4598,laboriosam,consectetur,earum
8745,velit,incidunt,possimus
9625,dolorem,magni,eveniet
5584,excepturi,quidem,porro
6607,aut,quaerat,laboriosam
2876,corporis,nulla,ex
3675,voluptate,necessitatibus,dolor
7766,laborum,vero,molestiae
3149,consequatur,illum,facere
5909,incidunt,culpa,accusantium
9223,quos,fugiat,quam
2213,maiores,vero,aperiam
5671,labore,doloremque,asperiores
1083,porro,in,facere
1859,voluptates,similique,libero
1205,nisi,harum,porro
7741,qui,iure,debitis
2910,adipisci,aut,doloribus
5340,sequi,voluptatem,unde
5720,magni,nemo,id
2835,ipsum,ut,mollitia
4485,consequatur,occaecati,unde
7077,delectus,in,eum
8636,voluptates,repellendus,facilis
7770,iusto,amet,placeat
5399,inventore,reiciendis,eaque
9030,aut,itaque,totam
7170,expedita,illum,blanditiis
6799,nisi,delectus,id
8543,inventore,dignissimos,ea
2239,sequi,laboriosam,exercitationem
5734,quibusdam,alias,itaque
4249,culpa,quam,quasi
8791,dicta,accusamus,nihil
4376,eveniet,provident,iure
6895,consequuntur,reprehenderit,quaerat
7305,odio,maiores,magnam
3139,eligendi,adipisci,dolores
6012,in,sunt,maiores
1986,ab,exercitationem,suscipit
1334,sint,id,repellat
6895,sit,nobis,dolor
1695,vel,eligendi,voluptatum
3221,exercitationem,distinctio,labore
7780,ut,ducimus,laudantium
7080,consectetur,deleniti,distinctio
5527,consectetur,hic,voluptates
3933,quae,eos,asperiores
2780,vero,repudiandae,debitis
5641,non,laboriosam,deserunt
7934,quidem,voluptas,numquam
8540,inventore,eaque,doloribus
4105,sit,suscipit,eaque
5430,maxime,corrupti,facilis
3185,aspernatur,nihil,illo
6427,nam,quaerat,cum
6242,quam,iure,nesciunt
9157,iste,accusamus,sit
7080,deleniti,minus,molestiae
2599,iure,nam,labore
1549,nesciunt,magni,quo
7787,sed,sequi,ipsum
7407,cumque,atque,quas
1304,eum,quam,harum
6828,tempora,quae,error
5681,adipisci,deleniti,repudiandae
7971,aperiam,alias,natus
8328,quia,dignissimos,enim
1726,facere,non,vel
4144,quo,placeat,nesciunt
7070,ut,consequatur,magnam
5603,animi,alias,labore
6600,modi,eligendi,libero
5176,quo,dolor,commodi
7459,similique,repudiandae,eius
9527,iusto,perferendis,soluta
3160,ea,quibusdam,in
1123,rerum,et,molestias
8207,quidem,error,distinctio
2722,error,eaque,placeat
7143,sint,illo,fugit
2900,amet,aliquid,ad
8506,expedita,repellendus,dicta
4775,ut,nulla,magnam
8717,ea,atque,ducimus
8834,animi,repudiandae,natus
6495,nobis,dicta,quis
2370,consectetur,dolore,aspernatur
8844,vel,rem,illo
4047,magni,possimus,sint
4642,dolore,sed,autem
7430,sunt,in,cupiditate
8582,modi,libero,nemo
1256,nobis,provident,laborum
9924,delectus,facere,dolorem
5177,nesciunt,cupiditate,sed
2253,quia,sint,quasi
6136,hic,illum,sint
1495,doloremque,eveniet,ipsa
4868,asperiores,optio,atque
1519,maiores,quibusdam,modi
3020,quos,commodi,voluptatum
7487,ab,sunt,qui
3629,vitae,modi,laudantium
8764,magni,officia,natus
4032,culpa,quas,cupiditate
1327,quisquam,eum,sit
7239,eveniet,dolore,hic
6868,facere,vel,ab
3419,at,illum,cumque
7966,nulla,est,necessitatibus
1770,consequuntur,ad,veritatis
4123,enim,nulla,aliquam
5394,corrupti,at,porro
8114,cumque,fugiat,cum
7628,labore,officiis,minima
5356,nisi,voluptatum,ab
8535,incidunt,possimus,velit
1255,architecto,ab,deleniti
1615,quos,nesciunt,atque
6906,est,beatae,illo
3144,natus,molestiae,cum
7089,voluptates,sed,corrupti
9088,animi,sequi,occaecati
1234,commodi,molestias,ut
3775,temporibus,debitis,deserunt
9361,dolorum,voluptatibus,nihil
7062,incidunt,asperiores,tempora
4051,laboriosam,dicta,blanditiis
4297,dicta,et,ad
8665,nobis,hic,corporis
1881,nihil,veniam,eaque
8452,molestias,blanditiis,commodi
5659,itaque,dicta,sint
5674,quas,voluptatem,ut
9787,voluptatem,id,itaque
5040,maxime,porro,ab
3024,nulla,laboriosam,fuga
3575,rerum,aliquid,velit
2469,ipsum,eveniet,praesentium
9670,ipsum,distinctio,expedita
5013,ad,animi,eum
9089,eveniet,magni,atque
6794,sunt,eligendi,sed
9063,aut,consequatur,nobis
3117,perspiciatis,ipsa,suscipit
1400,sunt,esse,accusamus
1669,temporibus,sunt,beatae
4540,rerum,amet,impedit
5687,doloribus,esse,eligendi
7712,fuga,accusantium,rem
4911,rerum,autem,nihil
3154,aut,aliquid,enim
6090,ex,suscipit,minima
9769,eius,magni,praesentium
2618,voluptatibus,reiciendis,ab
6904,rerum,culpa,fugit
8960,animi,reiciendis,quisquam
9934,voluptatum,praesentium,voluptatem
8516,earum,labore,laudantium
9910,impedit,vitae,magni
7905,exercitationem,quas,voluptates
8719,labore,qui,voluptatem
8087,accusantium,aliquid,placeat
3098,neque,ipsam,hic
8010,neque,neque,impedit
9172,illum,accusantium,natus
4072,maxime,veritatis,nemo
1476,tempore,inventore,nostrum
6714,repellendus,assumenda,repellendus
3311,quae,veniam,cum
5984,sapiente,amet,laboriosam
5073,dolorum,dolorum,dignissimos
7008,praesentium,doloremque,dicta
9127,vitae,iusto,et
4387,ad,mollitia,sapiente
2432,ullam,dolorem,corporis
5398,enim,maiores,officiis
3918,neque,voluptas,iusto
1002,explicabo,quis,dignissimos
2638,quod,impedit,quod
7870,neque,impedit,delectus
4150,cupiditate,illum,in
6143,suscipit,assumenda,illo
8327,omnis,atque,quia
5841,commodi,ratione,modi
6026,adipisci,magni,enim
2384,amet,adipisci,aperiam
1604,sit,beatae,architecto
7330,labore,occaecati,dignissimos
2889,eligendi,sint,rerum
3655,quisquam,quis,non
7463,consequuntur,exercitationem,hic
9355,magnam,soluta,porro
6611,repellat,expedita,deserunt
9441,ratione,sequi,tempore
6886,placeat,necessitatibus,in
1449,ipsa,rerum,aliquid
5228,soluta,optio,quisquam
7489,esse,voluptate,corporis
2634,ut,excepturi,voluptas
8596,nobis,voluptates,temporibus
2127,temporibus,fugit,sunt
5821,quam,molestias,voluptatem
1231,ex,consequatur,minima
9501,quod,dolores,enim
9688,natus,cupiditate,quam
1392,animi,corporis,quisquam
7486,possimus,ex,provident
3211,accusantium,repudiandae,amet
8699,hic,modi,perspiciatis
1819,quod,nisi,eos
5614,non,deserunt,sint
9027,modi,dolorum,quam
9199,eius,rerum,hic
6053,corporis,quisquam,qui
8652,similique,doloremque,ab
5769,recusandae,numquam,at
8685,cumque,harum,blanditiis
9371,alias,veritatis,ex
9511,tempore,blanditiis,numquam
8311,voluptatem,suscipit,optio
9966,temporibus,et,sapiente
8677,tenetur,nisi,qui
4593,labore,ipsa,nisi
8342,hic,commodi,voluptate
6581,itaque,facilis,nobis
4147,voluptas,unde,ipsa
9996,in,ut,voluptates
6781,a,eum,laborum
1353,impedit,error,maiores
7555,rerum,excepturi,dicta
1989,tempora,reiciendis,in
5701,dolore,fugit,beatae
8264,expedita,tenetur,maiores
5943,deleniti,voluptas,fuga
1073,tenetur,eveniet,minima
4730,earum,eos,aspernatur
3513,cumque,perferendis,veritatis
4897,facere,itaque,ex
5510,eius,impedit,suscipit
8399,inventore,excepturi,corporis
9467,reprehenderit,architecto,illo
7851,atque,nulla,excepturi
8619,dolores,minus,enim
6433,magnam,perferendis,vel
7892,id,odit,distinctio
2203,corrupti,repellat,architecto
7710,quis,natus,placeat
4170,fuga,omnis,error
9897,nostrum,ab,assumenda
2312,provident,aliquam,tempore
9036,labore,tenetur,reiciendis
5045,excepturi,quas,numquam
5339,provident,aliquid,rerum
1776,adipisci,accusamus,fugit
8187,est,corporis,quis
2854,recusandae,labore,id
6393,ad,deleniti,error
2751,repellendus,adipisci,similique
9182,laborum,sed,odio
1226,sunt,a,tenetur
8961,earum,quam,dolore
1401,consectetur,perferendis,porro
9687,id,laboriosam,harum
5467,quod,aspernatur,ullam
8605,adipisci,in,nobis
8737,tempora,quia,eos
2564,sit,cupiditate,sit
2337,nesciunt,est,totam
5720,sint,dolorum,labore
4064,veniam,esse,reprehenderit
4072,vel,ad,architecto
3508,dolor,totam,esse
4486,est,provident,velit
4299,ad,repudiandae,vero
8719,eos,dolorem,perferendis
4628,aspernatur,ab,animi
5583,molestias,debitis,atque
1672,magni,quae,ipsam
2985,consectetur,velit,maiores
9083,dignissimos,sit,dolor
6100,explicabo,tempore,sunt
8338,fugit,pariatur,non
2680,porro,tempora,est
9583,atque,ea,eaque
5751,error,porro,reprehenderit
5068,quia,nulla,nesciunt
3284,accusantium,sapiente,ipsa
5367,autem,cumque,voluptates
1037,atque,debitis,iste
1232,natus,soluta,alias
4773,laborum,totam,veritatis
8778,sequi,eius,animi
8949,commodi,debitis,est
7557,quos,ea,culpa
9094,minus,reiciendis,doloremque
9667,tempora,quod,quidem
7964,vero,optio,quis
5449,perspiciatis,illo,dignissimos
8723,ducimus,soluta,ipsam
4367,hic,labore,eos
9699,aperiam,aut,voluptatibus
2305,nemo,asperiores,atque
3120,temporibus,cupiditate,minus
7778,odit,similique,atque
2130,vero,sequi,facere
3022,maiores,laborum,odio
5659,quisquam,suscipit,tempore
3533,vitae,quod,illum
5305,eligendi,non,vel
1536,nobis,velit,quas
8641,minima,rerum,eum
6787,voluptates,provident,harum
2663,cumque,impedit,voluptatem
1645,modi,consequuntur,doloremque
4711,minus,optio,minima
5520,voluptatum,optio,esse
9407,quaerat,quos,dolorem
6074,nulla,accusamus,cumque
6080,eius,cum,inventore
2667,corporis,rem,repellat
3810,minus,quidem,corporis
6423,nulla,reiciendis,harum
2654,odio,velit,dolorem
6291,alias,provident,autem
5644,nesciunt,nobis,adipisci
2658,cum,illo,magni
5769,vero,ea,cum
2865,suscipit,praesentium,quae
1260,harum,dicta,ipsam
6829,modi,odit,occaecati
8246,architecto,cupiditate,sequi
1241,deleniti,quas,libero
7585,aliquam,deleniti,nam
8863,doloremque,provident,optio
4981,culpa,quibusdam,unde
6839,maxime,placeat,dolorem
4120,incidunt,asperiores,natus
6915,aspernatur,dolorum,saepe
9866,aut,odit,iusto
6435,odio,molestias,voluptatibus
4027,alias,tempora,corporis
5332,at,corporis,quis
3171,mollitia,molestias,maiores
6360,quae,perferendis,odit
6676,quas,distinctio,nostrum
3778,voluptatibus,odio,omnis
3075,asperiores,expedita,facere
7986,a,pariatur,itaque
8914,placeat,eligendi,cum
6491,tempore,sint,tempora
8043,esse,ducimus,eaque
3860,neque,quae,dolorum
2320,repudiandae,non,animi
9631,eum,doloremque,iste
7994,delectus,facere,vel
2037,eum,soluta,molestias
9373,atque,molestiae,eaque
7084,nihil,deserunt,ipsum
7861,tempora,repellat,quia
5403,aliquid,recusandae,est
7311,odio,minus,animi
3488,accusamus,magni,dignissimos
4429,nam,distinctio,vel
2599,ad,ipsum,ducimus
5664,laboriosam,similique,incidunt
3034,impedit,minus,sequi
3381,corporis,consectetur,ad
2247,aspernatur,incidunt,ut
2815,nihil,officiis,non
2556,laborum,sed,veniam
7881,nemo,est,perferendis
1786,saepe,quibusdam,corporis
2558,magni,deserunt,dolores
2777,quam,eligendi,magni
3574,incidunt,eveniet,quia
8678,cum,accusantium,sed
9181,soluta,reprehenderit,deleniti
3154,quia,minima,non
7790,libero,a,adipisci
1633,natus,sequi,neque
2390,ullam,esse,fuga
4894,eos,voluptatibus,porro
7128,aperiam,sunt,non
1082,maiores,eius,quam
5199,doloribus,laudantium,repellat
6228,consequuntur,odio,totam
2820,dicta,nemo,nostrum
2730,maxime,ducimus,doloremque
4731,eius,voluptatum,eveniet
2328,iure,pariatur,possimus
6478,quaerat,deserunt,autem
7264,nemo,at,repudiandae
3638,quibusdam,sunt,laborum
6182,occaecati,quibusdam,facilis
1602,hic,facere,quibusdam
4624,voluptate,dolor,inventore
9939,numquam,necessitatibus,quidem
8035,nisi,qui,quae
7173,molestiae,architecto,dicta
5932,amet,aut,tenetur
1889,sapiente,iusto,ullam
8129,necessitatibus,optio,iure
5869,minus,ex,et
6871,et,maxime,atque
8235,consequatur,consequuntur,ipsum
6548,commodi,maiores,aliquam
5201,ut,rem,rem
3820,iure,dolorum,iure
7036,repellat,delectus,earum
8129,optio,praesentium,inventore
3177,debitis,pariatur,ab
4889,consequuntur,a,mollitia
1182,accusamus,minima,totam
5441,laudantium,accusantium,perferendis
4545,libero,minima,ipsum
2377,repellat,nihil,quam
5444,officiis,consequatur,reprehenderit
3258,aspernatur,error,necessitatibus
6076,in,aspernatur,veniam
3326,aspernatur,eos,sint
2871,laudantium,praesentium,eius
2310,eos,quo,cum
8932,repellat,similique,quae
1740,odit,odio,magni
3232,voluptas,nam,mollitia
6551,cumque,ut,laboriosam
9769,quaerat,suscipit,voluptate
3166,optio,saepe,impedit
2744,sint,totam,quaerat
5751,velit,sed,architecto
6350,amet,molestias,nostrum
8338,neque,modi,quod
6189,explicabo,dolor,nobis
6682,ducimus,veritatis,voluptates
8805,ad,corrupti,perspiciatis
9078,iusto,culpa,possimus
4433,harum,dolorum,provident
2966,blanditiis,praesentium,voluptatum
3817,mollitia,odio,consectetur
7940,minus,ex,delectus
2627,doloribus,modi,nihil
5940,aspernatur,delectus,nam
3198,nemo,magni,eum
6982,inventore,dolores,perspiciatis
6860,ullam,nobis,aliquam
1853,sunt,ea,et
9866,deserunt,id,porro
7142,rem,libero,quo
5894,alias,provident,ex
8240,ab,eligendi,rem
2341,eligendi,ullam,beatae
1293,delectus,expedita,saepe
3891,adipisci,enim,alias
6033,modi,nostrum,ullam
1615,omnis,eligendi,sapiente
1657,eligendi,aperiam,nihil
5962,dolore,culpa,nemo
5439,accusamus,numquam,nemo
2309,ex,quisquam,dolores
1947,facilis,quidem,eligendi
8893,ipsam,est,necessitatibus
6353,in,aliquam,aliquid
5337,atque,labore,asperiores
9522,eum,numquam,non
1422,saepe,quibusdam,assumenda
5440,ipsa,maxime,vero
4466,dolore,sequi,ut
5426,iste,consequuntur,corrupti
2534,fugiat,cupiditate,optio
6056,animi,nisi,id
5790,sapiente,error,velit
7976,voluptas,et,odio
5211,sed,natus,odio
8355,possimus,possimus,iusto
1856,laboriosam,accusantium,debitis
8847,possimus,saepe,possimus
9090,cum,atque,at
9870,nostrum,reprehenderit,distinctio
2069,culpa,dicta,a
2655,reiciendis,corporis,dolorem
6713,laudantium,debitis,sed
5268,amet,numquam,earum
4991,libero,fuga,sint
6415,harum,consectetur,dolorum
2708,blanditiis,explicabo,dolorum
6438,repudiandae,ea,dolorum
4913,qui,hic,in
4576,a,adipisci,corporis
4019,qui,unde,dolore
8095,architecto,expedita,ex
2618,tempora,optio,aliquid
2563,aperiam,amet,tenetur
2323,sunt,expedita,veritatis
2153,maxime,qui,repellendus
6332,occaecati,iste,aliquid
8652,eius,ab,culpa
6708,eligendi,recusandae,adipisci
1284,nemo,enim,assumenda
3540,eligendi,dolores,officiis
5266,assumenda,possimus,nihil
6637,reprehenderit,dolorem,porro
9942,tempore,cum,architecto
3107,vel,voluptate,error
8678,illo,maiores,sequi
1895,necessitatibus,illum,id
4696,optio,eaque,labore
6125,neque,accusamus,veniam
4937,sapiente,culpa,asperiores
5550,iste,velit,fuga
5074,inventore,quia,expedita
9376,doloribus,distinctio,accusantium
8984,eveniet,perspiciatis,ad
5265,sed,odio,molestias
8248,iusto,incidunt,corporis
9864,exercitationem,sint,sed
4570,explicabo,ducimus,labore
1607,magni,fugiat,sapiente
6924,dicta,iste,facere
9903,enim,magni,officiis
8903,cumque,delectus,suscipit
3904,corporis,saepe,voluptatum
1617,porro,occaecati,corporis
8818,vel,et,ad
1022,nemo,aperiam,porro
3703,beatae,blanditiis,illum
9470,corrupti,magnam,voluptates
9924,consequatur,animi,quod
6642,non,neque,et
8371,delectus,alias,officia
1358,impedit,nemo,ut
3959,sit,tempore,fugit
2171,minima,et,nihil
1481,magnam,corporis,ipsam
8925,vero,nihil,suscipit
6162,dicta,sed,dolorum
2420,fugiat,nemo,veritatis
3386,facere,voluptas,voluptatum
2243,dolores,velit,est
7054,tempora,explicabo,nam
4845,laudantium,blanditiis,dolorum
6421,molestias,ad,accusamus
8078,impedit,inventore,facilis
4463,doloremque,tempora,eum
3133,saepe,cupiditate,modi
1543,non,dicta,odio
1081,asperiores,excepturi,aspernatur
3859,ex,illum,fugit
5687,vitae,cum,cupiditate
4902,incidunt,quam,atque
5700,saepe,beatae,natus
2756,officiis,iste,autem
3240,eius,odit,impedit
6201,aperiam,ad,consectetur
5742,perspiciatis,dicta,atque
9627,earum,atque,natus
1272,repellendus,dolorem,repudiandae
7787,recusandae,optio,necessitatibus
8274,accusamus,velit,labore
9684,distinctio,qui,natus
3496,voluptatem,tempore,labore
2394,nobis,quo,modi
8430,molestias,corrupti,omnis
2990,corporis,molestias,commodi
5715,vel,ea,fuga
7370,sed,illum,harum
5304,fugiat,ipsam,alias
9198,magnam,amet,unde
6656,velit,nulla,laboriosam
1608,cupiditate,ex,molestias
2278,similique,deserunt,natus
5052,aperiam,suscipit,iure
