event_id,field_changed,old_val,new_val,timestamp
unde,saepe,repudiandae,deleniti,suscipit
harum,labore,recusandae,eaque,corporis
dolore,ipsam,ut,eveniet,iste
excepturi,quae,enim,magni,ullam
unde,nulla,ducimus,quo,atque
ut,recusandae,quidem,illo,porro
tempore,odit,laboriosam,laudantium,libero
placeat,rerum,rerum,odit,possimus
occaecati,fuga,eum,quas,ut
non,vero,soluta,ducimus,ipsam
earum,nemo,corrupti,ducimus,perferendis
facere,excepturi,saepe,qui,fugit
dolorum,omnis,voluptatum,quisquam,esse
amet,incidunt,id,quis,blanditiis
accusamus,sapiente,atque,eius,numquam
aut,a,sed,ipsa,quasi
nemo,deleniti,nam,voluptas,eos
maiores,neque,quidem,unde,vel
dolor,nam,cumque,qui,ipsa
amet,pariatur,delectus,reprehenderit,alias
natus,quia,impedit,vero,quibusdam
quae,fugit,hic,minus,at
dolores,quae,accusamus,quasi,quod
cupiditate,ipsam,vitae,cupiditate,tempore
distinctio,praesentium,quidem,eaque,quibusdam
iusto,nisi,ab,ipsum,possimus
ratione,delectus,cumque,saepe,fugiat
vel,vitae,architecto,dolorum,quidem
deleniti,unde,aperiam,ad,magnam
consequuntur,accusamus,eaque,itaque,ipsam
porro,blanditiis,occaecati,eveniet,unde
nobis,repudiandae,quam,eum,reprehenderit
nisi,perspiciatis,nihil,delectus,exercitationem
consequatur,enim,tenetur,minus,reprehenderit
sequi,molestiae,accusantium,doloremque,nulla
error,distinctio,facilis,rerum,accusantium
consequatur,perspiciatis,pariatur,dolorem,mollitia
repellat,soluta,ea,voluptatibus,voluptatum
atque,cupiditate,ab,deleniti,voluptas
omnis,expedita,beatae,rerum,placeat
minus,in,alias,voluptatibus,dolorem
velit,rerum,dolore,distinctio,cumque
facere,provident,numquam,itaque,dicta
repellendus,nisi,quod,error,recusandae
laboriosam,harum,reiciendis,perferendis,dignissimos
consequatur,perferendis,ipsa,explicabo,ipsam
officia,eum,hic,laudantium,error
laudantium,molestiae,aut,tempora,asperiores
ab,facere,eum,distinctio,aperiam
quidem,quod,dicta,natus,ut
nostrum,possimus,placeat,reiciendis,non
perspiciatis,quia,quos,quidem,totam
accusantium,rem,eligendi,impedit,molestias
nemo,sequi,ad,aliquam,maxime
doloremque,corrupti,occaecati,repellat,autem
pariatur,quos,doloremque,perspiciatis,reprehenderit
facilis,optio,quidem,minima,accusamus
reprehenderit,magni,ducimus,minus,est
distinctio,provident,delectus,ipsam,maxime
necessitatibus,cumque,architecto,alias,iure
itaque,vel,corrupti,rem,deleniti
inventore,totam,facere,repudiandae,placeat
excepturi,tempore,natus,animi,officia
commodi,quis,ea,exercitationem,totam
sed,eius,dolore,harum,corrupti
illo,placeat,dolorem,quae,sapiente
aliquam,molestiae,voluptas,recusandae,similique
iure,exercitationem,enim,voluptatem,a
asperiores,porro,cum,reiciendis,expedita
quod,neque,doloremque,facilis,sed
magni,ipsam,consectetur,odio,molestias
soluta,est,dignissimos,dolorem,ducimus
porro,commodi,exercitationem,veritatis,autem
minus,aperiam,quo,vero,corrupti
cumque,laboriosam,minima,accusamus,sunt
mollitia,maxime,est,porro,repellendus
expedita,tenetur,animi,similique,ullam
sit,iusto,harum,non,magnam
iste,esse,perferendis,suscipit,et
est,nulla,minima,non,maiores
odio,corrupti,sequi,numquam,ea
in,consequuntur,minima,excepturi,placeat
fugiat,quidem,asperiores,doloremque,inventore
et,reprehenderit,tempore,veritatis,at
exercitationem,facilis,incidunt,aliquid,molestias
reiciendis,corrupti,aliquam,dicta,architecto
repellat,soluta,eos,dolores,voluptatem
eveniet,mollitia,dignissimos,laudantium,animi
incidunt,vitae,iusto,officia,aperiam
quas,perferendis,aut,mollitia,consectetur
repellendus,tempore,aperiam,voluptatibus,illo
modi,harum,aperiam,in,molestias
praesentium,beatae,ex,sequi,nostrum
magnam,ducimus,maxime,quis,occaecati
natus,quam,molestiae,debitis,occaecati
repudiandae,nemo,dolor,animi,facere
ullam,eligendi,perferendis,totam,totam
quis,nam,eveniet,hic,reprehenderit
magni,asperiores,quisquam,nemo,minima
ab,corrupti,fuga,beatae,qui
veniam,quis,harum,voluptatem,maiores
ducimus,odio,laudantium,explicabo,dolore
fuga,blanditiis,veritatis,nemo,quae
nobis,alias,repellendus,ducimus,rem
ad,tenetur,culpa,aperiam,dolore
adipisci,iste,perferendis,ipsa,quibusdam
architecto,ea,rerum,labore,voluptatum
repellendus,totam,itaque,dignissimos,sapiente
doloremque,voluptas,aspernatur,molestias,iure
nulla,alias,porro,culpa,quam
odit,illum,cum,natus,sit
vel,iusto,quas,illo,excepturi
quae,laboriosam,excepturi,sint,ut
minima,minus,occaecati,fugiat,quo
asperiores,eius,cupiditate,veritatis,inventore
ratione,incidunt,nemo,non,asperiores
in,atque,eligendi,sequi,quod
nobis,beatae,ipsum,voluptatem,nostrum
earum,neque,perferendis,aut,totam
veritatis,veniam,eveniet,iure,numquam
quos,aspernatur,ullam,nostrum,dignissimos
voluptas,blanditiis,voluptatem,recusandae,illo
voluptate,dignissimos,rerum,magni,minima
a,quaerat,atque,nisi,cum
a,nihil,mollitia,a,sint
soluta,libero,vero,ipsam,amet
in,iste,libero,ad,doloremque
possimus,ipsum,officia,debitis,veritatis
aperiam,repudiandae,maxime,ea,veritatis
quia,quasi,iusto,nam,hic
sed,soluta,et,sint,quaerat
consequuntur,vitae,iure,asperiores,reprehenderit
eaque,cum,tenetur,rerum,optio
hic,unde,ipsum,amet,dolor
quo,eum,qui,impedit,molestias
harum,asperiores,porro,atque,magni
ducimus,voluptatum,earum,omnis,porro
ad,officia,error,quam,rerum
sit,enim,ab,rem,soluta
libero,fugiat,consequuntur,nisi,tempore
deserunt,praesentium,earum,laudantium,dicta
qui,ab,numquam,aperiam,natus
sint,expedita,quod,laboriosam,quis
necessitatibus,necessitatibus,eveniet,asperiores,laboriosam
laudantium,tenetur,omnis,omnis,libero
explicabo,expedita,quisquam,non,mollitia
a,saepe,facilis,odio,consequuntur
odit,nisi,autem,omnis,similique
nulla,placeat,id,eius,reprehenderit
distinctio,quidem,nesciunt,commodi,sed
excepturi,cum,illum,neque,modi
cumque,perspiciatis,maiores,omnis,excepturi
debitis,consectetur,recusandae,aliquid,totam
itaque,in,ratione,nesciunt,accusantium
cupiditate,accusantium,quas,quo,harum
omnis,ratione,dolores,incidunt,occaecati
eos,doloribus,fugit,dolor,ullam
nisi,esse,exercitationem,possimus,aliquam
molestiae,possimus,ullam,laudantium,omnis
quia,suscipit,laudantium,ipsa,in
harum,pariatur,nostrum,consequuntur,dolore
assumenda,dolore,dolore,est,ut
exercitationem,laborum,facilis,ipsa,sequi
quod,totam,officiis,minus,ut
quae,autem,dignissimos,quidem,quasi
nesciunt,accusantium,ab,fugiat,exercitationem
eaque,ipsam,eligendi,maxime,quibusdam
a,in,vel,repellendus,aspernatur
quam,recusandae,ut,iusto,nostrum
ut,delectus,at,sunt,placeat
perferendis,fugiat,sapiente,repellat,numquam
eligendi,ut,nobis,explicabo,minima
consequuntur,culpa,veniam,sapiente,quisquam
minima,eum,soluta,impedit,dolor
occaecati,ullam,delectus,quasi,doloribus
quis,eius,laboriosam,repellat,distinctio
facere,provident,architecto,quasi,autem
saepe,eius,veritatis,excepturi,minus
facilis,pariatur,illo,asperiores,ducimus
illo,vel,totam,facilis,perspiciatis
nobis,ipsum,labore,commodi,accusamus
quibusdam,beatae,molestiae,quisquam,voluptatum
mollitia,quas,sapiente,voluptatum,deleniti
dolores,nesciunt,quisquam,ea,perferendis
sed,laborum,quas,odit,dignissimos
inventore,culpa,reiciendis,architecto,dolor
animi,consectetur,praesentium,omnis,ipsa
nemo,consectetur,eos,ipsum,molestias
eveniet,culpa,omnis,maxime,a
iste,voluptas,nisi,laudantium,repellendus
amet,excepturi,voluptatem,quibusdam,neque
repellat,cupiditate,expedita,quaerat,fugit
totam,itaque,dolorum,veritatis,quos
velit,sapiente,accusantium,incidunt,laudantium
porro,dolorum,unde,sint,corporis
consectetur,maxime,praesentium,autem,quo
quas,culpa,error,iste,doloribus
optio,dignissimos,optio,hic,sequi
a,illum,vel,repellat,itaque
quaerat,at,quae,natus,sit
quasi,sint,animi,excepturi,aliquid
laudantium,ab,cum,unde,ut
repudiandae,labore,autem,deserunt,blanditiis
incidunt,perferendis,tenetur,labore,consequatur
ullam,ipsam,nisi,maiores,aperiam
optio,hic,velit,quisquam,id
deleniti,iusto,provident,maxime,hic
nam,porro,vitae,autem,illum
provident,aliquam,omnis,ad,incidunt
quisquam,quos,provident,omnis,iusto
quod,delectus,illum,quia,dolorem
molestiae,repellendus,cupiditate,impedit,placeat
veniam,rem,eum,maiores,quo
itaque,at,voluptate,laborum,deserunt
excepturi,tempore,assumenda,a,reprehenderit
eligendi,deleniti,quam,similique,eos
qui,occaecati,dolorem,similique,ducimus
nihil,assumenda,quis,amet,quae
est,voluptatibus,magnam,aperiam,expedita
tempora,minima,neque,saepe,voluptates
impedit,blanditiis,incidunt,est,in
voluptates,sequi,amet,quam,minima
neque,velit,facere,veniam,itaque
molestiae,nemo,dolores,earum,voluptatum
deleniti,culpa,porro,quos,sequi
cupiditate,temporibus,natus,culpa,repellat
quo,error,ipsum,occaecati,porro
aliquid,aut,asperiores,vero,perferendis
iste,cum,fugit,dignissimos,consequuntur
officia,quo,aliquid,nam,dolore
maxime,aut,soluta,quidem,doloremque
rem,necessitatibus,laborum,iure,blanditiis
officiis,expedita,omnis,libero,dolor
totam,nemo,laboriosam,odit,in
culpa,tenetur,voluptas,magnam,animi
illum,laudantium,quibusdam,nostrum,doloribus
nulla,at,id,quod,error
eaque,quaerat,cum,voluptates,qui
error,ad,nihil,ad,similique
doloremque,minima,maxime,ex,eius
corrupti,repellendus,officia,delectus,ratione
itaque,sed,similique,et,quibusdam
quasi,in,delectus,laudantium,explicabo
iusto,ullam,amet,soluta,numquam
assumenda,exercitationem,sapiente,nisi,eligendi
quis,veniam,natus,dolor,est
voluptatum,voluptates,nesciunt,deleniti,quo
voluptatibus,voluptatibus,sit,exercitationem,at
debitis,impedit,sed,error,eveniet
provident,veniam,quam,iste,molestias
id,labore,eveniet,maxime,consequatur
adipisci,beatae,iste,rem,voluptatum
officiis,blanditiis,voluptas,architecto,ipsam
aut,eveniet,reprehenderit,dolores,rerum
consequuntur,reprehenderit,maxime,dolores,in
necessitatibus,possimus,omnis,tempora,nesciunt
corporis,eligendi,fugiat,pariatur,pariatur
unde,reprehenderit,asperiores,esse,dolore
vitae,quam,animi,consequuntur,itaque
consequuntur,alias,quas,delectus,perspiciatis
ipsum,nisi,dolor,incidunt,magnam
provident,ipsam,ea,voluptate,sint
officia,vero,totam,sunt,dolorum
saepe,corporis,quis,eos,sit
quidem,autem,sit,deserunt,unde
numquam,praesentium,accusantium,ipsa,optio
tempora,culpa,ipsam,maiores,cum
eum,tenetur,quibusdam,facere,voluptatibus
odio,earum,doloribus,incidunt,at
nostrum,facilis,molestias,quis,tenetur
error,deserunt,animi,illum,modi
alias,in,perferendis,velit,optio
voluptatem,alias,perspiciatis,veritatis,qui
asperiores,modi,eveniet,unde,tenetur
quia,necessitatibus,possimus,id,impedit
harum,nulla,blanditiis,ex,ab
voluptates,tenetur,dicta,doloremque,iure
sint,animi,magni,sed,sunt
similique,similique,ea,corporis,similique
facilis,fugiat,consequuntur,nulla,numquam
error,assumenda,voluptate,libero,maiores
eum,perferendis,ab,asperiores,nam
blanditiis,laudantium,cumque,ex,dolor
in,nostrum,qui,autem,esse
earum,ut,ratione,culpa,voluptatem
sit,reprehenderit,officia,sapiente,perspiciatis
quod,magnam,veritatis,hic,asperiores
ab,ullam,sint,eveniet,tempora
labore,explicabo,consequatur,minus,aut
sit,aspernatur,ab,necessitatibus,mollitia
ratione,neque,in,architecto,aliquam
omnis,ducimus,deleniti,praesentium,debitis
quasi,temporibus,culpa,aut,cum
ratione,veritatis,fugit,soluta,alias
aliquid,totam,nulla,blanditiis,fugit
eum,provident,temporibus,deleniti,nam
porro,facere,neque,optio,aperiam
adipisci,unde,quis,mollitia,dolorum
facilis,repellat,facilis,officiis,sapiente
quia,natus,ad,qui,quaerat
cumque,consectetur,eius,tenetur,non
corrupti,consequuntur,est,quos,consequuntur
quia,veritatis,dolor,perspiciatis,dignissimos
molestias,aspernatur,perferendis,quibusdam,corporis
assumenda,officiis,iusto,quaerat,dignissimos
maiores,beatae,necessitatibus,necessitatibus,molestiae
molestiae,pariatur,fugit,ratione,earum
voluptas,quae,quia,animi,ullam
assumenda,dolor,sequi,cum,placeat
animi,dignissimos,numquam,pariatur,labore
totam,esse,voluptate,cum,nisi
possimus,illo,dignissimos,necessitatibus,quos
aspernatur,ducimus,error,hic,libero
quae,exercitationem,architecto,quod,nulla
sequi,consectetur,totam,laborum,magni
possimus,doloremque,cumque,perferendis,debitis
laborum,laboriosam,dicta,veritatis,beatae
temporibus,quo,ducimus,atque,laborum
quisquam,delectus,quibusdam,blanditiis,architecto
at,minima,mollitia,inventore,corporis
est,aut,provident,possimus,sed
modi,sint,saepe,quo,rem
tenetur,culpa,sapiente,doloremque,ducimus
eum,illum,voluptas,hic,perspiciatis
deleniti,quas,perferendis,facilis,quas
ad,explicabo,rem,libero,ab
voluptatum,aut,vel,distinctio,fugiat
fugit,voluptatibus,est,nam,eum
atque,qui,consequatur,earum,corporis
totam,eveniet,magnam,nisi,tempora
quas,consectetur,inventore,commodi,aut
architecto,enim,vero,quidem,quas
iste,dolorum,consequatur,voluptate,eligendi
animi,incidunt,quibusdam,nisi,voluptatibus
esse,nostrum,voluptatum,dolorum,aliquam
repudiandae,eligendi,dolorem,excepturi,quisquam
autem,eveniet,voluptatibus,officia,mollitia
eligendi,error,accusamus,nulla,repellat
tempore,quae,atque,similique,earum
quam,ipsam,sint,dolores,esse
porro,ea,alias,velit,minima
modi,nesciunt,quam,sit,perferendis
officiis,nemo,suscipit,eaque,delectus
nam,ex,quidem,animi,excepturi
ipsum,sed,quisquam,sapiente,tenetur
non,est,inventore,cum,officiis
quaerat,reprehenderit,ut,repellat,nobis
autem,harum,quibusdam,maxime,nostrum
totam,dolor,id,consequuntur,deserunt
at,iure,tempore,praesentium,culpa
blanditiis,hic,aut,eveniet,itaque
in,nemo,quos,dolore,similique
consequuntur,repudiandae,perspiciatis,rerum,voluptatem
nostrum,facere,tenetur,dignissimos,quaerat
dicta,voluptate,optio,doloremque,officia
ipsam,voluptas,repellat,aspernatur,natus
enim,provident,quae,dolorum,iste
nesciunt,exercitationem,vel,sint,nobis
odio,placeat,similique,voluptatibus,commodi
asperiores,aperiam,fugiat,possimus,tempora
sapiente,ipsum,dolorem,iure,voluptas
ab,aperiam,nulla,cupiditate,nostrum
accusantium,omnis,natus,placeat,neque
voluptate,doloremque,aspernatur,quis,aliquam
nam,rem,eveniet,quis,libero
cum,totam,minus,quis,aspernatur
explicabo,natus,id,vel,explicabo
incidunt,numquam,nostrum,ea,molestiae
corrupti,eligendi,deserunt,necessitatibus,aperiam
vero,dolores,nostrum,laborum,facere
dolor,quas,nulla,corporis,necessitatibus
quam,deleniti,amet,assumenda,amet
ullam,odio,consectetur,amet,animi
consequuntur,mollitia,ipsum,ducimus,magnam
nulla,recusandae,recusandae,dignissimos,vel
doloremque,tempore,dolorem,assumenda,totam
dignissimos,autem,excepturi,architecto,magnam
iusto,natus,maxime,impedit,possimus
placeat,excepturi,laudantium,labore,et
cum,ipsam,corrupti,qui,repellendus
est,delectus,exercitationem,iure,libero
mollitia,consequatur,nisi,voluptatem,doloribus
necessitatibus,voluptas,harum,repellendus,sit
amet,minus,quae,esse,earum
voluptatum,quaerat,necessitatibus,repellat,vitae
magni,doloremque,ipsa,alias,doloribus
quam,corrupti,neque,asperiores,ea
veritatis,commodi,quod,omnis,sunt
nulla,cumque,nesciunt,eaque,aliquid
adipisci,tenetur,accusantium,deleniti,molestias
deleniti,non,dolorum,saepe,neque
quis,quo,sint,explicabo,nisi
nulla,sapiente,itaque,autem,non
a,consectetur,sequi,quasi,saepe
corrupti,accusamus,cum,aliquam,inventore
architecto,sit,asperiores,illo,saepe
accusamus,nihil,aperiam,consequuntur,ullam
cum,tempore,dolorem,commodi,ipsa
ullam,numquam,quod,ullam,dolorem
quam,dignissimos,totam,odio,ratione
sunt,animi,maiores,quasi,culpa
labore,animi,totam,exercitationem,dignissimos
ad,natus,enim,ad,mollitia
similique,rem,inventore,nam,nam
id,adipisci,neque,dignissimos,nam
eum,fugit,similique,odio,cupiditate
placeat,eum,dolorum,architecto,quis
reprehenderit,nisi,porro,nulla,recusandae
corporis,aliquam,numquam,animi,a
repellat,esse,numquam,facere,soluta
quisquam,quidem,ullam,maiores,saepe
magnam,voluptatum,officiis,explicabo,in
totam,culpa,porro,repellat,dolor
hic,deserunt,sint,recusandae,iusto
doloremque,molestias,sunt,nihil,dolorem
tempora,minima,aut,aliquam,tempore
accusantium,consequuntur,quia,necessitatibus,nisi
recusandae,facere,nemo,optio,architecto
animi,eum,explicabo,praesentium,tempore
quo,nostrum,provident,labore,culpa
numquam,fugit,iure,ex,corporis
beatae,adipisci,voluptate,libero,nam
optio,deserunt,id,animi,sint
a,hic,molestiae,harum,quis
error,praesentium,labore,sed,vitae
ea,ipsa,aliquid,ex,placeat
sint,nam,nisi,quos,laboriosam
impedit,quisquam,soluta,aperiam,voluptas
est,deleniti,perspiciatis,quis,beatae
quisquam,quas,dolorum,numquam,reiciendis
expedita,sit,laudantium,qui,velit
a,iusto,praesentium,repellat,hic
eius,quis,ut,vel,eum
aliquam,quia,aspernatur,at,pariatur
beatae,veniam,sapiente,harum,atque
mollitia,quisquam,asperiores,mollitia,ipsum
accusantium,eos,magni,officiis,iure
quaerat,possimus,necessitatibus,placeat,nesciunt
consequuntur,doloremque,quam,eaque,repellendus
dolor,error,doloremque,eos,temporibus
et,odit,sunt,sequi,harum
ducimus,velit,beatae,error,iusto
illo,alias,beatae,fugit,accusamus
hic,doloremque,ex,reprehenderit,quia
sit,tenetur,magni,ex,sit
et,cumque,aperiam,praesentium,ab
incidunt,numquam,aut,dolorem,eum
sit,ducimus,numquam,unde,incidunt
architecto,totam,deserunt,maiores,deleniti
possimus,sapiente,itaque,ratione,rem
aliquid,ipsa,veniam,nulla,ab
libero,blanditiis,explicabo,soluta,dolorum
quasi,sequi,amet,dolore,quidem
sapiente,autem,quisquam,eos,quis
tempora,asperiores,minima,incidunt,sequi
magni,et,iure,cumque,impedit
alias,incidunt,tempore,soluta,aperiam
cum,et,ex,corporis,deleniti
totam,sint,culpa,accusantium,quod
voluptatibus,atque,dolore,labore,eaque
suscipit,aliquam,animi,ullam,quam
libero,eaque,iusto,accusamus,eligendi
ducimus,veritatis,soluta,quia,cumque
voluptate,alias,mollitia,labore,dolore
necessitatibus,tempora,ullam,consequatur,natus
aliquid,facilis,modi,magnam,quas
accusamus,eligendi,totam,praesentium,esse
labore,dolorum,quo,provident,sint
eum,labore,vel,fugiat,corrupti
distinctio,vitae,excepturi,fugiat,exercitationem
aspernatur,repellendus,consequatur,inventore,officiis
quaerat,a,incidunt,ut,asperiores
enim,maiores,quod,quas,minima
temporibus,sit,reprehenderit,natus,repellat
consectetur,commodi,quibusdam,ut,a
numquam,aliquid,odio,possimus,eum
debitis,blanditiis,illum,provident,quod
ea,placeat,nam,quos,officiis
at,alias,temporibus,numquam,dolorem
qui,quidem,vero,odit,velit
minus,dolor,cum,ipsa,iure
porro,sapiente,consectetur,beatae,repellat
soluta,dicta,at,suscipit,nemo
expedita,quo,labore,eum,voluptatum
culpa,dicta,suscipit,modi,quia
odio,veniam,vel,a,sed
rem,voluptas,libero,quod,quam
veritatis,quaerat,deleniti,veritatis,ad
quis,odio,in,animi,quos
labore,officia,facilis,necessitatibus,possimus
iusto,numquam,ad,placeat,eveniet
autem,facere,aspernatur,possimus,eos
ullam,distinctio,mollitia,commodi,quia
ad,ullam,dicta,rem,cum
rem,delectus,explicabo,eaque,consequatur
aperiam,officia,ad,minima,consequatur
nihil,illo,eum,id,quibusdam
magnam,enim,provident,officiis,et
nihil,laborum,dolorem,ipsum,unde
inventore,eos,explicabo,qui,excepturi
esse,quos,praesentium,a,nobis
exercitationem,molestiae,veritatis,aspernatur,tenetur
hic,qui,quae,in,voluptatum
laboriosam,laudantium,facere,adipisci,laudantium
ratione,illum,deserunt,quia,libero
hic,amet,a,quod,hic
dicta,dicta,aperiam,earum,sapiente
illo,quibusdam,similique,quaerat,rerum
enim,sint,vero,numquam,tempore
cum,nobis,recusandae,quibusdam,impedit
esse,porro,sapiente,architecto,adipisci
dolor,animi,a,ipsa,asperiores
voluptates,eos,sunt,perferendis,dignissimos
culpa,illum,voluptatum,adipisci,pariatur
voluptates,non,quae,ex,fuga
exercitationem,eligendi,ad,vitae,facere
vitae,cum,fuga,neque,pariatur
corporis,voluptatum,dolores,facilis,cumque
laborum,iure,illo,doloribus,culpa
accusantium,omnis,voluptatem,sint,iure
fugit,tempora,optio,delectus,illum
beatae,vitae,consectetur,sapiente,rem
veritatis,itaque,ipsam,voluptatem,sunt
numquam,dicta,quae,tenetur,fuga
asperiores,adipisci,officia,ea,officia
sit,quasi,repellat,sunt,consequatur
iure,ullam,nesciunt,cum,magnam
eligendi,inventore,molestias,iste,laboriosam
accusamus,beatae,fugit,doloremque,eum
consectetur,aut,tempore,eum,est
quidem,vel,aperiam,deserunt,debitis
dolor,ipsam,aperiam,dolor,quae
quibusdam,aliquam,dolorum,quis,animi
dolorem,hic,ipsam,commodi,perferendis
eum,delectus,autem,quidem,dolores
odio,sapiente,illum,reiciendis,atque
recusandae,sunt,beatae,illo,laudantium
eum,sunt,aperiam,occaecati,quae
ratione,cumque,asperiores,distinctio,animi
officia,dolor,eveniet,magni,officiis
temporibus,ab,ab,tempora,ex
aliquid,amet,eveniet,fugiat,architecto
natus,ea,hic,blanditiis,rem
quidem,debitis,hic,voluptatum,voluptatum
quae,ea,magnam,aspernatur,quas
dolorum,voluptates,dolorem,cupiditate,eveniet
voluptates,asperiores,dolorem,esse,nesciunt
temporibus,molestias,assumenda,animi,molestiae
deserunt,pariatur,laboriosam,repellendus,doloremque
sunt,doloribus,soluta,nobis,harum
suscipit,est,delectus,earum,culpa
magnam,dolorum,tenetur,ex,magnam
perferendis,repellendus,ut,sunt,eligendi
modi,non,alias,eius,consequuntur
suscipit,ducimus,minus,quae,reprehenderit
aspernatur,facilis,eius,illum,ut
ullam,assumenda,recusandae,quaerat,est
atque,nostrum,non,ut,suscipit
doloribus,tempore,occaecati,cupiditate,officia
consectetur,quidem,cum,ad,tempora
fuga,delectus,ullam,accusamus,eos
pariatur,consequatur,fuga,veritatis,sint
tempora,nihil,ullam,corporis,quasi
alias,hic,libero,sequi,est
corporis,cum,iure,esse,cupiditate
maxime,praesentium,sint,commodi,delectus
delectus,maxime,velit,voluptate,aut
rerum,officia,assumenda,eos,fugiat
nemo,eaque,quo,quos,aliquam
ipsa,ex,nihil,neque,iure
magni,maxime,commodi,vitae,quidem
itaque,nemo,debitis,a,beatae
veniam,accusantium,maxime,facilis,deserunt
recusandae,alias,quae,deleniti,assumenda
occaecati,ipsa,esse,similique,quam
dolore,illum,quam,veniam,repellat
tempora,deserunt,optio,impedit,libero
repudiandae,veritatis,animi,culpa,maxime
iusto,corporis,ex,porro,dolores
aliquam,at,aut,impedit,nam
repudiandae,atque,accusantium,odit,cupiditate
praesentium,qui,enim,repudiandae,placeat
quidem,deleniti,expedita,vel,nisi
numquam,blanditiis,corrupti,iusto,laboriosam
delectus,dolorem,ab,maxime,autem
similique,iusto,repudiandae,eos,facilis
ex,perspiciatis,quae,explicabo,occaecati
recusandae,ut,quisquam,quam,modi
nesciunt,perferendis,qui,eveniet,iste
facilis,recusandae,quas,dolor,laborum
exercitationem,commodi,sapiente,unde,ullam
eos,labore,similique,quis,quibusdam
in,nulla,eos,aliquam,nisi
minus,doloribus,ipsum,animi,officiis
illo,aliquam,unde,cupiditate,nobis
et,ipsam,sequi,libero,reiciendis
sed,nostrum,architecto,nisi,occaecati
facilis,quisquam,eligendi,eum,numquam
illo,accusantium,quidem,expedita,quaerat
vel,nam,error,veniam,numquam
debitis,consequuntur,quae,pariatur,non
dolor,magnam,laborum,dolore,eos
totam,optio,est,a,at
voluptatibus,vel,aspernatur,libero,sit
quae,architecto,illo,reprehenderit,sequi
ex,consectetur,quod,aperiam,ipsa
eos,perferendis,natus,impedit,quia
natus,ipsam,vitae,dolorem,libero
nulla,eligendi,est,aspernatur,ab
sint,accusantium,tempora,esse,expedita
labore,repellendus,voluptatem,eum,quibusdam
laboriosam,blanditiis,modi,quasi,laudantium
laudantium,occaecati,tempora,ratione,facilis
perspiciatis,deserunt,itaque,nam,ipsam
impedit,amet,at,nostrum,quibusdam
consectetur,aperiam,vel,numquam,dolore
soluta,dolorem,tempore,fugit,quaerat
impedit,quidem,dolor,quia,veniam
tempore,maiores,sequi,molestias,magnam
ducimus,nam,aperiam,voluptatem,aliquid
harum,adipisci,deleniti,rem,quo
in,quia,laudantium,ipsa,temporibus
aperiam,eligendi,iusto,earum,minus
omnis,dicta,voluptatem,at,soluta
laborum,neque,reiciendis,sint,facere
delectus,quasi,adipisci,nisi,deserunt
consequuntur,repudiandae,consectetur,animi,impedit
corrupti,ullam,porro,possimus,veniam
quisquam,fugit,ipsum,occaecati,quisquam
adipisci,assumenda,voluptate,veritatis,sapiente
harum,vero,eveniet,eaque,officia
aliquid,error,beatae,animi,quod
iure,quia,perferendis,natus,cum
similique,iusto,dignissimos,quas,ullam
praesentium,nam,fugiat,ut,aspernatur
deserunt,temporibus,quasi,aspernatur,quibusdam
maiores,sunt,quasi,quaerat,dolorem
suscipit,voluptate,voluptatum,atque,odit
ad,sunt,ea,veritatis,ea
quisquam,error,perferendis,a,magni
pariatur,dicta,optio,repellendus,recusandae
fugit,dolor,voluptatem,fugit,officiis
repudiandae,voluptatibus,iste,eaque,ex
cupiditate,vel,saepe,rerum,et
amet,dolorum,sequi,nesciunt,harum
perferendis,laborum,eveniet,reiciendis,numquam
rerum,ipsam,laborum,atque,nihil
quas,nisi,consequuntur,nam,nam
incidunt,corrupti,ratione,facilis,culpa
fugit,expedita,eaque,illum,placeat
laudantium,voluptatibus,dignissimos,nihil,maxime
facilis,architecto,natus,nostrum,quae
iste,quas,laborum,culpa,voluptatibus
veniam,sint,provident,perspiciatis,quis
minus,maiores,repellat,ipsam,quas
est,non,laborum,nesciunt,exercitationem
dolorem,dicta,quidem,nisi,dolorem
labore,minima,odio,hic,dolore
quidem,dolore,fuga,autem,iste
dicta,neque,optio,debitis,cupiditate
vero,libero,deserunt,aliquid,unde
placeat,maiores,repellendus,alias,officiis
commodi,numquam,illum,fugiat,ab
dolorem,voluptatibus,exercitationem,quasi,dolor
ab,nobis,rem,ut,dolorem
facere,debitis,id,illo,quia
exercitationem,necessitatibus,blanditiis,asperiores,ducimus
veniam,amet,natus,officiis,laborum
excepturi,fuga,neque,provident,libero
labore,veritatis,incidunt,eius,dicta
ex,nobis,voluptatum,sunt,a
quas,mollitia,distinctio,maiores,recusandae
sit,recusandae,libero,molestiae,iure
eveniet,rem,corrupti,laudantium,exercitationem
perferendis,quidem,repellendus,similique,suscipit
dolorum,autem,perspiciatis,possimus,doloribus
facilis,at,molestias,incidunt,possimus
enim,voluptates,dolorum,ullam,quod
placeat,enim,est,earum,molestias
illo,sed,rerum,tenetur,cumque
ipsam,nisi,quod,illo,aut
sit,cupiditate,odit,temporibus,cumque
distinctio,impedit,tenetur,maiores,porro
suscipit,voluptas,nulla,architecto,nesciunt
sapiente,iusto,maiores,porro,tempore
iusto,excepturi,facilis,pariatur,explicabo
architecto,provident,odio,consectetur,quod
atque,eos,iste,natus,laboriosam
perspiciatis,doloribus,labore,ratione,voluptates
minima,doloribus,cumque,numquam,eius
deserunt,occaecati,necessitatibus,mollitia,et
voluptatibus,dolor,eius,quas,quam
non,ratione,omnis,alias,laborum
error,est,eos,perspiciatis,quam
nesciunt,quaerat,perspiciatis,illo,officiis
aut,aperiam,adipisci,cum,assumenda
maxime,delectus,quibusdam,odio,illum
necessitatibus,deleniti,officia,debitis,explicabo
quis,quam,animi,eos,animi
odit,non,deserunt,tempora,amet
cum,inventore,aut,quas,minus
quis,reprehenderit,sint,perspiciatis,minus
nobis,maiores,illo,error,nesciunt
accusantium,qui,non,voluptatem,modi
voluptate,nobis,delectus,quibusdam,minima
ex,minus,quidem,modi,eveniet
adipisci,iusto,veritatis,eius,pariatur
ab,velit,sit,ipsum,error
repellendus,possimus,optio,neque,vel
ipsum,eius,nam,dolore,provident
recusandae,libero,ex,iste,officiis
expedita,qui,labore,incidunt,occaecati
cum,molestias,reiciendis,qui,quibusdam
repudiandae,sint,soluta,laudantium,exercitationem
molestias,necessitatibus,dolores,in,placeat
minima,libero,impedit,assumenda,nobis
atque,rem,voluptas,accusamus,veniam
delectus,asperiores,asperiores,incidunt,ut
vel,vero,quasi,eius,excepturi
fugit,voluptate,eum,quisquam,mollitia
blanditiis,consequatur,qui,ut,dolore
aperiam,officia,iste,architecto,itaque
molestiae,rem,officiis,dolore,cum
vitae,eum,atque,facere,omnis
harum,sequi,harum,dolorem,reiciendis
deleniti,aperiam,nemo,accusamus,fugit
sint,aliquid,quos,perferendis,delectus
nobis,ad,vel,facilis,ipsa
odio,commodi,dicta,aspernatur,sed
eveniet,autem,quasi,officia,sed
laboriosam,ad,corporis,praesentium,est
laborum,amet,dolores,sunt,nihil
perferendis,natus,asperiores,rem,eaque
temporibus,officiis,id,enim,ad
reiciendis,impedit,neque,libero,deserunt
ipsa,mollitia,culpa,iste,magnam
totam,sunt,quod,omnis,dolore
sit,explicabo,perferendis,explicabo,sit
asperiores,mollitia,dicta,ea,aperiam
omnis,incidunt,praesentium,odit,impedit
perferendis,totam,ipsam,exercitationem,a
fugiat,itaque,deleniti,minima,deserunt
rem,et,ipsa,eaque,voluptates
cum,explicabo,aut,earum,eligendi
impedit,veniam,eos,commodi,eos
laborum,blanditiis,ipsa,fugiat,doloremque
nostrum,nam,doloribus,iusto,pariatur
debitis,ea,iusto,eligendi,ipsa
ut,eius,eius,accusamus,veniam
vel,dolor,accusantium,consequuntur,enim
fuga,adipisci,pariatur,iste,dolorum
dolor,aliquam,voluptatum,laboriosam,ipsum
labore,beatae,eveniet,aut,modi
incidunt,quia,optio,corrupti,animi
rerum,illo,laudantium,repellendus,accusamus
excepturi,ut,magnam,nesciunt,alias
quod,aliquam,rerum,possimus,molestias
possimus,eveniet,porro,fuga,laboriosam
expedita,esse,tempora,dolor,vel
cum,labore,cum,totam,quae
optio,provident,repudiandae,optio,itaque
numquam,quas,nihil,tempora,delectus
facilis,harum,quo,reprehenderit,tempora
omnis,consequatur,cum,non,nulla
velit,exercitationem,assumenda,perferendis,assumenda
totam,molestias,illo,autem,aliquid
temporibus,sint,reiciendis,architecto,ea
inventore,corporis,sapiente,officia,culpa
corrupti,rem,aperiam,modi,fugit
praesentium,vitae,molestias,similique,repudiandae
numquam,sit,quod,rerum,ipsam
facilis,perferendis,adipisci,pariatur,veniam
nam,et,cupiditate,earum,laborum
commodi,assumenda,saepe,iure,deleniti
ducimus,esse,quibusdam,dolorum,natus
quam,consequuntur,quaerat,dolore,ut
iste,accusantium,eligendi,laborum,fugiat
ad,expedita,veniam,eum,expedita
quasi,voluptates,quis,adipisci,laudantium
soluta,reiciendis,voluptatum,molestias,voluptatem
facilis,quasi,blanditiis,dolorem,nisi
quibusdam,vitae,aliquid,ducimus,earum
debitis,aliquam,hic,exercitationem,modi
error,quisquam,tempora,quaerat,amet
laboriosam,laboriosam,cupiditate,explicabo,error
repellat,consequatur,aliquid,facilis,nemo
ut,minima,voluptatum,distinctio,quos
ullam,ad,cupiditate,illum,quia
veritatis,modi,nemo,fuga,laudantium
rem,natus,error,quidem,autem
dicta,praesentium,quisquam,magnam,totam
adipisci,tenetur,sint,voluptatem,dolore
perferendis,hic,harum,libero,molestias
repudiandae,quod,libero,libero,ea
odit,ullam,assumenda,consequatur,eos
eaque,iste,unde,blanditiis,provident
enim,debitis,laudantium,pariatur,at
ducimus,dignissimos,numquam,veniam,modi
numquam,facilis,alias,iste,ullam
impedit,dignissimos,laudantium,distinctio,repellendus
facilis,magni,sapiente,amet,aliquid
dignissimos,cumque,iusto,repudiandae,minima
labore,aliquam,dolor,ipsum,consequatur
blanditiis,libero,quod,facere,est
reprehenderit,quis,similique,quae,quod
iste,temporibus,nisi,nisi,at
beatae,unde,quo,itaque,sapiente
ut,corporis,ab,quae,explicabo
harum,nisi,nostrum,ratione,sapiente
nihil,deserunt,libero,maiores,laboriosam
aperiam,odit,deserunt,rerum,occaecati
repellendus,vel,doloribus,aspernatur,illum
consequuntur,quam,eius,commodi,quam
sit,sapiente,omnis,dolorem,iure
odit,autem,illum,quod,aut
dolores,repellat,illo,consequatur,aliquam
repellat,excepturi,amet,ullam,iste
iure,perferendis,odio,vel,doloribus
accusantium,assumenda,voluptatem,veniam,sapiente
suscipit,fugit,ea,neque,nam
dolor,accusantium,voluptate,ipsam,quia
ex,nemo,rem,aliquid,quisquam
dolore,repellat,ipsum,qui,tempora
quae,numquam,temporibus,voluptatem,molestiae
rem,culpa,dolore,dolorum,hic
explicabo,blanditiis,quaerat,corporis,animi
culpa,qui,voluptate,iure,culpa
corrupti,incidunt,ullam,vero,nesciunt
dicta,ipsam,iure,voluptas,nulla
maiores,voluptas,iusto,suscipit,deserunt
at,alias,nam,fugit,beatae
exercitationem,molestiae,voluptate,ea,minus
doloribus,repellendus,a,expedita,excepturi
quam,saepe,in,necessitatibus,provident
cum,odio,eligendi,nihil,alias
doloribus,eligendi,impedit,quas,dolore
alias,iste,esse,quasi,dolorem
explicabo,quam,neque,quidem,molestiae
perspiciatis,pariatur,iusto,quas,at
voluptas,est,quia,facilis,numquam
repellat,ipsam,magnam,est,vel
distinctio,at,est,reiciendis,quo
earum,id,animi,dignissimos,totam
ducimus,deserunt,earum,ad,possimus
repudiandae,accusantium,ipsum,cum,beatae
voluptatem,nisi,nobis,libero,ea
ex,voluptatem,excepturi,a,eos
officiis,cum,quis,ea,tempora
eius,velit,omnis,numquam,impedit
quia,provident,dolor,quisquam,pariatur
quae,reiciendis,dolor,voluptatum,corporis
possimus,odit,accusantium,quod,placeat
laboriosam,dolorem,libero,fugiat,nam
ipsa,consequuntur,asperiores,pariatur,aperiam
saepe,vel,eum,aut,sequi
nesciunt,quisquam,provident,exercitationem,dolores
eius,aut,aperiam,amet,totam
accusantium,quae,similique,officiis,perferendis
exercitationem,earum,iusto,animi,consectetur
autem,veritatis,expedita,sit,perspiciatis
accusamus,maxime,illum,odit,voluptates
quae,fugit,eum,mollitia,quaerat
saepe,quas,cupiditate,tenetur,sed
libero,nihil,vero,sed,tenetur
quia,quia,possimus,iste,officia
repellendus,laborum,pariatur,excepturi,mollitia
unde,tempora,sed,consequatur,ipsum
consectetur,dolorum,temporibus,occaecati,ab
sunt,ut,numquam,ipsa,quia
voluptatum,corrupti,laudantium,non,molestias
quasi,eligendi,aspernatur,doloremque,occaecati
dolores,sit,commodi,aperiam,molestiae
aliquid,iste,vero,fugiat,aperiam
omnis,natus,debitis,nam,ducimus
ipsam,asperiores,qui,excepturi,sequi
nemo,provident,odio,consectetur,autem
aperiam,ut,ducimus,numquam,sit
repellat,aperiam,laborum,nihil,repellendus
modi,voluptatibus,aut,voluptates,deserunt
ut,delectus,laudantium,harum,numquam
iste,dicta,aut,porro,qui
repellendus,impedit,aliquam,qui,amet
aut,quas,a,nostrum,enim
eius,illo,quia,nemo,culpa
explicabo,error,hic,consequuntur,repellendus
iusto,maiores,commodi,nihil,quibusdam
eaque,similique,dignissimos,et,beatae
perferendis,aliquid,officiis,eius,aut
alias,rerum,modi,ab,culpa
accusantium,necessitatibus,quis,molestias,sit
officiis,doloribus,reiciendis,quidem,quod
aut,nisi,consectetur,sapiente,magnam
quibusdam,explicabo,a,incidunt,ad
eligendi,esse,distinctio,mollitia,mollitia
laboriosam,voluptatem,in,architecto,quos
molestias,impedit,doloribus,est,tenetur
sequi,placeat,cupiditate,tempora,quam
distinctio,ipsum,animi,in,fuga
dignissimos,debitis,impedit,quae,tempore
ipsam,quis,incidunt,id,fugiat
suscipit,veniam,nam,dolorem,possimus
nostrum,laboriosam,labore,molestiae,nemo
doloremque,facere,architecto,est,tenetur
eveniet,ea,velit,nam,quasi
libero,odio,repudiandae,dicta,iure
atque,quo,laboriosam,vitae,molestias
laudantium,iure,eaque,natus,maiores
impedit,architecto,necessitatibus,architecto,similique
adipisci,vel,laborum,quis,corporis
id,animi,perferendis,et,facilis
veritatis,dolorum,nobis,aspernatur,nihil
quisquam,quisquam,facilis,repudiandae,distinctio
numquam,quae,nulla,quod,recusandae
nemo,sequi,eaque,error,eius
doloremque,nesciunt,quam,est,id
quaerat,libero,quo,totam,possimus
similique,cumque,dolore,illo,itaque
assumenda,nobis,sint,sunt,velit
sit,laborum,dolore,delectus,quam
laudantium,atque,non,natus,voluptates
voluptatum,sint,recusandae,itaque,quisquam
quia,eum,inventore,recusandae,quisquam
nam,aperiam,voluptate,reprehenderit,dicta
provident,autem,fugiat,nam,dolorum
nisi,harum,rerum,temporibus,fugiat
consequuntur,praesentium,fugiat,fugiat,saepe
et,suscipit,rem,nihil,fugiat
repellendus,nam,possimus,ratione,pariatur
accusantium,accusantium,nisi,culpa,natus
harum,nulla,reiciendis,est,quas
accusantium,quam,harum,necessitatibus,modi
assumenda,dolores,magni,veritatis,quibusdam
libero,laboriosam,reiciendis,eligendi,harum
alias,velit,vero,impedit,neque
mollitia,molestias,in,optio,quae
voluptatem,culpa,atque,distinctio,sunt
magnam,natus,provident,vel,porro
maiores,quisquam,consectetur,deleniti,hic
itaque,adipisci,error,dicta,sunt
aliquam,aliquam,consequatur,deserunt,aliquam
deleniti,quisquam,laboriosam,sit,accusantium
mollitia,ex,nisi,ipsam,fugit
quibusdam,deleniti,eum,architecto,soluta
dolores,veniam,iure,consequuntur,eius
harum,alias,quas,natus,sunt
nulla,libero,qui,corrupti,sed
laudantium,optio,officia,fugit,necessitatibus
eos,fuga,alias,sed,soluta
minima,soluta,quisquam,minus,illum
vitae,in,cumque,perspiciatis,exercitationem
dolore,laboriosam,corrupti,animi,commodi
nam,animi,quod,sed,inventore
reiciendis,repellendus,explicabo,animi,fuga
vel,veniam,voluptates,veniam,eos
eos,ab,culpa,pariatur,accusamus
aperiam,explicabo,qui,quas,enim
cum,quaerat,quas,unde,sequi
doloremque,possimus,corrupti,deleniti,hic
mollitia,assumenda,ipsum,repudiandae,ratione
sunt,rem,aliquid,tenetur,doloremque
accusamus,possimus,cumque,saepe,cumque
quaerat,optio,animi,dignissimos,consectetur
quaerat,commodi,vero,dolor,ipsa
similique,voluptas,sequi,accusantium,doloremque
quam,repellat,aliquid,sint,facere
quam,unde,vero,nisi,beatae
repellendus,at,voluptates,consequatur,quasi
facere,nam,adipisci,incidunt,laborum
aut,velit,debitis,sed,deleniti
quasi,sapiente,accusamus,reprehenderit,quae
nihil,iure,eligendi,placeat,nesciunt
harum,itaque,numquam,autem,facere
laboriosam,quis,corporis,ipsum,adipisci
nostrum,molestias,molestias,ad,quibusdam
vitae,doloremque,magni,reiciendis,dignissimos
eligendi,reprehenderit,sunt,sapiente,adipisci
officia,delectus,iusto,repudiandae,quisquam
incidunt,eos,doloremque,asperiores,expedita
blanditiis,itaque,occaecati,incidunt,quo
totam,ex,totam,nulla,deserunt
dolorum,hic,occaecati,saepe,ipsum
nisi,quis,inventore,ea,repellat
mollitia,nostrum,ad,quae,voluptas
architecto,perferendis,distinctio,voluptates,quidem
possimus,tenetur,cum,quis,repellendus
natus,culpa,perferendis,hic,sit
perspiciatis,in,modi,sed,blanditiis
dolorem,modi,harum,quam,fuga
doloribus,maxime,nam,eveniet,nihil
ullam,id,impedit,consequuntur,eius
impedit,voluptatibus,ullam,minima,ad
aut,saepe,consequuntur,esse,at
itaque,dolorem,voluptatibus,ex,alias
corrupti,veniam,fugit,rerum,tempore
enim,esse,a,quam,libero
aperiam,facilis,eius,deserunt,ut
error,esse,nesciunt,quos,aliquid
dolore,optio,ad,rem,deserunt
laborum,repudiandae,ratione,ab,labore
neque,voluptatem,doloremque,iure,saepe
