rm_id,rm_name,sm_id,sm_name,bm_name,region_mgr,zonal_mgr,cm_id,cm_name
rem,eaque,dicta,fugit,repudiandae,cum,maiores,rem,laudantium
ab,in,voluptatum,ut,quidem,temporibus,expedita,modi,libero
aliquam,earum,nemo,qui,pariatur,ducimus,voluptatum,reiciendis,modi
reiciendis,debitis,nam,ad,magni,delectus,molestiae,hic,error
ea,ut,impedit,qui,aspernatur,fuga,totam,ipsum,deleniti
ipsa,error,excepturi,cupiditate,perspiciatis,veniam,ad,odio,qui
facilis,minima,doloremque,illum,eos,itaque,ex,recusandae,officiis
facilis,perspiciatis,ab,ex,recusandae,ut,eum,rerum,aspernatur
error,culpa,recusandae,maiores,consectetur,blanditiis,earum,dolore,reiciendis
veritatis,odit,non,sed,mollitia,amet,rerum,voluptatem,ea
deserunt,quibusdam,rem,temporibus,magnam,consequatur,in,exercitationem,atque
commodi,tenetur,natus,vero,molestiae,nesciunt,quisquam,deleniti,aliquam
repellendus,adipisci,repellat,reprehenderit,quam,deserunt,esse,officia,vel
occaecati,reiciendis,molestias,provident,ipsam,dicta,pariatur,perferendis,eaque
facilis,dolor,aut,veniam,quis,facere,fugiat,earum,repellendus
quod,esse,dignissimos,id,accusamus,possimus,mollitia,quia,laborum
harum,laudantium,eum,nihil,animi,veniam,esse,dolor,deleniti
nisi,facere,perferendis,soluta,ratione,inventore,dolor,sit,ipsa
vel,doloremque,eum,culpa,quidem,cumque,accusantium,cumque,ipsa
autem,quibusdam,ullam,repudiandae,soluta,ullam,asperiores,cumque,quos
voluptate,nisi,excepturi,labore,reprehenderit,nihil,sunt,expedita,nihil
recusandae,quos,et,expedita,culpa,earum,blanditiis,eos,odio
sequi,eligendi,in,repudiandae,officiis,omnis,molestiae,quae,quas
quisquam,vero,deserunt,accusantium,veritatis,modi,voluptatem,atque,quia
inventore,veritatis,aperiam,laborum,amet,ad,officiis,voluptas,fugit
vel,illum,temporibus,perferendis,quas,maxime,neque,laudantium,culpa
omnis,odit,dolor,necessitatibus,saepe,iusto,corporis,dolore,est
iusto,suscipit,similique,labore,molestiae,libero,quam,nulla,amet
recusandae,magnam,veritatis,tempore,id,architecto,quaerat,neque,id
occaecati,a,ipsam,ducimus,atque,nulla,id,animi,atque
dignissimos,veniam,officia,reiciendis,mollitia,consequatur,id,autem,labore
fugit,facere,inventore,aperiam,laboriosam,maiores,alias,repudiandae,voluptas
illo,vero,placeat,reiciendis,quibusdam,corporis,quam,perferendis,facere
modi,tenetur,animi,sed,assumenda,veniam,doloribus,vero,distinctio
laudantium,laudantium,aliquam,maiores,nemo,cum,nulla,alias,libero
porro,rem,veniam,quisquam,quia,fuga,quisquam,itaque,neque
doloremque,sapiente,repellendus,maxime,eos,assumenda,labore,voluptates,reprehenderit
voluptates,atque,eum,amet,omnis,dolorem,sed,culpa,ullam
suscipit,veniam,nobis,commodi,amet,quidem,impedit,numquam,dolorem
quo,ducimus,veniam,tempora,vel,debitis,sed,non,quaerat
culpa,laudantium,dolores,cumque,adipisci,quod,doloribus,inventore,recusandae
numquam,voluptates,occaecati,nesciunt,rerum,quaerat,quos,nam,repellendus
exercitationem,eligendi,in,dolores,accusantium,mollitia,id,quibusdam,ad
temporibus,ex,ad,libero,vel,facilis,officia,porro,sint
ratione,iusto,harum,similique,veniam,magni,beatae,sed,odio
tempora,numquam,corporis,vel,odio,quas,eos,iste,ratione
commodi,suscipit,architecto,deserunt,placeat,repudiandae,praesentium,voluptas,velit
quis,animi,magni,quaerat,eum,amet,minima,fugiat,adipisci
praesentium,facere,culpa,id,quas,aliquid,eum,recusandae,voluptatem
pariatur,magnam,ducimus,doloremque,harum,occaecati,odio,saepe,laborum
blanditiis,placeat,nihil,eaque,consectetur,sint,animi,expedita,maiores
in,fugiat,sint,et,neque,minima,illum,eum,est
temporibus,et,voluptates,quis,aperiam,velit,inventore,expedita,dolores
adipisci,sed,aliquid,optio,deserunt,neque,aperiam,libero,illo
quis,accusantium,id,alias,temporibus,repellendus,ratione,reiciendis,voluptate
quibusdam,incidunt,occaecati,natus,voluptates,veritatis,aliquid,provident,blanditiis
suscipit,cum,ducimus,velit,perferendis,iure,porro,veniam,perferendis
nesciunt,ipsum,doloribus,repudiandae,perferendis,quo,corporis,odio,quia
pariatur,amet,saepe,reiciendis,animi,vitae,praesentium,deleniti,necessitatibus
sit,dolor,quis,perspiciatis,enim,tempore,repellat,error,odio
optio,sit,ullam,laboriosam,fugit,aut,animi,veritatis,labore
nihil,animi,aliquid,aliquid,magni,totam,numquam,ex,architecto
libero,adipisci,recusandae,itaque,quos,dicta,suscipit,eius,delectus
dicta,quis,itaque,voluptatem,recusandae,maxime,voluptates,rem,temporibus
minus,inventore,a,est,corporis,eos,nisi,facilis,quos
architecto,reprehenderit,iure,exercitationem,delectus,animi,assumenda,numquam,dolor
perspiciatis,dolor,ea,dolores,nostrum,consequuntur,sint,neque,eos
quo,dolore,nostrum,ullam,voluptatibus,maxime,corporis,reprehenderit,quos
quae,accusantium,expedita,provident,repudiandae,voluptatum,aperiam,libero,sapiente
ducimus,dolorem,vero,minima,dolorum,est,cum,ratione,totam
consectetur,hic,velit,ad,ut,reiciendis,voluptas,autem,porro
dicta,libero,eveniet,quis,facilis,voluptates,dolores,dolor,ullam
dolor,tempora,ducimus,rerum,esse,voluptas,quaerat,adipisci,neque
repellat,vel,eaque,debitis,nulla,nostrum,perferendis,veritatis,nisi
quam,est,aliquam,molestias,aperiam,rem,rem,recusandae,accusantium
commodi,quas,numquam,quidem,iusto,sed,saepe,assumenda,excepturi
soluta,illo,incidunt,nam,soluta,consectetur,mollitia,magni,commodi
rerum,incidunt,error,quam,quis,qui,sequi,inventore,aspernatur
debitis,placeat,commodi,impedit,consequatur,reiciendis,occaecati,eos,nesciunt
odit,placeat,consequuntur,sint,sint,asperiores,sapiente,corrupti,cupiditate
odio,nam,necessitatibus,laborum,quae,aliquid,beatae,cum,placeat
odio,aliquam,expedita,harum,voluptates,ratione,doloremque,voluptates,alias
debitis,amet,quia,doloremque,quasi,illum,iusto,quo,repellat
rem,perferendis,et,deserunt,veritatis,quibusdam,commodi,excepturi,quaerat
dolore,necessitatibus,laborum,ex,inventore,similique,reiciendis,eius,illum
facilis,libero,quod,esse,accusamus,amet,in,recusandae,labore
labore,eius,ratione,omnis,vel,expedita,recusandae,fugiat,earum
tenetur,voluptas,repudiandae,fugiat,quo,voluptas,dolore,vel,perferendis
adipisci,natus,rem,dolor,expedita,cupiditate,molestiae,tempora,in
quod,commodi,accusantium,totam,incidunt,sequi,quod,officia,sit
dolore,illum,voluptatum,tenetur,in,recusandae,ad,esse,magnam
adipisci,laborum,ipsum,eaque,autem,consequuntur,quam,sequi,vitae
quaerat,deleniti,beatae,facere,sit,numquam,veniam,qui,magni
sunt,recusandae,possimus,vitae,cum,non,delectus,in,magnam
enim,animi,voluptatem,earum,suscipit,ex,voluptates,ipsam,itaque
quo,enim,maxime,dignissimos,maiores,qui,amet,assumenda,accusamus
suscipit,exercitationem,similique,ipsum,velit,iste,voluptatum,exercitationem,maiores
consectetur,commodi,earum,hic,eos,hic,suscipit,nobis,similique
cupiditate,temporibus,iste,fugit,totam,soluta,magni,vel,magnam
qui,perspiciatis,rem,cumque,nam,recusandae,officia,veritatis,minima
id,adipisci,nam,quod,delectus,nemo,nisi,laboriosam,ut
quam,quae,repudiandae,et,beatae,repudiandae,dolores,provident,dignissimos
necessitatibus,pariatur,laborum,repellendus,perferendis,odio,nostrum,assumenda,magni
est,temporibus,pariatur,consectetur,odio,eveniet,assumenda,minus,pariatur
nesciunt,quidem,fuga,dolorum,aliquam,ullam,quisquam,praesentium,perferendis
pariatur,totam,harum,tenetur,aliquam,earum,reprehenderit,similique,commodi
neque,assumenda,magnam,nam,praesentium,consequuntur,numquam,rerum,dolores
ipsam,voluptates,rerum,repellat,non,ullam,eveniet,error,totam
eos,corporis,totam,nesciunt,inventore,ab,esse,expedita,quaerat
maxime,quaerat,ut,facilis,beatae,laborum,ea,sit,cupiditate
accusamus,corporis,quae,at,accusamus,ullam,sequi,modi,a
est,dolores,sint,ab,nam,eaque,earum,nemo,fuga
assumenda,nam,a,nam,suscipit,quidem,laborum,beatae,molestiae
assumenda,tenetur,deserunt,ea,ipsa,facere,distinctio,consectetur,saepe
expedita,optio,nam,velit,numquam,necessitatibus,repellat,velit,ab
labore,voluptates,atque,eius,praesentium,quisquam,culpa,deserunt,quo
similique,reiciendis,odit,dicta,iste,minima,saepe,adipisci,iure
repellat,eaque,vero,delectus,laboriosam,nemo,reprehenderit,provident,ratione
ab,impedit,deleniti,blanditiis,eum,eveniet,perferendis,ea,dignissimos
nobis,aspernatur,molestiae,dignissimos,eaque,culpa,hic,architecto,beatae
cumque,odio,accusantium,veniam,cum,beatae,ducimus,fugiat,natus
ipsa,ea,enim,consectetur,perferendis,officiis,vitae,rem,at
aliquam,eum,ut,odio,quidem,occaecati,possimus,labore,quae
placeat,incidunt,hic,corrupti,eos,rerum,officiis,dolorem,natus
esse,aliquam,ipsam,porro,dolores,inventore,similique,nemo,quis
iure,optio,atque,quis,omnis,nisi,adipisci,ab,tempora
tempore,voluptate,temporibus,sunt,aspernatur,labore,possimus,dolores,non
blanditiis,tenetur,maxime,culpa,iste,ex,explicabo,animi,pariatur
maiores,labore,asperiores,beatae,perferendis,facilis,similique,voluptatem,vel
ad,sunt,ab,qui,laudantium,dolor,quisquam,adipisci,in
saepe,nulla,labore,atque,similique,repudiandae,earum,inventore,error
sed,vero,modi,atque,magni,nisi,porro,minima,molestiae
neque,a,non,ad,dolore,impedit,dicta,animi,nostrum
incidunt,nam,aliquam,aut,libero,sunt,rerum,quasi,rem
autem,repellendus,voluptatibus,aspernatur,culpa,culpa,ut,doloremque,sint
libero,magnam,consequuntur,omnis,ipsum,tenetur,maxime,laborum,unde
sunt,dolorum,officia,est,inventore,est,quas,animi,natus
quibusdam,sed,necessitatibus,consequuntur,voluptatibus,maxime,eveniet,facilis,in
quod,dicta,consectetur,eligendi,debitis,saepe,porro,amet,vitae
qui,eveniet,vero,voluptatibus,excepturi,sapiente,consequatur,ipsam,repudiandae
recusandae,vel,perferendis,repellat,rem,accusamus,corporis,quidem,magni
repellendus,qui,quaerat,rerum,odit,sint,veritatis,facilis,dolores
eius,officiis,velit,repellat,suscipit,ea,dolore,unde,quam
dolorum,odit,facere,cumque,ratione,aliquid,minus,eveniet,odio
unde,non,delectus,quam,natus,et,veniam,cumque,corrupti
deleniti,voluptatibus,voluptas,voluptatem,esse,cupiditate,harum,autem,quibusdam
nam,exercitationem,asperiores,nobis,non,porro,amet,ducimus,accusamus
amet,natus,repellendus,itaque,nisi,laboriosam,tempore,nobis,perspiciatis
maiores,ut,doloremque,nisi,pariatur,sapiente,modi,vitae,quis
incidunt,voluptatibus,id,eaque,porro,similique,enim,quas,impedit
voluptatibus,sed,esse,perferendis,voluptate,assumenda,quos,quae,quo
quam,maiores,qui,vitae,odit,labore,at,distinctio,eaque
corporis,cumque,tenetur,a,accusantium,recusandae,eaque,nulla,quas
illo,mollitia,magnam,adipisci,vitae,tenetur,eligendi,pariatur,nihil
fuga,tempora,architecto,eum,impedit,sit,iure,magni,cupiditate
non,ducimus,consequatur,omnis,vero,molestias,ullam,esse,corporis
accusamus,fugiat,enim,in,eaque,inventore,architecto,quasi,illum
quaerat,quod,quae,accusantium,earum,voluptates,tempore,placeat,harum
magnam,unde,consequatur,animi,deserunt,ea,deserunt,repellat,eveniet
mollitia,cumque,quis,nobis,in,nam,praesentium,numquam,odit
recusandae,fugiat,perspiciatis,ipsa,illum,dignissimos,beatae,sapiente,aperiam
adipisci,distinctio,minima,doloribus,recusandae,nihil,corrupti,consequuntur,qui
perferendis,corrupti,perspiciatis,rem,et,officia,nisi,nam,voluptates
odit,dolorem,necessitatibus,recusandae,reprehenderit,minus,rerum,eos,impedit
facilis,aut,quo,eos,quia,aliquid,reprehenderit,architecto,ex
cupiditate,aut,qui,quaerat,porro,maiores,eveniet,vitae,ipsa
minus,illo,ea,molestias,excepturi,molestiae,recusandae,cum,nemo
dolore,debitis,placeat,sit,odit,hic,omnis,ipsa,recusandae
sequi,rerum,sint,cumque,reiciendis,aperiam,dignissimos,iste,cupiditate
suscipit,vitae,saepe,officiis,nesciunt,tempore,autem,soluta,accusantium
mollitia,exercitationem,amet,pariatur,suscipit,repellat,explicabo,vitae,accusamus
porro,quidem,quaerat,molestias,minima,cum,cum,itaque,illo
possimus,cupiditate,molestiae,accusamus,accusantium,explicabo,explicabo,illo,veritatis
unde,nostrum,consequuntur,fugit,modi,ab,quia,mollitia,quo
magni,maxime,nemo,nostrum,dolores,voluptates,ullam,nam,ducimus
quae,iusto,autem,at,tempore,commodi,cumque,at,accusamus
placeat,voluptatem,nam,mollitia,earum,optio,nesciunt,architecto,temporibus
quis,iure,dolor,esse,earum,in,eum,quia,doloremque
velit,itaque,corporis,iste,illum,ab,asperiores,possimus,praesentium
delectus,nesciunt,unde,blanditiis,sunt,quod,esse,quibusdam,repudiandae
dignissimos,laudantium,nemo,voluptas,at,eos,pariatur,ducimus,laudantium
sapiente,odio,asperiores,dolores,nam,libero,amet,deleniti,maxime
et,fuga,beatae,aliquam,libero,ipsum,consectetur,quisquam,tenetur
doloremque,neque,nesciunt,repellendus,eum,velit,molestiae,quidem,quas
magni,excepturi,sapiente,reprehenderit,rerum,beatae,rerum,voluptate,officia
sed,veritatis,veniam,molestias,fugit,commodi,vel,sit,nostrum
ut,aut,rerum,expedita,molestiae,mollitia,explicabo,aperiam,libero
dolor,doloremque,blanditiis,autem,omnis,odio,dolore,distinctio,illo
voluptate,provident,voluptate,corrupti,temporibus,iusto,suscipit,quaerat,inventore
rerum,voluptate,ullam,distinctio,corporis,incidunt,eos,eius,doloribus
occaecati,dolorem,explicabo,iste,repellat,inventore,ad,sapiente,nemo
dignissimos,ad,minus,iste,voluptatibus,eligendi,impedit,dolorem,quos
cupiditate,in,facere,ut,fuga,velit,nihil,ducimus,exercitationem
quisquam,eos,accusantium,eius,voluptas,ullam,delectus,deserunt,numquam
tempore,aliquid,quo,nam,quos,odio,dolorem,vero,dolores
qui,minima,ex,ut,dolores,non,voluptatum,perferendis,facilis
soluta,officia,dignissimos,dolorem,aliquid,quaerat,eaque,sapiente,animi
odit,dolorum,sit,nulla,est,deleniti,id,alias,dicta
officiis,nesciunt,nulla,blanditiis,blanditiis,laboriosam,a,maiores,atque
quia,deleniti,illo,soluta,provident,odit,adipisci,consectetur,aliquam
ad,culpa,illum,quae,aut,illo,quod,laborum,est
excepturi,delectus,iure,odit,possimus,necessitatibus,modi,doloribus,commodi
voluptatum,ducimus,tempora,accusamus,eveniet,culpa,soluta,libero,assumenda
iure,sed,dicta,voluptatem,libero,ex,nulla,voluptate,deleniti
culpa,delectus,perspiciatis,labore,nobis,nemo,hic,reiciendis,dolorem
molestiae,molestias,tempore,eaque,asperiores,dolore,ipsa,saepe,eligendi
odio,nostrum,praesentium,repellendus,veritatis,harum,magni,mollitia,labore
iusto,voluptatum,quos,debitis,maxime,eligendi,ad,necessitatibus,voluptate
itaque,dolor,fuga,adipisci,ipsa,consequuntur,voluptates,ullam,amet
deleniti,ut,tempore,in,blanditiis,id,error,nobis,iste
molestias,inventore,necessitatibus,vitae,exercitationem,excepturi,ad,saepe,aliquam
molestias,harum,perferendis,ex,non,sed,placeat,deleniti,doloribus
qui,necessitatibus,facere,aperiam,quia,quia,nesciunt,sed,placeat
ducimus,animi,esse,odio,quia,deserunt,reprehenderit,necessitatibus,excepturi
vero,adipisci,esse,eveniet,temporibus,quae,inventore,atque,corporis
totam,natus,eum,porro,necessitatibus,sint,officiis,aliquam,asperiores
excepturi,consequatur,voluptatum,quia,deserunt,amet,iste,placeat,repellendus
pariatur,corrupti,cum,minus,officiis,mollitia,eaque,possimus,nemo
est,molestias,delectus,dolorem,iusto,debitis,provident,sed,soluta
debitis,dolor,officia,eum,dolores,praesentium,adipisci,earum,dolores
id,maiores,autem,veritatis,odit,rerum,exercitationem,similique,doloremque
et,temporibus,deserunt,fugit,aliquam,quod,ab,expedita,nostrum
pariatur,suscipit,voluptatibus,adipisci,illum,iusto,quasi,voluptate,amet
numquam,sit,error,ea,alias,id,soluta,ea,voluptate
eveniet,ex,aperiam,harum,nisi,occaecati,repellat,reiciendis,corrupti
laborum,similique,nam,fugiat,numquam,rerum,minima,aspernatur,quo
maiores,nobis,corporis,dolorum,labore,facere,suscipit,minima,aperiam
odio,amet,exercitationem,minus,nihil,sint,sapiente,recusandae,tempore
magni,quisquam,earum,alias,nesciunt,aut,facilis,corporis,ipsum
assumenda,perspiciatis,harum,aut,sint,tenetur,minima,optio,exercitationem
reiciendis,expedita,magni,ducimus,beatae,ipsum,quia,esse,natus
placeat,ipsa,fugiat,placeat,inventore,eum,magni,quae,eaque
perspiciatis,consequuntur,molestias,nam,labore,nulla,quidem,quod,delectus
quasi,delectus,consequuntur,temporibus,ratione,explicabo,expedita,enim,sed
vel,molestias,porro,at,eveniet,aliquam,minus,eum,perferendis
nostrum,commodi,velit,modi,dolor,aliquid,dicta,esse,corporis
quas,molestias,molestias,id,aliquid,iste,cum,ipsum,repellat
iusto,qui,placeat,inventore,amet,ea,quas,magnam,voluptate
fuga,velit,inventore,minus,earum,consectetur,distinctio,sed,assumenda
ea,nesciunt,excepturi,aliquid,sapiente,eius,ex,dolore,commodi
vitae,inventore,maiores,deleniti,dicta,magni,debitis,assumenda,beatae
ab,dolor,consequuntur,quo,magnam,ipsum,veritatis,illum,magni
neque,repellendus,odit,expedita,quis,animi,aut,quasi,doloribus
eius,nemo,voluptas,mollitia,reprehenderit,eius,fugit,laboriosam,tempora
ipsa,iusto,sapiente,commodi,tempora,vero,soluta,voluptate,officiis
ducimus,repudiandae,libero,sequi,nam,soluta,delectus,alias,vero
ipsa,dignissimos,fugit,deserunt,molestias,consequuntur,nostrum,veniam,maiores
nulla,odio,ab,voluptates,maxime,omnis,incidunt,temporibus,accusamus
odit,enim,cupiditate,minima,quod,deleniti,ut,eveniet,placeat
veritatis,fugiat,quia,mollitia,odit,optio,doloremque,aliquid,numquam
animi,voluptatem,molestias,perspiciatis,illo,pariatur,maiores,maiores,minima
commodi,commodi,voluptate,esse,explicabo,quidem,quidem,itaque,laborum
natus,aperiam,nesciunt,sit,recusandae,blanditiis,velit,cum,natus
sed,fuga,veniam,optio,quod,commodi,eum,iste,tempora
ipsa,earum,impedit,molestias,ratione,quisquam,atque,cum,minus
odio,necessitatibus,esse,harum,pariatur,perferendis,eveniet,dolor,commodi
dolorem,consequatur,odio,molestias,eius,dignissimos,dolore,optio,error
culpa,ducimus,nobis,porro,dolore,excepturi,illo,provident,molestias
consectetur,deserunt,minima,omnis,quibusdam,nesciunt,ipsa,hic,tempore
neque,ex,ex,perferendis,fuga,nesciunt,facere,inventore,ducimus
ducimus,nisi,pariatur,consequuntur,excepturi,laborum,perferendis,odit,voluptatem
facilis,dolores,enim,libero,sunt,hic,saepe,quae,occaecati
dolor,adipisci,quibusdam,voluptatibus,quaerat,repellendus,commodi,ex,tempora
vel,laboriosam,quisquam,consequuntur,rerum,voluptate,fugit,harum,culpa
harum,eligendi,consequatur,temporibus,reiciendis,aperiam,totam,minima,nobis
nam,quos,aliquam,cupiditate,odit,saepe,dolorum,laudantium,consequatur
facere,enim,itaque,molestias,tempora,iure,quae,minima,quasi
nobis,placeat,officia,fuga,nisi,possimus,reprehenderit,cumque,dignissimos
perferendis,ut,nihil,fuga,quidem,repellendus,sunt,enim,voluptate
perspiciatis,quibusdam,cupiditate,voluptas,deleniti,doloremque,perspiciatis,vero,dolorum
esse,commodi,quae,ipsa,occaecati,cum,amet,ratione,aliquam
et,sapiente,reiciendis,eligendi,blanditiis,vel,nam,ratione,explicabo
magnam,incidunt,perferendis,delectus,odit,adipisci,neque,eos,possimus
deserunt,molestias,rem,molestiae,quibusdam,quia,numquam,tempora,culpa
aspernatur,distinctio,excepturi,nostrum,eius,alias,commodi,fuga,vero
nihil,magni,delectus,accusamus,perferendis,iusto,vitae,delectus,in
enim,doloremque,incidunt,odio,blanditiis,quia,sint,velit,placeat
quidem,ratione,modi,porro,ratione,reprehenderit,dignissimos,aliquam,eaque
ratione,inventore,laudantium,sed,esse,illo,atque,nulla,repudiandae
asperiores,debitis,odit,iusto,illo,quia,debitis,a,adipisci
minima,in,dicta,sit,molestiae,dicta,architecto,consectetur,neque
odio,numquam,inventore,excepturi,alias,ad,perspiciatis,quasi,excepturi
nemo,dolor,repudiandae,laudantium,dolorem,qui,officiis,ab,dolor
neque,non,quam,quae,nulla,aliquam,dignissimos,asperiores,dolorem
doloribus,excepturi,odit,quas,nisi,soluta,esse,officia,eligendi
occaecati,sunt,quia,soluta,laudantium,eius,sunt,voluptatem,consequatur
dolores,ea,deserunt,asperiores,quidem,reprehenderit,saepe,repellendus,ut
tempora,facere,et,laborum,amet,sit,eum,enim,fugiat
magni,iusto,reprehenderit,aperiam,velit,pariatur,praesentium,quod,commodi
nobis,ipsum,blanditiis,beatae,ex,nisi,quis,quam,commodi
a,architecto,vitae,ipsam,saepe,ipsam,harum,perferendis,assumenda
labore,distinctio,quos,molestias,esse,minima,eveniet,laborum,explicabo
dolore,maxime,molestias,est,perspiciatis,facilis,veritatis,molestias,temporibus
ducimus,assumenda,cum,quo,quaerat,nam,facilis,quisquam,est
dolorum,magnam,reiciendis,optio,aliquid,error,aperiam,aut,voluptatum
sunt,maiores,culpa,hic,id,illum,ipsa,perspiciatis,tempora
commodi,eius,blanditiis,assumenda,saepe,unde,molestias,pariatur,libero
consequatur,aliquam,non,nemo,nam,ad,ratione,ducimus,ex
rerum,quam,beatae,eligendi,ex,vel,ullam,corrupti,vitae
necessitatibus,esse,quasi,maiores,et,laudantium,eos,fuga,iure
fuga,hic,repellendus,at,vero,pariatur,possimus,quaerat,tempore
sapiente,aliquid,at,ex,dolore,officiis,aliquam,et,placeat
porro,saepe,qui,occaecati,corrupti,perferendis,recusandae,fugit,vitae
fugit,nesciunt,expedita,tenetur,ipsa,quae,incidunt,voluptatem,necessitatibus
earum,placeat,quisquam,perspiciatis,expedita,assumenda,enim,delectus,tempora
quo,vitae,porro,cupiditate,magni,tempore,praesentium,accusamus,et
quae,consectetur,modi,amet,impedit,officiis,sint,iste,veritatis
temporibus,ducimus,natus,illo,accusantium,similique,quae,placeat,repellendus
quibusdam,illum,debitis,illum,tempora,explicabo,sit,laborum,maxime
pariatur,adipisci,atque,mollitia,commodi,possimus,ab,cumque,nisi
nisi,illum,molestias,dolore,architecto,facere,ex,eligendi,facilis
totam,facilis,autem,corporis,excepturi,exercitationem,ipsa,consequuntur,vero
laboriosam,necessitatibus,aliquam,odit,nostrum,illum,fuga,sed,doloribus
numquam,at,numquam,temporibus,sapiente,perferendis,distinctio,odit,expedita
eligendi,necessitatibus,et,quisquam,modi,animi,quos,a,sit
numquam,illo,nulla,officiis,nobis,perspiciatis,id,reprehenderit,quibusdam
reprehenderit,ex,animi,minima,provident,molestias,laboriosam,quisquam,aliquam
quam,ratione,eum,totam,placeat,numquam,vero,officia,eveniet
provident,excepturi,id,incidunt,nisi,aut,rem,voluptatum,omnis
ullam,unde,magni,corrupti,nobis,consequatur,iste,odio,nihil
doloribus,beatae,tempore,possimus,quae,quae,aperiam,quidem,quis
illo,dolorem,alias,necessitatibus,repudiandae,cum,quis,illo,nostrum
eum,ad,animi,vel,ipsa,incidunt,soluta,similique,reprehenderit
nostrum,ex,quos,vitae,amet,sunt,error,nam,ex
a,quidem,molestias,ab,et,itaque,at,voluptatibus,dolores
eaque,quae,porro,sequi,optio,cum,quo,enim,eius
ex,accusamus,velit,nostrum,tempora,provident,saepe,voluptatibus,porro
architecto,rerum,nostrum,modi,iusto,mollitia,harum,doloremque,quibusdam
culpa,aliquam,quo,velit,minus,ut,officia,voluptatum,eius
tempore,ipsum,quis,earum,voluptas,ex,dolor,dolore,error
tenetur,ipsa,facilis,ullam,ducimus,veritatis,sint,laboriosam,maxime
veritatis,esse,sequi,aut,omnis,consequatur,vitae,velit,debitis
inventore,facere,dicta,exercitationem,aliquid,quidem,tenetur,delectus,quos
dolorum,facere,tempore,rerum,consequatur,aut,facilis,sunt,aut
doloribus,totam,dolorem,illum,exercitationem,expedita,aliquam,blanditiis,illum
enim,corrupti,quas,rem,saepe,repellendus,earum,tenetur,assumenda
laborum,necessitatibus,fugit,tempora,facilis,eum,nesciunt,exercitationem,dicta
labore,nulla,quaerat,labore,dicta,magnam,beatae,doloremque,quod
repellat,architecto,maiores,illum,illum,rem,architecto,ratione,itaque
sed,ducimus,nulla,maxime,accusantium,delectus,dolorem,dolorem,laborum
amet,aliquam,nam,quia,voluptate,at,iste,non,ducimus
perspiciatis,nobis,amet,aperiam,incidunt,deleniti,minima,dolores,vitae
laborum,assumenda,suscipit,dignissimos,distinctio,repellat,assumenda,occaecati,voluptatem
impedit,minus,earum,illo,vel,eius,laboriosam,maiores,iste
minima,culpa,deserunt,similique,delectus,libero,beatae,culpa,ducimus
magni,veniam,ipsa,iusto,ipsa,alias,impedit,ipsa,eum
enim,error,dicta,velit,corporis,sapiente,occaecati,debitis,voluptas
quaerat,dolor,unde,natus,quas,voluptas,eius,reiciendis,sit
voluptas,nobis,assumenda,sint,deleniti,commodi,nihil,perferendis,porro
iure,laudantium,rerum,neque,quae,praesentium,sit,dolorum,expedita
fugit,quasi,ipsum,nobis,sequi,officia,corporis,accusantium,enim
velit,non,dolores,architecto,perferendis,id,in,quia,magni
dolor,harum,repellat,maxime,laboriosam,molestias,temporibus,repellat,asperiores
dicta,consequatur,accusamus,dignissimos,architecto,accusantium,libero,qui,repellendus
at,libero,accusamus,natus,nisi,animi,natus,reprehenderit,et
asperiores,sequi,assumenda,recusandae,maxime,architecto,mollitia,ipsum,similique
repellat,eligendi,iste,occaecati,molestiae,tenetur,possimus,natus,eos
eos,nihil,maxime,cupiditate,nisi,quae,tempore,voluptatum,provident
ex,cum,ut,libero,numquam,cum,sapiente,incidunt,vero
blanditiis,optio,totam,officia,reiciendis,soluta,tempore,iste,dolor
fugiat,debitis,ipsam,consequatur,at,voluptatem,libero,saepe,voluptatem
ipsam,at,commodi,soluta,error,sunt,nisi,omnis,quia
excepturi,autem,numquam,doloribus,laboriosam,et,eligendi,eius,incidunt
id,nostrum,unde,ducimus,eaque,officiis,libero,consequuntur,nihil
ut,perferendis,hic,commodi,aliquid,sapiente,repudiandae,vel,quas
recusandae,vero,consectetur,cumque,eveniet,voluptatibus,asperiores,nihil,odit
perspiciatis,voluptatum,optio,consequuntur,corrupti,deleniti,maiores,sapiente,corporis
corporis,perspiciatis,qui,inventore,laborum,aut,harum,earum,doloremque
incidunt,atque,iure,beatae,blanditiis,impedit,alias,optio,iure
incidunt,rerum,labore,eveniet,amet,ullam,ab,non,nulla
nostrum,occaecati,vero,ullam,praesentium,laudantium,error,a,iure
odio,minus,similique,reiciendis,perspiciatis,at,natus,sed,consectetur
libero,iusto,maxime,ex,rem,aliquam,voluptatibus,ea,explicabo
libero,nam,voluptatum,magnam,corrupti,ad,tempore,voluptas,non
voluptatum,est,aperiam,minus,adipisci,accusantium,pariatur,voluptates,quasi
ducimus,atque,nesciunt,delectus,recusandae,debitis,occaecati,deleniti,ullam
praesentium,velit,inventore,suscipit,atque,molestiae,corrupti,quasi,dolorem
doloremque,odit,vel,nihil,aliquam,deleniti,sapiente,doloribus,at
quos,libero,enim,magnam,non,magnam,quasi,id,nisi
reiciendis,voluptatem,eos,ab,ex,quasi,cumque,esse,laboriosam
maiores,officia,vero,ipsam,ratione,necessitatibus,voluptate,rerum,sit
eius,natus,natus,expedita,ratione,minima,magnam,omnis,occaecati
sint,omnis,maxime,deleniti,fuga,quas,dolor,amet,ullam
nihil,consectetur,assumenda,quos,voluptate,non,facilis,cumque,consequatur
distinctio,deleniti,mollitia,rem,quisquam,quibusdam,culpa,adipisci,atque
illo,totam,minima,debitis,et,unde,alias,ea,impedit
accusantium,voluptatibus,distinctio,corrupti,quam,assumenda,sint,unde,tempore
mollitia,ratione,porro,quas,quia,enim,doloremque,facere,dicta
cum,debitis,sequi,possimus,nostrum,ex,eos,quis,accusantium
recusandae,labore,similique,rerum,illo,dolore,laudantium,omnis,ipsam
exercitationem,recusandae,aperiam,debitis,esse,facilis,nobis,debitis,vero
neque,voluptatibus,et,amet,quae,cupiditate,eos,ipsam,qui
corrupti,excepturi,cum,sint,maiores,modi,earum,molestiae,officia
odit,illum,et,consequatur,eveniet,architecto,ducimus,ut,nulla
ducimus,eaque,ad,dolores,officiis,tenetur,esse,quo,aut
optio,id,libero,laborum,commodi,dolorem,cum,sunt,sed
assumenda,voluptas,doloribus,debitis,dolores,vel,dignissimos,eos,id
quis,iste,dolore,quaerat,dicta,aliquid,velit,rerum,ipsa
fuga,soluta,cum,saepe,harum,eos,ab,aspernatur,mollitia
saepe,laudantium,harum,ipsum,necessitatibus,deleniti,voluptates,et,repellendus
nisi,blanditiis,optio,non,modi,necessitatibus,necessitatibus,sed,quia
consequatur,ab,distinctio,eaque,rerum,debitis,harum,hic,dolorem
in,numquam,occaecati,sint,voluptates,nihil,recusandae,officia,dignissimos
dolorum,ipsam,odit,delectus,ut,porro,maiores,fuga,magnam
in,vel,et,enim,explicabo,vitae,nihil,architecto,asperiores
repudiandae,maiores,dignissimos,itaque,ipsum,impedit,porro,explicabo,necessitatibus
id,quis,blanditiis,deleniti,sunt,enim,soluta,cupiditate,earum
est,consequatur,deleniti,soluta,nam,dolor,maxime,quod,corporis
incidunt,perspiciatis,minima,aliquam,sint,facilis,atque,inventore,veritatis
eaque,fugit,tempora,unde,saepe,aut,explicabo,nostrum,commodi
in,maiores,vitae,dolore,a,culpa,excepturi,laboriosam,cupiditate
facere,ratione,consequuntur,deleniti,placeat,ratione,voluptatibus,laboriosam,est
dignissimos,eius,officia,dolor,ad,hic,culpa,debitis,velit
eaque,officia,dolor,ut,fugit,itaque,mollitia,alias,vero
quae,ullam,qui,accusantium,a,laudantium,nulla,nemo,eum
inventore,corrupti,totam,optio,id,cumque,temporibus,et,ipsum
ea,sit,temporibus,tenetur,laboriosam,reprehenderit,eaque,iusto,quibusdam
cumque,magni,sequi,unde,iste,impedit,nesciunt,nesciunt,repellat
nihil,aliquam,rerum,illum,quod,veritatis,necessitatibus,labore,eos
iste,quam,ipsam,inventore,molestiae,earum,dicta,blanditiis,aliquam
veniam,veritatis,ex,repudiandae,ad,eius,repellat,veritatis,doloremque
dignissimos,ut,sapiente,iusto,beatae,saepe,unde,porro,alias
velit,hic,reiciendis,iure,nostrum,quo,iusto,tenetur,nulla
qui,voluptates,necessitatibus,commodi,esse,sed,perspiciatis,ad,nisi
voluptas,magni,vel,esse,eius,cum,fugiat,quos,sed
laudantium,alias,harum,dolor,maiores,doloremque,quas,ab,veritatis
similique,rem,non,nesciunt,at,laborum,quibusdam,repellat,sed
dolore,voluptatem,reprehenderit,beatae,saepe,ex,occaecati,consequatur,nostrum
magni,perferendis,nulla,nobis,quis,totam,sed,deserunt,iste
quidem,dicta,similique,facilis,consequuntur,repellendus,praesentium,ipsam,consequuntur
aspernatur,eum,atque,nesciunt,expedita,illum,expedita,at,dolore
repellat,error,necessitatibus,eaque,ipsum,rem,quaerat,incidunt,tempora
debitis,maxime,sapiente,itaque,ipsa,inventore,fugit,fugiat,quisquam
necessitatibus,corporis,voluptates,assumenda,dolor,ipsa,fugiat,architecto,voluptates
dolores,facere,quae,odio,omnis,architecto,saepe,dignissimos,quis
esse,iste,laudantium,tempora,ea,itaque,saepe,molestias,quas
eaque,error,rem,nam,nesciunt,maiores,facere,iure,sunt
culpa,nihil,velit,dignissimos,error,architecto,autem,voluptates,ipsam
architecto,officiis,eius,dolorem,doloremque,consectetur,cupiditate,tempora,pariatur
libero,temporibus,maiores,earum,assumenda,reprehenderit,inventore,fugiat,autem
natus,eos,nemo,quod,distinctio,debitis,perspiciatis,soluta,maxime
sequi,molestias,ullam,illo,tempore,dolores,at,sed,aut
numquam,distinctio,atque,odit,pariatur,ipsa,nemo,atque,vel
occaecati,ad,qui,itaque,vel,mollitia,animi,consectetur,iste
minima,sapiente,excepturi,voluptas,assumenda,quibusdam,eum,molestiae,repellat
ducimus,assumenda,omnis,illo,porro,fugit,vero,voluptates,veritatis
voluptatem,mollitia,ea,sint,suscipit,dolore,quibusdam,corrupti,rerum
sequi,odit,officia,aspernatur,vel,incidunt,mollitia,omnis,numquam
cumque,mollitia,iste,reprehenderit,esse,repellendus,fugit,dolores,odit
distinctio,non,fuga,corporis,nemo,cum,est,omnis,culpa
maxime,dolor,qui,cumque,ab,molestias,nisi,ea,minima
veritatis,iure,dignissimos,voluptate,facilis,laborum,sunt,aspernatur,quia
placeat,voluptates,occaecati,dolore,accusantium,esse,distinctio,asperiores,similique
eum,modi,tempora,eum,amet,possimus,maiores,ad,molestias
aliquam,quo,officia,molestias,adipisci,reiciendis,voluptatum,hic,at
temporibus,animi,numquam,expedita,aut,deleniti,numquam,mollitia,illo
alias,mollitia,molestias,molestiae,id,dolorum,repellendus,quos,quas
atque,impedit,mollitia,nobis,voluptate,fuga,ut,quaerat,aspernatur
fugiat,mollitia,sit,nam,et,voluptatem,assumenda,dignissimos,sunt
velit,ad,ea,voluptatibus,voluptatum,eligendi,earum,et,dolorem
unde,occaecati,consequuntur,repellendus,est,itaque,eveniet,hic,unde
ipsum,quisquam,possimus,nobis,voluptatem,repellendus,facilis,ex,minus
quaerat,necessitatibus,repudiandae,eos,error,a,assumenda,iste,voluptate
accusamus,ab,atque,illum,rem,ipsum,tempore,maxime,deleniti
voluptas,accusantium,impedit,perspiciatis,eveniet,quo,aperiam,nulla,quo
at,omnis,itaque,laborum,rem,vel,molestias,animi,placeat
saepe,reprehenderit,commodi,aspernatur,cum,quam,blanditiis,fugiat,necessitatibus
sint,consectetur,hic,facilis,quasi,iusto,esse,illum,dolores
aperiam,beatae,vitae,eum,quam,distinctio,saepe,culpa,beatae
accusantium,ducimus,dolorem,non,culpa,modi,repudiandae,laborum,magni
iusto,pariatur,facilis,velit,perferendis,reprehenderit,distinctio,doloremque,consectetur
perferendis,nostrum,corporis,consequatur,minus,ea,voluptatem,nulla,quos
sequi,iure,consequatur,atque,voluptates,dignissimos,voluptatibus,quam,dolores
distinctio,magni,labore,magnam,iste,quasi,alias,vel,rerum
nemo,numquam,ipsam,vel,perspiciatis,aspernatur,quam,nobis,molestias
neque,quas,esse,dolores,nihil,veniam,cum,cupiditate,saepe
voluptate,asperiores,distinctio,consequatur,perferendis,aut,facere,dignissimos,nisi
placeat,eaque,architecto,corporis,quibusdam,explicabo,totam,vitae,maiores
saepe,reiciendis,illum,sint,consequuntur,possimus,rerum,assumenda,accusamus
laboriosam,dicta,maiores,cum,quo,consequatur,harum,at,repellat
modi,voluptatibus,distinctio,delectus,iusto,occaecati,adipisci,dolores,animi
a,cupiditate,incidunt,dicta,earum,modi,vero,enim,ex
ad,ratione,aperiam,eaque,eos,molestias,cum,pariatur,quasi
error,corrupti,quibusdam,facere,sapiente,ratione,doloremque,expedita,voluptatem
voluptatem,cum,esse,ipsam,explicabo,debitis,expedita,sit,odit
deserunt,possimus,laboriosam,rem,impedit,reprehenderit,deserunt,dolor,deleniti
dolores,commodi,non,quidem,assumenda,inventore,aliquid,odit,distinctio
qui,ratione,corporis,minus,inventore,possimus,debitis,aliquam,minima
eveniet,ea,commodi,assumenda,dolore,facilis,alias,ullam,accusamus
suscipit,tenetur,mollitia,nostrum,laudantium,eligendi,ratione,possimus,ea
ipsam,rem,eligendi,dolor,sapiente,animi,nam,voluptate,vel
iste,quae,hic,commodi,architecto,nisi,sed,ad,nam
tempora,ea,hic,ducimus,doloribus,quas,alias,reprehenderit,neque
alias,suscipit,ullam,nulla,ducimus,libero,temporibus,laudantium,occaecati
expedita,soluta,beatae,ullam,quod,voluptates,tempore,exercitationem,voluptatibus
quasi,nihil,provident,voluptatum,magnam,dicta,optio,consectetur,dolorem
pariatur,error,reiciendis,porro,facere,deserunt,veniam,amet,quae
ad,numquam,minus,optio,ea,officia,ea,cum,eos
sed,accusantium,necessitatibus,dicta,possimus,debitis,odio,unde,sed
praesentium,nam,eveniet,corrupti,quae,voluptate,velit,animi,est
ad,ea,totam,at,veniam,laborum,impedit,fuga,quaerat
ratione,neque,quidem,ad,eligendi,excepturi,iste,excepturi,error
iusto,expedita,sunt,odio,commodi,nesciunt,tenetur,esse,repudiandae
pariatur,ea,corrupti,repudiandae,repudiandae,sunt,a,quia,quos
assumenda,eum,fugit,et,deleniti,molestiae,maiores,excepturi,soluta
expedita,tempore,ad,odio,unde,ratione,facilis,corrupti,commodi
fuga,rerum,voluptatum,amet,quos,molestiae,amet,id,quia
corporis,atque,culpa,suscipit,hic,qui,est,recusandae,inventore
recusandae,perferendis,dicta,consectetur,incidunt,aspernatur,nobis,accusamus,magnam
dolore,assumenda,assumenda,rem,vel,possimus,eum,dolor,placeat
illum,voluptatem,ex,nisi,ab,temporibus,cumque,reiciendis,quas
aliquam,sit,molestiae,amet,totam,numquam,ducimus,doloremque,omnis
tempore,alias,explicabo,repudiandae,aut,eaque,aspernatur,vel,fugit
esse,quis,error,assumenda,corrupti,perspiciatis,dolorem,aut,temporibus
corporis,eaque,iure,iusto,ad,cumque,soluta,quam,provident
sit,autem,magnam,voluptas,nam,ut,aperiam,voluptatem,asperiores
autem,quod,voluptatem,facilis,doloribus,exercitationem,minima,quibusdam,enim
quos,totam,blanditiis,saepe,minima,porro,asperiores,itaque,dolorem
deserunt,recusandae,nam,nesciunt,dolorum,placeat,odit,asperiores,consequatur
quis,modi,quos,voluptates,rerum,voluptatem,excepturi,suscipit,reiciendis
totam,natus,laudantium,veniam,vero,adipisci,exercitationem,iure,dolores
nemo,quae,deleniti,facilis,debitis,delectus,ipsa,aut,a
animi,labore,fugit,sed,impedit,minima,recusandae,nesciunt,mollitia
officiis,harum,esse,quasi,nisi,beatae,quidem,ea,quibusdam
perferendis,non,hic,iure,sapiente,temporibus,accusamus,totam,numquam
est,exercitationem,beatae,impedit,unde,iste,sit,maxime,recusandae
voluptas,quasi,eos,assumenda,fugiat,recusandae,nulla,illo,sit
illo,assumenda,optio,libero,dolorem,provident,enim,earum,inventore
sequi,saepe,accusamus,tenetur,error,neque,voluptatem,perspiciatis,ex
totam,soluta,odit,odit,nostrum,pariatur,deleniti,tempore,vitae
distinctio,voluptate,itaque,ad,recusandae,nemo,delectus,excepturi,amet
adipisci,minima,at,repudiandae,minima,dolores,deserunt,libero,in
ad,tempora,laudantium,autem,explicabo,quaerat,incidunt,quasi,repellendus
veritatis,asperiores,placeat,optio,impedit,quasi,saepe,odio,nemo
nemo,ratione,perferendis,rem,aperiam,voluptates,perspiciatis,quaerat,dolorem
debitis,at,reiciendis,porro,odit,laborum,consequuntur,natus,aspernatur
eius,facilis,aut,modi,fugit,fuga,consequuntur,in,impedit
rerum,alias,fuga,deleniti,pariatur,explicabo,pariatur,eum,neque
non,laudantium,vitae,incidunt,facilis,eos,animi,dolores,accusantium
fugiat,accusamus,molestiae,quis,magnam,non,quos,amet,ratione
id,a,reiciendis,corporis,animi,nisi,omnis,eos,quasi
magni,magni,dolores,explicabo,enim,eligendi,magni,maxime,consequatur
iste,dolor,doloribus,itaque,pariatur,in,vitae,voluptatem,earum
maiores,molestias,unde,repellendus,commodi,porro,aut,sunt,unde
aliquid,repellat,provident,esse,reprehenderit,dignissimos,id,necessitatibus,quos
quis,tenetur,dolorem,deleniti,fugit,distinctio,repudiandae,aliquam,laudantium
atque,earum,expedita,perspiciatis,at,perferendis,quibusdam,blanditiis,asperiores
quae,totam,quas,soluta,minus,eveniet,eaque,saepe,ab
nostrum,sit,incidunt,esse,eum,ea,illum,nulla,excepturi
itaque,exercitationem,sunt,praesentium,error,nam,unde,nobis,illo
ipsum,ex,reiciendis,autem,quidem,vero,sint,distinctio,accusamus
reprehenderit,sequi,tempore,ex,id,incidunt,ex,quisquam,perferendis
eligendi,vel,perspiciatis,commodi,aperiam,placeat,veniam,atque,expedita
mollitia,pariatur,vitae,repudiandae,ex,officia,nesciunt,qui,possimus
aliquid,harum,vitae,dolores,rerum,necessitatibus,sequi,rem,necessitatibus
aspernatur,aliquam,neque,temporibus,perspiciatis,dolore,sed,amet,laborum
magni,quisquam,accusamus,dicta,ducimus,molestiae,odit,dolores,labore
tenetur,tempore,aspernatur,fugiat,quo,deserunt,hic,ab,quas
sit,illum,tempore,dolores,ducimus,at,dolor,quia,sequi
officiis,dignissimos,dignissimos,omnis,qui,aut,totam,minima,labore
dolorum,expedita,ab,ullam,deleniti,inventore,pariatur,molestias,quidem
neque,numquam,placeat,harum,nesciunt,dolorum,tempore,error,odio
quo,cum,illum,doloribus,unde,mollitia,odio,velit,aperiam
veniam,eius,et,ratione,laborum,molestias,repudiandae,rerum,voluptatum
quam,ea,unde,nam,vero,omnis,tempore,at,libero
incidunt,quae,necessitatibus,eveniet,molestiae,totam,voluptate,temporibus,nulla
libero,deleniti,ut,cupiditate,doloribus,illo,culpa,laboriosam,facere
quidem,reprehenderit,possimus,dolorem,nam,quaerat,corporis,sint,itaque
error,maxime,quod,dolor,porro,numquam,porro,deserunt,neque
odio,accusantium,repudiandae,velit,beatae,ullam,fugit,laborum,labore
facilis,nesciunt,iusto,mollitia,autem,odit,iste,odio,tempore
voluptatibus,neque,maiores,blanditiis,tempore,placeat,non,magnam,rem
ea,impedit,possimus,nostrum,inventore,ratione,saepe,quibusdam,soluta
saepe,inventore,dolorum,pariatur,eius,nihil,similique,quas,illum
fuga,quod,eligendi,harum,laborum,laboriosam,delectus,qui,exercitationem
expedita,provident,sed,quia,voluptatem,ratione,expedita,voluptate,deleniti
iste,perferendis,doloribus,esse,earum,soluta,vero,quas,et
quia,esse,doloribus,repudiandae,nemo,aspernatur,provident,maxime,a
numquam,nemo,ducimus,laudantium,similique,facere,atque,animi,nihil
assumenda,dolor,corrupti,labore,atque,vero,sint,explicabo,cupiditate
reiciendis,cumque,aliquid,accusamus,possimus,voluptatum,molestias,ea,fugiat
eum,cum,ducimus,provident,provident,numquam,suscipit,ratione,dolores
eligendi,est,quos,debitis,natus,sed,animi,esse,provident
commodi,suscipit,amet,eum,sapiente,dicta,repellat,ducimus,doloribus
ab,provident,nihil,in,blanditiis,id,sapiente,modi,quis
officiis,occaecati,provident,neque,quaerat,nesciunt,fugiat,odit,reprehenderit
magnam,hic,laborum,odit,quo,nostrum,qui,asperiores,expedita
sequi,optio,quidem,provident,repellat,error,perferendis,tempore,occaecati
placeat,quod,consequuntur,corporis,aliquid,veritatis,eum,quos,dicta
ducimus,minima,praesentium,cum,aspernatur,quam,suscipit,nisi,beatae
magni,nam,fugit,sunt,voluptas,praesentium,rerum,earum,omnis
corporis,eveniet,laborum,saepe,placeat,pariatur,corrupti,placeat,earum
aspernatur,in,natus,error,odit,rerum,omnis,et,tempora
dignissimos,voluptatum,quisquam,suscipit,numquam,incidunt,porro,earum,maxime
quibusdam,esse,eos,mollitia,pariatur,atque,voluptate,architecto,iste
repudiandae,porro,aperiam,alias,placeat,reprehenderit,repellendus,vero,quibusdam
inventore,ut,id,corrupti,asperiores,cumque,dolore,magnam,sapiente
nihil,fugit,tempora,minus,corrupti,asperiores,similique,velit,corrupti
deleniti,officia,aut,veritatis,id,mollitia,et,perferendis,sed
accusantium,harum,odio,possimus,voluptatem,vel,earum,sed,ipsa
nostrum,adipisci,earum,culpa,eum,cumque,aperiam,recusandae,iste
cum,error,inventore,minus,ducimus,itaque,earum,sunt,at
commodi,natus,rerum,dolores,culpa,id,porro,ipsum,corporis
placeat,labore,temporibus,maxime,corporis,dolorem,doloribus,iure,assumenda
repudiandae,voluptate,iure,provident,nobis,ipsa,in,totam,commodi
fugiat,ut,aliquid,nobis,sequi,illo,voluptates,earum,deserunt
nisi,quos,vel,dicta,fugit,fugiat,dolor,doloremque,facilis
hic,suscipit,illum,reprehenderit,est,animi,sunt,eveniet,natus
perspiciatis,qui,maxime,eveniet,occaecati,neque,beatae,explicabo,voluptatibus
eaque,libero,explicabo,cum,quibusdam,minima,vero,assumenda,earum
exercitationem,inventore,cupiditate,repellat,nam,optio,voluptates,ad,natus
culpa,adipisci,repellat,repudiandae,mollitia,deleniti,eum,blanditiis,facilis
amet,officiis,dicta,cum,magnam,nisi,esse,nihil,fugit
ad,saepe,necessitatibus,ex,dicta,molestiae,eius,nesciunt,suscipit
perferendis,quasi,voluptatum,repudiandae,odit,quas,minus,laboriosam,nemo
at,ab,eos,reiciendis,alias,voluptatum,quia,qui,error
ut,ratione,atque,molestias,voluptate,quae,dolorum,fugiat,voluptatem
exercitationem,saepe,veniam,maiores,cum,accusamus,tempore,consequatur,asperiores
repudiandae,labore,aperiam,fugit,expedita,natus,illo,aliquam,reiciendis
exercitationem,quis,earum,pariatur,quaerat,praesentium,nobis,voluptatem,quis
excepturi,totam,numquam,corrupti,voluptatum,suscipit,in,dolorum,molestiae
consequuntur,est,cupiditate,aliquid,aperiam,ducimus,molestiae,corporis,blanditiis
est,voluptas,iure,accusantium,dolorum,ducimus,facere,culpa,quas
voluptatibus,distinctio,corporis,vero,neque,dolores,modi,quo,totam
corporis,maiores,veritatis,accusantium,autem,officia,blanditiis,fuga,velit
sunt,consequuntur,qui,excepturi,dolorem,nostrum,sapiente,facere,quasi
id,laborum,alias,unde,earum,perspiciatis,pariatur,quos,itaque
quibusdam,fugit,inventore,ab,veritatis,architecto,quam,natus,odio
sequi,voluptas,corporis,numquam,eaque,aliquid,ducimus,animi,ea
atque,ea,consectetur,harum,similique,est,voluptas,aperiam,officiis
tempora,tempora,ipsum,dolor,incidunt,hic,earum,totam,voluptas
quis,corporis,repudiandae,qui,ut,corrupti,veritatis,quos,vitae
odit,nihil,autem,molestias,error,vel,reprehenderit,consequuntur,totam
quae,harum,nesciunt,quisquam,dolorem,a,minima,ipsa,tempora
quo,error,esse,dolore,eaque,praesentium,deserunt,quos,cupiditate
hic,perspiciatis,ex,vitae,dignissimos,nihil,ratione,corrupti,cum
tenetur,rerum,corporis,sapiente,optio,reiciendis,illum,laudantium,dolorum
sapiente,at,itaque,repellat,quibusdam,eos,commodi,quia,nulla
officiis,dolores,facilis,unde,dolor,autem,dolores,minima,ratione
dolor,ullam,illo,sit,reiciendis,voluptate,ad,occaecati,velit
vitae,deleniti,expedita,repellendus,cupiditate,dolore,quod,veritatis,quis
ex,minima,qui,voluptas,nihil,tempore,ipsa,provident,sequi
facere,molestiae,minima,aperiam,commodi,rerum,maxime,deleniti,consequuntur
explicabo,dolorum,error,sit,perspiciatis,consectetur,non,facilis,occaecati
neque,illo,perspiciatis,eveniet,nostrum,illum,rem,quidem,mollitia
sint,nobis,dignissimos,qui,esse,dignissimos,illo,est,rem
ut,aut,quam,illo,placeat,inventore,pariatur,hic,iure
quo,vero,veritatis,fugiat,iste,voluptas,rerum,quis,architecto
vitae,quo,quia,velit,quam,aut,saepe,ducimus,tempore
eaque,aliquam,magnam,reiciendis,vel,veniam,velit,iste,exercitationem
quos,optio,quae,veniam,alias,debitis,tenetur,possimus,perspiciatis
molestiae,et,illo,id,soluta,assumenda,repellat,mollitia,quidem
ipsum,cumque,nobis,a,harum,provident,assumenda,magnam,repellat
aliquam,velit,minus,veniam,repellat,blanditiis,aut,amet,natus
veniam,asperiores,dolores,fugiat,perspiciatis,neque,exercitationem,eum,provident
voluptatum,tenetur,sint,atque,cumque,alias,suscipit,tempore,alias
quaerat,voluptatem,corporis,cum,cupiditate,laboriosam,deserunt,aut,nulla
vero,minima,illo,consequatur,libero,voluptas,unde,temporibus,necessitatibus
impedit,nisi,reprehenderit,odio,ex,doloremque,odit,esse,perspiciatis
exercitationem,alias,recusandae,sunt,expedita,fuga,numquam,quisquam,eveniet
dolorem,fugiat,repellat,a,magni,unde,ratione,at,nulla
quidem,blanditiis,ullam,consectetur,odio,mollitia,corrupti,enim,possimus
neque,sequi,beatae,quisquam,atque,possimus,ipsa,suscipit,sit
vel,accusamus,deserunt,libero,distinctio,omnis,atque,minima,omnis
inventore,consequatur,officia,numquam,eius,laudantium,reprehenderit,porro,voluptatem
culpa,deleniti,nemo,iusto,quo,eaque,quaerat,consequatur,perferendis
consequuntur,illo,harum,ducimus,eligendi,rem,libero,magnam,consequatur
aperiam,vitae,quibusdam,doloribus,delectus,ab,eos,commodi,qui
distinctio,vero,unde,repellendus,labore,vitae,repudiandae,aspernatur,ipsa
culpa,neque,cumque,reiciendis,molestiae,dolore,aliquam,sequi,molestiae
magni,minus,at,consequuntur,consequuntur,error,eligendi,possimus,fugiat
pariatur,sequi,eius,aut,laborum,earum,distinctio,voluptatum,facilis
cumque,illum,culpa,ducimus,optio,pariatur,facilis,ut,distinctio
neque,id,omnis,facere,odio,repellendus,temporibus,explicabo,maiores
nisi,dolor,sapiente,nihil,tenetur,impedit,odio,quas,modi
voluptas,atque,sapiente,praesentium,libero,tenetur,delectus,pariatur,repellendus
ratione,facere,velit,voluptate,neque,provident,magnam,incidunt,consequuntur
ut,nihil,vero,minus,reprehenderit,minima,ipsam,nam,possimus
distinctio,iure,cumque,laboriosam,quisquam,quasi,omnis,et,iure
illum,numquam,iure,nostrum,non,soluta,molestiae,architecto,corrupti
maiores,minima,placeat,delectus,alias,eaque,commodi,consequatur,quidem
rerum,hic,nostrum,voluptatum,cupiditate,autem,ipsam,fugit,dolore
reprehenderit,velit,molestiae,accusamus,eos,voluptatem,itaque,autem,ex
quos,dignissimos,doloribus,occaecati,autem,voluptates,incidunt,deleniti,ea
quas,quam,aspernatur,deserunt,nulla,quo,itaque,ipsum,aperiam
ad,in,similique,omnis,harum,minima,numquam,excepturi,eaque
odio,ad,aut,assumenda,amet,eum,ad,perferendis,quis
officia,voluptatem,porro,consectetur,illo,dicta,consequatur,at,debitis
id,minima,dolore,repudiandae,nihil,corrupti,voluptates,sint,ad
rem,debitis,accusamus,distinctio,amet,a,odio,numquam,debitis
ipsum,rem,laborum,eligendi,sequi,itaque,quos,ab,eligendi
excepturi,doloremque,neque,deleniti,aut,aliquam,magni,consequatur,reiciendis
sunt,a,atque,consequatur,officiis,temporibus,harum,sit,maxime
officia,officia,perspiciatis,nesciunt,molestias,inventore,expedita,molestias,consequatur
repudiandae,voluptatibus,odit,voluptates,aliquam,quod,vel,repellat,magni
ut,impedit,magnam,optio,iure,eveniet,aut,voluptate,repudiandae
placeat,tenetur,sit,accusantium,voluptatum,maiores,provident,a,tenetur
aliquid,nobis,libero,aspernatur,dignissimos,facilis,placeat,numquam,voluptas
error,eos,voluptate,doloremque,mollitia,quaerat,itaque,accusamus,repellat
a,molestias,quos,fugiat,molestias,expedita,deleniti,similique,distinctio
eum,libero,quis,enim,iure,tenetur,ipsam,ullam,deleniti
vitae,necessitatibus,corporis,quasi,occaecati,fugiat,incidunt,excepturi,adipisci
harum,ducimus,ipsa,odit,eaque,pariatur,veritatis,repellat,cumque
dolores,animi,quisquam,ratione,in,officiis,perferendis,maxime,quisquam
quasi,impedit,aspernatur,accusamus,dolor,officiis,alias,quis,neque
voluptates,harum,aperiam,itaque,delectus,numquam,aut,recusandae,rerum
vero,enim,excepturi,saepe,facere,quis,aliquid,similique,at
occaecati,unde,ab,voluptatem,asperiores,nostrum,maxime,earum,esse
vero,placeat,quis,nobis,eum,magnam,ducimus,in,nulla
minus,necessitatibus,incidunt,atque,fugit,minima,aspernatur,nisi,voluptatum
quibusdam,esse,quae,aut,voluptatibus,aspernatur,mollitia,perferendis,odit
earum,officia,ratione,sint,dicta,quibusdam,beatae,porro,quam
distinctio,laudantium,ad,voluptatum,consequatur,non,minima,placeat,ipsum
rem,mollitia,error,nisi,voluptatum,vero,dolore,sed,sunt
eligendi,sapiente,soluta,possimus,minus,odio,eligendi,quasi,soluta
similique,vel,qui,quam,ipsam,minus,quisquam,consequuntur,sunt
ut,laudantium,placeat,quaerat,expedita,labore,recusandae,numquam,quasi
fugiat,quasi,maxime,autem,incidunt,ipsum,accusamus,adipisci,unde
iste,quidem,dicta,harum,beatae,autem,molestias,iste,magni
expedita,natus,error,quia,nisi,vero,exercitationem,accusamus,reiciendis
a,pariatur,iste,autem,vero,et,nobis,a,blanditiis
quaerat,dolores,excepturi,tempora,voluptates,quis,labore,modi,autem
quasi,assumenda,laborum,quae,ex,recusandae,eveniet,est,vel
voluptas,ea,autem,iusto,sed,alias,commodi,expedita,laudantium
voluptatem,culpa,atque,quisquam,amet,ipsum,in,facere,veritatis
ad,qui,commodi,necessitatibus,error,alias,nemo,et,reprehenderit
ratione,reiciendis,architecto,numquam,aut,reiciendis,reprehenderit,nesciunt,quo
labore,corrupti,ea,aliquid,perspiciatis,tempora,dolor,veritatis,totam
quibusdam,necessitatibus,alias,reiciendis,occaecati,cupiditate,necessitatibus,aut,eos
voluptatem,doloribus,fuga,quidem,dolore,voluptatem,ullam,deleniti,rem
quisquam,earum,doloribus,hic,cum,quae,dolor,eos,eos
enim,asperiores,nostrum,consequatur,culpa,impedit,ad,facilis,minus
accusantium,blanditiis,quos,sequi,esse,et,recusandae,commodi,natus
non,ab,ipsam,adipisci,modi,tempora,perferendis,maxime,magnam
sequi,id,nisi,totam,qui,voluptatibus,laboriosam,sit,quo
accusantium,occaecati,animi,dolore,voluptates,unde,earum,vero,sit
perferendis,enim,blanditiis,assumenda,dolorem,maiores,nulla,blanditiis,labore
perferendis,impedit,earum,quisquam,sequi,optio,labore,veniam,corrupti
molestias,quisquam,error,iure,accusamus,amet,veniam,eum,suscipit
consectetur,fuga,occaecati,dolor,tempore,nobis,ducimus,sint,enim
molestiae,inventore,repudiandae,consequatur,neque,ipsa,in,molestiae,temporibus
laboriosam,alias,corporis,vel,earum,delectus,natus,architecto,temporibus
quod,maxime,cumque,sequi,commodi,adipisci,repudiandae,natus,qui
assumenda,porro,reprehenderit,facere,officia,repellendus,optio,velit,labore
placeat,autem,explicabo,consequatur,vel,ullam,recusandae,esse,voluptatem
enim,voluptatum,ea,error,incidunt,delectus,fuga,ex,cupiditate
sed,quos,repellendus,facilis,eaque,magnam,id,facere,quod
dolor,illum,quasi,illo,aliquid,dolor,minima,numquam,possimus
qui,aliquid,vitae,nemo,eligendi,soluta,qui,consectetur,nostrum
autem,culpa,cum,voluptatum,harum,laudantium,nemo,fugiat,officia
corrupti,voluptas,deleniti,neque,adipisci,quos,nihil,ad,facilis
totam,aperiam,quas,aliquid,iure,ratione,eos,temporibus,harum
temporibus,laborum,amet,nihil,totam,natus,ducimus,id,neque
accusantium,possimus,molestias,consequatur,nobis,sint,provident,architecto,fugit
nostrum,voluptatem,veniam,sit,nisi,ducimus,asperiores,a,incidunt
dolore,aliquam,magni,quod,quae,repudiandae,aspernatur,deserunt,delectus
beatae,consectetur,itaque,aut,asperiores,alias,a,dolores,sunt
provident,rem,aut,veniam,sed,dolorem,iusto,quod,ex
veniam,cum,earum,magni,rem,hic,assumenda,beatae,distinctio
dolorum,accusantium,pariatur,id,sapiente,nobis,similique,praesentium,voluptatibus
dolorum,nemo,quod,esse,in,nemo,magni,praesentium,corrupti
rem,incidunt,reprehenderit,corrupti,laborum,odio,hic,dolor,quas
quasi,sit,praesentium,soluta,iusto,sint,debitis,odit,sunt
incidunt,doloremque,eius,aperiam,dicta,consequuntur,iste,minima,cumque
ipsam,quo,corrupti,sunt,dolores,provident,blanditiis,odio,corrupti
ullam,deserunt,tenetur,magni,praesentium,minima,ducimus,odio,quas
excepturi,quae,pariatur,corrupti,dolorem,eligendi,impedit,ad,molestiae
reiciendis,deserunt,iusto,dolorem,autem,magnam,nam,ipsa,possimus
quia,ipsam,eos,excepturi,quia,ea,dolorem,similique,quibusdam
eos,occaecati,error,eligendi,ad,omnis,beatae,culpa,qui
aliquid,veniam,modi,doloremque,harum,praesentium,commodi,quisquam,officiis
dolores,maiores,eos,corporis,error,nam,dolore,aut,velit
modi,quis,cum,unde,voluptatibus,explicabo,a,aliquid,repudiandae
eveniet,ea,aperiam,veniam,nulla,quibusdam,dignissimos,libero,iusto
similique,explicabo,labore,cupiditate,a,odit,placeat,deserunt,vel
sed,quo,praesentium,commodi,odio,possimus,laboriosam,temporibus,aut
voluptatibus,ipsa,et,omnis,beatae,placeat,sunt,quaerat,modi
fuga,possimus,fuga,corrupti,sed,id,ea,at,facilis
repellendus,velit,veritatis,distinctio,id,nihil,deserunt,vero,repellendus
autem,unde,reprehenderit,maiores,consectetur,et,reiciendis,distinctio,ipsum
tenetur,necessitatibus,corporis,dolore,eveniet,voluptates,doloremque,unde,sequi
incidunt,voluptatum,debitis,delectus,repudiandae,mollitia,itaque,officiis,occaecati
corrupti,praesentium,facere,nisi,tempore,id,assumenda,iusto,nobis
quas,perspiciatis,magni,officia,consectetur,minus,iusto,voluptas,necessitatibus
nemo,cupiditate,nulla,tempore,voluptatibus,perspiciatis,alias,aliquid,reprehenderit
voluptates,distinctio,exercitationem,repellendus,sapiente,eligendi,minus,porro,facere
velit,temporibus,omnis,exercitationem,aspernatur,nemo,vel,consequuntur,et
explicabo,culpa,dolores,quidem,mollitia,dolorum,omnis,aut,facilis
placeat,delectus,quam,sint,enim,vero,officia,reprehenderit,nesciunt
blanditiis,nesciunt,velit,minima,iure,expedita,consequatur,aperiam,tenetur
unde,dicta,ratione,quaerat,asperiores,repellendus,omnis,sunt,ut
sapiente,voluptatum,aut,repellendus,distinctio,voluptatem,in,ipsum,labore
repudiandae,officia,nisi,inventore,perferendis,assumenda,maiores,soluta,necessitatibus
porro,tenetur,numquam,enim,excepturi,voluptatum,sequi,doloribus,quod
et,harum,reiciendis,natus,quidem,necessitatibus,cumque,magnam,ipsam
possimus,illum,facilis,repellat,reprehenderit,suscipit,praesentium,error,ab
saepe,consequuntur,hic,qui,consequatur,perspiciatis,maxime,in,sint
quasi,soluta,sunt,sed,sed,quos,sed,minima,aliquam
ut,a,accusantium,voluptate,inventore,voluptates,perspiciatis,velit,autem
deserunt,error,consequatur,at,similique,repellat,assumenda,corrupti,facilis
recusandae,veniam,voluptate,amet,commodi,tempora,ducimus,quidem,dolorum
officiis,alias,nesciunt,ducimus,sunt,doloremque,inventore,dignissimos,earum
maiores,totam,quos,suscipit,incidunt,dolores,maxime,assumenda,veniam
provident,tempore,non,officia,voluptatem,labore,recusandae,iusto,tempore
voluptatem,nostrum,explicabo,necessitatibus,accusantium,illum,repellat,architecto,ea
cumque,vel,ipsam,id,nisi,sunt,necessitatibus,veniam,tempora
aliquam,fugiat,soluta,velit,possimus,modi,non,minus,nihil
animi,rem,corporis,officia,fugit,ullam,nulla,cumque,nisi
amet,facilis,natus,veritatis,eaque,nisi,excepturi,possimus,aut
eveniet,iusto,id,illum,quod,enim,veniam,similique,hic
quo,odit,esse,voluptatum,laboriosam,officiis,maxime,distinctio,dolor
earum,nulla,voluptatem,voluptas,veritatis,rem,facilis,harum,totam
esse,incidunt,repellat,consequatur,iusto,culpa,at,minus,nihil
odio,nam,autem,ab,perspiciatis,temporibus,hic,provident,impedit
repudiandae,atque,excepturi,maxime,impedit,id,voluptatem,temporibus,explicabo
ea,quod,occaecati,placeat,error,vero,excepturi,fugit,inventore
quod,ducimus,corporis,iusto,officia,atque,labore,temporibus,facere
alias,quas,rerum,illo,sequi,illum,ut,rem,at
aliquid,suscipit,enim,nemo,fugiat,repellat,explicabo,nulla,unde
natus,minima,eius,doloremque,voluptatem,quam,vel,quam,quia
harum,corporis,odit,quo,ipsam,mollitia,beatae,nemo,magnam
vitae,nisi,reiciendis,sequi,alias,ad,eaque,atque,ipsa
incidunt,accusamus,atque,velit,enim,id,enim,veniam,aliquam
corrupti,et,dicta,repellat,consectetur,consectetur,ex,sunt,est
iusto,totam,nam,fuga,molestias,nesciunt,sit,voluptate,non
suscipit,odio,dolore,minima,veniam,debitis,sed,molestiae,at
numquam,magni,magnam,itaque,excepturi,rem,dolore,ratione,explicabo
ut,doloribus,laudantium,neque,laudantium,quaerat,fuga,non,impedit
tempore,minus,consequuntur,consequatur,cupiditate,odio,eius,ad,quod
provident,totam,iure,voluptas,doloremque,voluptas,ipsam,a,sed
eligendi,suscipit,ad,aspernatur,possimus,dolor,enim,nisi,quae
cupiditate,in,distinctio,quisquam,repudiandae,deleniti,voluptatem,et,mollitia
maiores,doloremque,animi,rem,non,temporibus,dolores,culpa,corporis
molestias,modi,nemo,debitis,dolor,ab,repellendus,fugit,quis
odio,dolore,cum,ad,aut,ea,consectetur,magni,perspiciatis
ex,commodi,qui,vel,minima,harum,magni,laboriosam,sit
quam,magnam,assumenda,distinctio,ipsam,quaerat,qui,quaerat,perferendis
eos,culpa,libero,incidunt,dignissimos,modi,rerum,dignissimos,omnis
impedit,molestias,suscipit,at,ab,ea,totam,eligendi,deleniti
quam,praesentium,porro,porro,impedit,nobis,possimus,et,dignissimos
quia,debitis,architecto,sint,pariatur,aliquam,qui,illum,similique
debitis,quidem,ex,libero,expedita,iure,vitae,iusto,tenetur
reprehenderit,deleniti,consequatur,saepe,aliquid,blanditiis,officiis,ipsa,ut
dolorem,voluptatum,sed,recusandae,fuga,inventore,voluptate,natus,aut
doloribus,nesciunt,quaerat,corrupti,consectetur,reiciendis,perspiciatis,est,quisquam
adipisci,provident,vero,repudiandae,quo,necessitatibus,quos,tempora,impedit
blanditiis,quo,nam,tempora,earum,iste,autem,cum,consequuntur
enim,a,totam,ullam,accusantium,mollitia,occaecati,provident,eos
repudiandae,molestiae,illum,exercitationem,atque,explicabo,laboriosam,aut,facere
dolores,expedita,quidem,necessitatibus,eius,excepturi,aut,laborum,ea
dicta,reiciendis,vel,eveniet,eum,officiis,consequatur,magnam,molestiae
autem,quia,natus,voluptas,facilis,at,ducimus,laboriosam,nostrum
magni,minima,ad,non,ut,eum,distinctio,placeat,esse
excepturi,facilis,expedita,aliquam,qui,consectetur,perspiciatis,exercitationem,eveniet
voluptatibus,dolorem,incidunt,libero,doloremque,ullam,saepe,quam,non
magni,recusandae,quos,voluptatem,molestias,sit,laudantium,cupiditate,earum
repudiandae,voluptate,culpa,impedit,alias,eius,consequuntur,mollitia,similique
dolore,eos,ipsa,inventore,ducimus,consequatur,dolore,tempore,assumenda
asperiores,occaecati,facilis,dolores,quisquam,officia,dolorum,amet,dolor
ipsum,magnam,mollitia,asperiores,eos,cum,ab,quis,amet
tenetur,a,officiis,cum,officia,reprehenderit,natus,expedita,fugit
qui,at,sapiente,quis,consequuntur,voluptates,iste,numquam,hic
eligendi,vitae,quibusdam,eum,quos,perspiciatis,nulla,doloremque,sunt
at,ab,placeat,nisi,odit,minus,deleniti,consequuntur,temporibus
similique,amet,aliquam,labore,non,at,explicabo,voluptates,dolorum
quis,molestias,modi,doloremque,deserunt,molestiae,ad,dolorem,eum
ex,enim,blanditiis,expedita,saepe,nam,magni,quos,incidunt
sequi,laudantium,nemo,numquam,cum,assumenda,quam,repudiandae,optio
facere,commodi,natus,voluptatum,nobis,quibusdam,placeat,fuga,deserunt
corrupti,pariatur,facilis,ipsam,officiis,dolorem,sapiente,cum,veniam
vitae,inventore,deleniti,vel,molestiae,error,illum,minima,hic
architecto,deleniti,dolorem,nesciunt,necessitatibus,quidem,veritatis,alias,eos
quasi,commodi,quo,aliquam,ea,quisquam,suscipit,accusamus,nemo
placeat,ratione,excepturi,ad,doloribus,rem,aspernatur,nemo,consequuntur
id,repellat,corporis,cumque,exercitationem,magni,nisi,odio,quasi
laboriosam,asperiores,explicabo,voluptatem,molestias,error,voluptate,quia,explicabo
fuga,aut,vitae,repellendus,dicta,eaque,nulla,fugiat,et
assumenda,cumque,ullam,maxime,fuga,quia,odio,id,ex
eum,veritatis,voluptatibus,nulla,quaerat,reiciendis,quos,dolorem,temporibus
quo,adipisci,consequatur,accusamus,voluptates,veritatis,veniam,aut,consectetur
tempore,magni,voluptatem,sed,reprehenderit,rerum,molestias,assumenda,ducimus
voluptatem,voluptate,saepe,asperiores,nam,quaerat,temporibus,magnam,quasi
quaerat,ut,nam,reprehenderit,nam,laboriosam,ducimus,quod,quidem
architecto,itaque,nihil,explicabo,et,qui,animi,est,in
minima,alias,eum,soluta,facere,iusto,in,assumenda,officiis
adipisci,impedit,repellat,labore,necessitatibus,asperiores,repudiandae,autem,saepe
nemo,consectetur,quos,in,ducimus,quo,dolore,reprehenderit,labore
earum,iure,id,numquam,a,alias,esse,iste,quasi
reprehenderit,odio,quasi,iusto,autem,ea,accusamus,ducimus,aperiam
ipsam,esse,odit,quasi,exercitationem,omnis,voluptatum,doloremque,architecto
quod,quaerat,debitis,distinctio,nobis,voluptatum,pariatur,molestias,dicta
vitae,hic,molestiae,eius,nobis,assumenda,quae,ducimus,doloremque
ullam,possimus,voluptatem,ex,amet,dignissimos,vitae,atque,consectetur
earum,dicta,exercitationem,laboriosam,nihil,quisquam,tempore,cum,ut
maiores,maiores,ipsum,et,repudiandae,error,possimus,quo,doloribus
neque,fugiat,consequatur,quae,odio,culpa,ratione,a,beatae
quam,accusantium,laudantium,perspiciatis,totam,eos,facere,accusantium,omnis
rem,saepe,sapiente,quia,odit,eveniet,pariatur,eum,blanditiis
voluptates,explicabo,incidunt,deserunt,doloribus,totam,voluptatibus,sequi,occaecati
et,a,iusto,a,neque,quas,aut,odit,vel
dolor,facere,modi,magni,ratione,exercitationem,odit,saepe,sed
numquam,blanditiis,impedit,consequuntur,saepe,occaecati,modi,a,sunt
id,sapiente,ipsam,laboriosam,molestias,iste,inventore,tempore,ab
culpa,nobis,assumenda,fugit,facilis,recusandae,voluptatem,occaecati,adipisci
laborum,soluta,eos,voluptates,pariatur,eligendi,maiores,labore,doloremque
quam,adipisci,minima,eum,dolore,reprehenderit,ipsam,asperiores,exercitationem
alias,laudantium,non,doloremque,suscipit,aspernatur,quos,tempore,quasi
quae,doloremque,tempore,deserunt,impedit,officiis,ratione,aut,omnis
neque,ut,cumque,dolor,quos,officia,blanditiis,alias,vitae
architecto,quas,velit,deserunt,autem,impedit,officia,eos,modi
nesciunt,ea,nesciunt,laudantium,placeat,dignissimos,eius,quasi,dolor
perferendis,consectetur,possimus,labore,autem,soluta,optio,facilis,quaerat
illo,quisquam,quas,alias,numquam,quos,soluta,soluta,suscipit
molestias,assumenda,molestiae,iure,dolorum,accusamus,perspiciatis,ipsum,quod
culpa,iste,optio,pariatur,quo,soluta,eum,asperiores,nobis
voluptatum,cumque,voluptatum,et,quod,id,quae,nihil,omnis
molestias,alias,laboriosam,blanditiis,ipsa,hic,alias,odio,veniam
eum,et,voluptas,aliquam,dolores,alias,aliquam,cupiditate,ratione
veniam,veritatis,ut,enim,suscipit,iure,est,est,nostrum
perspiciatis,eligendi,delectus,dolorem,saepe,doloremque,error,exercitationem,quibusdam
magnam,quasi,labore,officia,quam,est,exercitationem,ea,eum
saepe,perferendis,iusto,impedit,ipsam,aliquid,quis,sapiente,dolore
in,enim,libero,quia,nobis,asperiores,amet,veniam,doloremque
magni,delectus,placeat,distinctio,quo,distinctio,iusto,illo,recusandae
ex,temporibus,quas,reprehenderit,at,veniam,voluptatem,pariatur,libero
recusandae,commodi,velit,illo,mollitia,laboriosam,exercitationem,temporibus,adipisci
enim,fuga,autem,tempore,ipsum,eveniet,iste,aspernatur,cum
dicta,ad,ipsa,veritatis,at,ab,reprehenderit,odit,eligendi
dolorem,ad,dolorum,nostrum,architecto,nisi,distinctio,facere,consequatur
blanditiis,aliquam,enim,perspiciatis,aut,tempore,nostrum,perspiciatis,temporibus
fugit,labore,nulla,ipsa,incidunt,repellendus,assumenda,deserunt,a
nihil,iste,culpa,voluptates,non,amet,hic,dolorum,quo
deleniti,fugiat,incidunt,saepe,nulla,nostrum,quis,blanditiis,neque
recusandae,totam,quo,eos,suscipit,molestias,unde,aperiam,non
velit,debitis,rerum,ullam,ipsa,expedita,esse,molestiae,molestiae
consequatur,ad,adipisci,sequi,tempora,incidunt,doloribus,ex,corporis
placeat,inventore,possimus,eum,ut,nisi,voluptatibus,quasi,voluptatibus
veritatis,ipsa,libero,qui,iure,rerum,voluptas,occaecati,nisi
in,delectus,maiores,maxime,a,optio,voluptates,hic,expedita
dolore,tenetur,hic,officia,labore,pariatur,eos,eveniet,vero
eum,excepturi,ducimus,necessitatibus,aliquid,ducimus,ut,iste,neque
molestiae,itaque,et,odio,pariatur,illum,illo,eius,pariatur
voluptate,velit,adipisci,beatae,aperiam,quam,error,adipisci,inventore
unde,eaque,voluptatibus,delectus,reiciendis,officia,nam,reiciendis,maxime
sunt,animi,occaecati,totam,facere,neque,enim,consequuntur,consequuntur
neque,incidunt,adipisci,saepe,officiis,alias,magni,dolore,autem
officia,necessitatibus,reiciendis,aliquam,ad,a,ipsa,consequuntur,necessitatibus
eligendi,laboriosam,iste,sunt,necessitatibus,nemo,temporibus,minima,temporibus
saepe,voluptate,quasi,nobis,sapiente,molestiae,animi,praesentium,reiciendis
itaque,omnis,iste,eum,consequuntur,soluta,necessitatibus,recusandae,quae
vel,dicta,quibusdam,minus,odit,distinctio,aperiam,laborum,aspernatur
eaque,illo,molestias,culpa,dolor,laborum,aliquid,cumque,impedit
numquam,illo,quidem,sit,modi,ducimus,rerum,ipsam,non
minima,quas,eveniet,laborum,necessitatibus,architecto,fugit,modi,labore
incidunt,ipsa,in,consequatur,itaque,sapiente,minus,reprehenderit,doloremque
itaque,similique,possimus,quo,illo,itaque,et,beatae,officiis
a,iste,nobis,atque,recusandae,dolorem,culpa,rem,nihil
porro,doloribus,occaecati,explicabo,sapiente,nihil,alias,commodi,natus
maiores,aperiam,ducimus,ab,corrupti,distinctio,accusamus,nisi,eius
culpa,placeat,ad,numquam,beatae,itaque,enim,est,quis
eaque,rem,ad,eos,similique,accusantium,necessitatibus,exercitationem,delectus
dolorum,nisi,sequi,blanditiis,dolorum,in,necessitatibus,nobis,vero
quisquam,iste,aperiam,excepturi,soluta,voluptatibus,dolorum,eaque,error
quae,commodi,neque,odit,asperiores,expedita,asperiores,dolores,debitis
laboriosam,nesciunt,unde,id,nihil,occaecati,iste,in,sequi
quibusdam,expedita,vero,eius,odio,nam,at,nostrum,at
est,architecto,illo,facilis,doloribus,minus,recusandae,placeat,minima
facere,at,eveniet,saepe,aliquam,similique,vitae,mollitia,quos
dolore,nesciunt,cum,saepe,quibusdam,dignissimos,autem,quod,consequuntur
quod,dolorem,repudiandae,voluptatibus,magnam,illo,unde,praesentium,quae
quidem,amet,laborum,sit,corrupti,voluptatum,voluptatibus,porro,corrupti
rerum,harum,quasi,repellat,accusantium,soluta,eos,sit,enim
nobis,voluptatem,minus,amet,suscipit,accusantium,iusto,nesciunt,maxime
sit,corrupti,consectetur,aut,error,expedita,nobis,perspiciatis,laboriosam
ducimus,soluta,provident,beatae,voluptatem,dolorem,atque,vitae,sunt
aliquam,ullam,modi,architecto,sapiente,qui,sit,nostrum,corporis
iusto,libero,quam,omnis,delectus,facere,eius,corrupti,dolorem
culpa,quas,officiis,minus,odio,nostrum,voluptates,ad,ducimus
fuga,fugiat,eius,veritatis,iure,vitae,molestiae,minima,voluptate
inventore,earum,cupiditate,voluptates,ratione,alias,eveniet,rerum,vitae
hic,itaque,voluptate,corrupti,necessitatibus,sunt,maxime,quae,iste
eveniet,a,suscipit,minus,numquam,fugit,dolores,at,quis
iste,aut,natus,modi,aperiam,accusamus,quam,corporis,vitae
non,aperiam,ex,rerum,odio,veniam,veritatis,ratione,cumque
velit,tempora,fugit,nesciunt,quas,minus,excepturi,rerum,velit
aut,sint,magni,repellat,eius,ullam,sint,dolorem,sequi
blanditiis,esse,facere,dignissimos,fugiat,necessitatibus,veniam,mollitia,porro
dignissimos,excepturi,cum,aliquam,voluptas,tenetur,aspernatur,nulla,consectetur
pariatur,labore,praesentium,unde,porro,nulla,ex,ratione,totam
aut,error,error,expedita,ducimus,possimus,consequatur,amet,dolorem
pariatur,nihil,optio,unde,neque,molestias,doloribus,quas,tenetur
natus,earum,eum,autem,suscipit,laborum,dolore,deleniti,velit
minima,animi,provident,officiis,mollitia,deleniti,quia,culpa,incidunt
quam,officia,temporibus,rem,eligendi,laudantium,sint,non,ea
deleniti,inventore,nulla,quis,reiciendis,ex,perferendis,tempora,ullam
quia,ratione,nesciunt,quos,ipsam,error,fugiat,non,quas
sit,nam,soluta,laborum,quam,animi,tempora,aspernatur,voluptatibus
corrupti,placeat,impedit,voluptate,ea,nihil,deleniti,earum,voluptatum
perferendis,eaque,dignissimos,porro,harum,ullam,velit,recusandae,quaerat
temporibus,nobis,mollitia,dolores,autem,repudiandae,alias,laudantium,incidunt
