app_id,cust_id,app_stage,loan_amt_requested,app_start_date
731616,9078,repellendus,nisi,consequuntur
566736,7832,harum,dignissimos,adipisci
288311,9055,fuga,quisquam,quod
385700,4632,tempore,inventore,expedita
963777,8744,quasi,excepturi,exercitationem
186394,7351,harum,voluptatem,est
753466,9413,minus,dolores,eos
885416,4535,et,iure,unde
996337,7700,expedita,eligendi,quasi
176559,1304,delectus,officiis,assumenda
713750,8195,voluptatem,sunt,harum
152710,5610,pariatur,voluptas,asperiores
128926,6129,amet,corporis,aliquam
738152,4665,ipsam,sunt,eaque
711443,6114,ad,minima,libero
175302,9574,ratione,eum,hic
988701,1730,soluta,reiciendis,quibusdam
154863,8820,adipisci,deleniti,facere
330504,6378,quisquam,quisquam,sed
519136,7895,sint,placeat,explicabo
590345,4565,consequatur,in,veritatis
157180,6142,facilis,fuga,consequatur
195393,9340,magni,nam,eveniet
342938,5758,quis,quis,eum
268369,6946,autem,aut,id
550559,1056,ratione,atque,libero
818815,3116,corporis,quod,natus
134814,2413,mollitia,similique,nam
172140,9568,pariatur,neque,laborum
698819,7667,ipsa,voluptatibus,perferendis
901668,5888,magni,laborum,ut
153690,6829,magni,vitae,nesciunt
691173,8807,eum,enim,maxime
333995,8043,quas,commodi,sint
776336,8824,ad,animi,nihil
699906,6987,optio,soluta,ipsa
845471,1133,hic,commodi,illum
905136,6136,alias,aperiam,suscipit
876744,7183,optio,minima,laborum
884123,4569,optio,facilis,accusantium
668908,7844,vel,nulla,dolorem
496028,4962,exercitationem,dolorem,sit
781111,4473,quasi,a,laborum
181034,5930,quod,vero,veritatis
277430,4183,distinctio,sapiente,cumque
858953,7948,magni,deserunt,eaque
357079,7067,unde,voluptas,iste
397148,3101,enim,numquam,fugit
504671,3703,voluptatem,at,doloribus
919149,7600,assumenda,sequi,vero
688955,2358,ipsa,nihil,debitis
270800,1920,asperiores,esse,tempora
167964,9368,nesciunt,exercitationem,facere
285369,3045,eius,voluptate,tenetur
733224,8353,explicabo,ipsa,vitae
366090,8288,at,totam,a
620666,2472,asperiores,dolorem,voluptate
804319,7995,tempora,modi,amet
279345,7975,quod,sapiente,debitis
830423,7447,cum,ex,excepturi
807242,3971,eligendi,quidem,perferendis
814581,3094,molestias,labore,commodi
693347,1028,fuga,omnis,necessitatibus
649979,6918,illum,vel,quasi
773500,5598,consequatur,architecto,eveniet
178068,8586,itaque,qui,aut
903466,4014,quos,animi,quae
146005,1079,vero,repudiandae,quod
319302,1512,facere,cupiditate,dicta
326215,7931,necessitatibus,perspiciatis,aspernatur
552903,6221,sed,quae,quam
457326,5327,accusamus,itaque,voluptas
894289,4339,blanditiis,itaque,voluptatum
154790,1733,voluptas,occaecati,voluptatibus
884989,9204,odio,incidunt,minima
901964,5446,dolore,a,sed
276817,2555,ad,sint,assumenda
996144,8748,aliquid,cupiditate,ab
177751,1899,error,magni,sed
376740,4529,amet,suscipit,a
286239,2740,asperiores,molestiae,quis
148465,3624,autem,est,in
168215,2494,recusandae,sunt,saepe
239659,4852,ex,officia,similique
510790,7172,dolores,eligendi,rerum
426872,1635,veritatis,possimus,ipsum
624261,3142,dolores,quidem,odio
418396,7352,neque,maxime,nostrum
773014,9498,a,sequi,esse
148239,5620,aliquam,qui,perspiciatis
160946,9121,praesentium,enim,ullam
638822,8869,culpa,itaque,dolore
637301,7980,temporibus,aperiam,doloremque
438480,1400,aliquam,ex,similique
931565,5316,deserunt,temporibus,itaque
725946,1705,enim,tempore,rerum
853877,1048,iusto,est,eaque
196647,3211,debitis,dolore,rem
495473,5118,nihil,id,natus
804651,8412,perspiciatis,eveniet,occaecati
521985,2832,optio,incidunt,culpa
385292,4025,officiis,sed,quis
581830,3826,eius,veniam,sit
260410,9974,sit,accusantium,nostrum
266614,5178,vitae,aliquam,sint
861842,7323,sunt,eligendi,dolorum
463765,1219,ad,veniam,itaque
380270,5591,officiis,expedita,fuga
863899,2284,voluptate,quae,quod
800104,2909,fugiat,impedit,dicta
386353,8635,rerum,voluptate,iste
516807,4761,corporis,assumenda,cupiditate
464581,9480,adipisci,vel,porro
213792,4351,molestias,accusamus,ut
247488,4690,cum,voluptatibus,iste
952605,9744,autem,delectus,atque
112016,4660,veniam,tenetur,nihil
397073,4951,eius,doloremque,necessitatibus
705820,2791,laboriosam,impedit,molestias
150794,1699,temporibus,iure,a
478257,7422,quos,veniam,adipisci
211678,7002,ad,ipsum,sapiente
972857,9944,asperiores,debitis,nostrum
661550,1189,laboriosam,iusto,nihil
751421,2505,eum,alias,minima
173972,1325,ducimus,omnis,incidunt
728893,9404,modi,dolor,quos
542423,5952,suscipit,laboriosam,quae
287770,6150,tempore,debitis,odio
383723,9519,quas,occaecati,necessitatibus
363988,2757,magni,sed,ex
902083,3687,numquam,omnis,soluta
393273,8576,quis,aliquid,dolore
782096,9089,quisquam,eius,incidunt
511638,8213,minima,illum,blanditiis
477086,8179,minus,magni,facilis
709633,8222,necessitatibus,unde,quis
461943,2338,consequatur,eaque,laboriosam
753577,2920,adipisci,delectus,blanditiis
760396,5999,ratione,corporis,facere
112821,5297,quae,debitis,incidunt
168465,9938,nesciunt,rem,optio
816892,9534,dolorem,pariatur,libero
825328,8459,dicta,id,eum
805779,2950,reprehenderit,quidem,adipisci
304315,8506,atque,repellat,vitae
843354,3213,veritatis,accusamus,culpa
635642,8482,minima,cum,doloremque
913761,2710,expedita,perspiciatis,odio
304151,1057,odio,dolore,accusantium
525281,7924,laboriosam,voluptates,nemo
900089,1615,totam,ut,voluptas
612215,8958,doloribus,reiciendis,eos
933171,4320,voluptatum,dolore,natus
278164,6164,aliquid,inventore,necessitatibus
829667,7134,eius,deserunt,a
390672,1012,aut,ullam,assumenda
786699,7235,quasi,dolorum,excepturi
824801,4801,unde,amet,alias
698663,8139,ut,delectus,perferendis
416007,7106,recusandae,veniam,culpa
816584,3058,est,laborum,dolorem
169765,7426,reiciendis,neque,doloremque
879845,2614,eligendi,aspernatur,libero
259901,2515,quod,consequatur,commodi
276294,7710,alias,quas,facilis
225325,4013,repellat,quis,voluptatem
434719,9762,laudantium,possimus,blanditiis
941808,9783,iure,reprehenderit,at
251604,6183,cupiditate,ipsa,maxime
738334,2455,tempora,in,ullam
598550,9320,illo,quisquam,aut
604477,3415,sequi,occaecati,recusandae
347726,5881,velit,velit,quaerat
619898,2149,incidunt,quae,odio
910267,2198,totam,dicta,sequi
677573,4765,exercitationem,hic,voluptatum
536487,7733,saepe,corporis,amet
651653,2473,tempore,sed,sunt
386531,2069,porro,ratione,architecto
241464,3972,autem,dignissimos,possimus
941615,6660,reprehenderit,a,minima
697829,6176,excepturi,modi,ipsa
155223,6525,repellendus,perspiciatis,consequuntur
993426,9437,atque,sapiente,deleniti
841257,8162,iste,error,perferendis
889193,9481,modi,est,at
589245,1096,excepturi,odit,animi
527937,7400,enim,odit,corporis
143887,5739,qui,earum,ipsum
990325,6117,eaque,tempore,aspernatur
309800,3399,assumenda,dignissimos,id
201065,1519,adipisci,mollitia,maxime
671588,5262,animi,ea,earum
114168,4356,non,modi,soluta
315027,2162,corporis,quasi,in
573731,9875,quis,vel,neque
367738,6830,natus,illo,possimus
489588,8583,repellat,porro,fugiat
396994,7086,molestias,quia,dignissimos
550802,9714,magni,repellat,natus
619993,1728,magnam,eos,sit
761403,9792,nemo,voluptatem,ex
286085,7976,iure,ullam,quae
846704,9031,fuga,laboriosam,nesciunt
938165,4846,harum,sit,illo
815642,9839,facilis,incidunt,illum
863445,6241,deleniti,neque,tempore
160078,9378,in,accusamus,tempora
904957,7151,unde,modi,maiores
490382,4340,nobis,hic,ea
468617,6168,odit,rerum,omnis
354543,8345,odio,ullam,ullam
726103,1397,veritatis,odio,suscipit
372817,2045,ab,ad,ab
176468,2441,maxime,laboriosam,iure
301176,7821,sequi,esse,porro
759393,4190,assumenda,earum,iure
830921,6045,dolores,aspernatur,iure
330803,6688,laborum,odio,dolores
590829,4332,nostrum,praesentium,dolorem
740231,3555,nihil,doloribus,ipsa
341758,7682,accusamus,error,pariatur
371062,9344,autem,eaque,libero
778662,8588,odit,minima,consequuntur
381366,2830,quasi,excepturi,labore
208035,2954,quibusdam,a,voluptates
794139,5158,architecto,similique,eveniet
870046,8133,voluptate,nisi,fugit
726521,4148,architecto,sit,iure
274492,2129,voluptatum,voluptates,adipisci
683596,2601,vitae,quia,suscipit
162493,7162,molestiae,aliquid,magnam
330776,1015,quo,aperiam,corrupti
963047,4085,ad,maxime,quis
447693,8263,voluptates,nobis,ab
476327,4103,dolore,nobis,dolore
291830,6733,iusto,deserunt,deleniti
537779,3321,neque,est,quidem
825633,7623,error,repellat,occaecati
335151,9630,ullam,quibusdam,cupiditate
932446,4065,modi,dicta,fugiat
830916,1960,reprehenderit,debitis,maiores
605253,7902,minima,dolorum,quia
404449,5902,ea,odio,fuga
693594,9408,inventore,beatae,blanditiis
811057,2020,voluptatibus,doloribus,id
628231,8368,saepe,beatae,sint
142794,1865,officia,suscipit,sapiente
547271,4997,aperiam,ipsam,cupiditate
510002,9541,sit,perspiciatis,rem
683469,3873,delectus,iure,consectetur
125985,3732,veniam,minima,eos
680458,6976,ut,iusto,et
791895,3775,voluptatem,explicabo,officia
864508,8093,molestias,voluptatibus,ratione
722488,4424,magni,illum,amet
571359,7504,recusandae,ipsam,dolorem
615267,2821,ipsa,sit,debitis
357718,4217,corrupti,blanditiis,amet
134470,1544,rerum,cumque,dignissimos
184547,2951,ipsum,quisquam,iusto
224006,7851,ex,maiores,possimus
736994,5681,illo,facere,maiores
706506,4298,occaecati,unde,ipsum
213594,9167,dignissimos,iusto,perspiciatis
226773,6698,rerum,recusandae,eveniet
967883,4746,nisi,illo,adipisci
250762,9336,odit,cupiditate,eius
663686,8275,quae,ducimus,nostrum
285706,8412,inventore,sed,esse
269973,1154,ex,ratione,laborum
435811,2666,inventore,dolores,dolorem
773800,1033,ratione,autem,provident
971410,3888,ducimus,architecto,autem
383479,3816,saepe,dolore,aliquid
439635,1927,deleniti,suscipit,unde
879714,9927,adipisci,nobis,perspiciatis
348325,5887,non,cum,totam
871733,1194,quidem,eaque,nulla
520113,8091,assumenda,iure,quis
796333,5822,eaque,consequatur,nostrum
721349,8215,consectetur,cum,neque
429886,1243,vero,consequatur,eius
610011,5099,fugit,dolorem,possimus
588661,4291,ab,exercitationem,ab
522315,9699,aperiam,provident,ducimus
510708,2010,ad,ut,laudantium
343050,7523,tempore,tempora,voluptas
721960,1076,sed,porro,ut
133438,9234,aperiam,vero,odit
237315,9786,vitae,veritatis,repellendus
269420,9340,quia,suscipit,expedita
194827,6720,fuga,velit,modi
364980,5158,error,tempore,aperiam
742209,8947,autem,soluta,sint
475367,4224,illum,maxime,veniam
595465,6207,deserunt,corrupti,molestias
809890,1158,occaecati,ratione,nulla
872924,7114,maiores,ab,eius
660289,7817,sint,aliquid,voluptas
988414,7797,adipisci,repellendus,itaque
102461,7749,fugit,molestias,dolore
776897,9001,officiis,totam,soluta
721547,2821,perspiciatis,consequuntur,saepe
978982,3405,dolor,libero,praesentium
364819,8424,possimus,perferendis,quaerat
758875,4585,veniam,blanditiis,aut
765683,4271,optio,dignissimos,provident
154117,2706,voluptatibus,magnam,impedit
642393,2448,nesciunt,quo,sunt
229593,1638,consequatur,illo,minima
371985,6694,ab,eaque,laborum
154144,6493,eligendi,fugiat,iure
631008,2538,labore,est,dolorem
445716,2632,voluptatibus,eum,assumenda
340761,8284,magnam,placeat,accusantium
871029,2721,nulla,provident,facilis
656574,9304,vitae,hic,quos
450021,1553,laborum,doloremque,repellat
342895,6797,laborum,sunt,eos
358589,7224,laborum,aliquid,quo
896451,1049,facere,iste,explicabo
741535,6325,possimus,praesentium,commodi
472309,6465,maxime,quasi,pariatur
299467,4390,aliquam,accusantium,commodi
291883,3751,esse,quae,maiores
426973,4548,assumenda,quia,non
489331,9286,praesentium,nisi,velit
542196,3358,blanditiis,fuga,odit
493408,1032,enim,fugit,sapiente
369219,7811,debitis,vitae,cupiditate
471109,9476,nesciunt,iure,possimus
556672,8197,esse,odit,fuga
397121,1696,totam,vel,incidunt
540977,5185,in,sed,accusamus
425825,1810,soluta,debitis,similique
409078,4151,iure,quam,illo
412697,8418,at,rem,velit
305946,7421,voluptatum,soluta,fugit
694378,4635,repudiandae,non,inventore
562353,3753,cum,minus,vel
772262,2369,voluptatem,recusandae,dicta
635174,7848,molestias,error,corporis
912668,5024,laborum,delectus,harum
266177,7822,est,necessitatibus,officia
645206,6130,corporis,ullam,unde
747617,9327,reiciendis,maxime,autem
951381,6581,reiciendis,quos,pariatur
309020,6623,officiis,nobis,dignissimos
684713,2075,deserunt,sequi,veritatis
190565,1353,nihil,deserunt,doloremque
900907,5700,voluptatibus,veniam,quia
404233,4186,corporis,veritatis,rerum
233484,4027,ullam,maxime,vel
191028,5713,sint,dignissimos,soluta
115404,2618,praesentium,odit,exercitationem
747017,6792,praesentium,atque,dolore
610066,5054,minus,adipisci,quam
415619,1962,neque,magni,laborum
143099,2119,tenetur,cupiditate,hic
870467,1068,eveniet,debitis,reiciendis
165733,1541,eos,aperiam,enim
245824,7013,suscipit,commodi,nostrum
236768,7128,illo,nobis,odit
686292,7894,veritatis,rerum,veniam
779364,1442,repellat,hic,quia
618536,7441,recusandae,odio,at
920001,1481,soluta,nostrum,unde
538214,5783,necessitatibus,qui,placeat
219920,1109,accusamus,tempore,non
728161,9149,magnam,repellat,in
713289,4411,consequuntur,fuga,assumenda
356191,5488,sunt,labore,possimus
770407,4295,nisi,sapiente,odio
345062,8274,hic,repudiandae,odio
333854,9453,odit,necessitatibus,blanditiis
882023,4359,accusamus,similique,eius
853838,5420,consequatur,provident,est
638857,7105,culpa,consectetur,vitae
144425,9922,iure,explicabo,quae
520938,9696,magni,quo,optio
583444,2427,atque,eveniet,cum
985434,4807,cupiditate,dicta,illum
224116,9953,odio,maxime,eveniet
455581,8254,consequatur,nisi,quaerat
321846,9999,quia,doloribus,dolores
702278,4273,eius,itaque,hic
187365,7619,accusantium,mollitia,dolore
187841,4678,amet,sed,ab
249101,8369,eaque,doloribus,ad
833507,7190,necessitatibus,eum,aut
480913,6316,ab,quia,similique
933708,7628,laudantium,suscipit,consectetur
547561,9334,nihil,perspiciatis,odio
503205,3145,nesciunt,officia,accusantium
722658,1704,provident,nobis,dolorem
552811,3095,quos,aliquid,quod
240819,6637,illum,possimus,placeat
381534,2085,dicta,voluptatem,ea
691772,9245,provident,eius,quia
482916,8997,nisi,odit,nobis
779012,4683,culpa,doloremque,quisquam
390398,8476,reprehenderit,facilis,tenetur
978691,2577,voluptatum,dolorem,dicta
723043,7100,molestias,quia,rerum
653774,5144,quae,accusamus,occaecati
800506,7690,minus,asperiores,tempore
488858,8373,ea,exercitationem,tenetur
626937,9367,labore,et,sint
218871,3327,ab,ipsam,asperiores
618522,1554,aliquam,ab,eaque
528796,7540,ab,aliquam,nostrum
945777,1531,est,voluptates,consequatur
772578,2102,possimus,totam,officia
866978,5060,sit,ea,optio
826035,4314,quis,quisquam,nemo
484238,2425,aspernatur,reiciendis,doloribus
975970,8794,tenetur,beatae,reprehenderit
764977,1922,non,optio,saepe
320767,5356,maxime,aperiam,ea
739006,9347,dolore,ad,sint
272230,8885,optio,explicabo,distinctio
980398,1435,eum,ducimus,voluptates
930155,5035,magnam,nobis,laudantium
800154,9775,iure,fugit,debitis
360901,9752,atque,debitis,ea
979019,6993,atque,dicta,numquam
182589,8311,quisquam,impedit,doloribus
356802,1072,suscipit,eius,ea
779024,5937,quasi,cupiditate,qui
989915,4204,omnis,similique,repellendus
265965,2137,expedita,nulla,officiis
871928,1274,earum,quo,corrupti
190026,2241,officia,aliquid,delectus
548429,6681,iusto,perspiciatis,autem
166825,9210,alias,enim,esse
773497,3682,rerum,nostrum,accusamus
432066,2194,nemo,earum,eveniet
692328,5790,accusamus,sequi,temporibus
970320,8083,sint,quia,qui
748600,4298,repudiandae,at,illum
474354,3256,soluta,reprehenderit,vel
477916,1443,eos,odio,sint
382750,6223,nisi,nam,itaque
304559,3600,placeat,unde,id
744957,6548,officia,non,nesciunt
796244,5809,commodi,neque,eum
524525,2569,eius,vel,incidunt
994310,3996,reprehenderit,quae,quasi
252056,8689,animi,sequi,blanditiis
995758,2473,esse,sit,ab
750935,2279,dolores,iure,odio
265173,4772,impedit,excepturi,quos
328541,1075,perspiciatis,rem,maxime
637200,3131,delectus,maxime,accusantium
403262,1306,iste,explicabo,unde
296610,5836,accusantium,autem,hic
203482,8741,dolorem,labore,voluptate
433044,9980,eveniet,dolor,repudiandae
647411,5089,iusto,nulla,voluptates
163066,2739,tenetur,accusantium,distinctio
905471,3390,porro,amet,maxime
813940,5441,corporis,error,quo
192900,9268,beatae,sint,similique
115006,3351,nisi,blanditiis,alias
619885,1640,illum,maiores,quos
928749,3845,alias,enim,repellat
500624,9216,totam,quaerat,quia
917112,7197,veniam,autem,laborum
351093,3088,quisquam,sint,ratione
956477,6235,consequatur,et,cumque
239661,9687,ipsam,dicta,assumenda
166620,4000,laudantium,accusantium,cum
304511,4837,expedita,excepturi,hic
926877,3656,porro,harum,exercitationem
480344,8781,minus,sunt,ipsa
361627,7420,iure,error,accusantium
438029,3154,deleniti,eum,quidem
679948,9496,dolorem,ratione,hic
652422,7824,modi,ipsam,impedit
360749,3826,quasi,doloremque,deleniti
747809,3161,qui,commodi,recusandae
715037,4294,aperiam,ut,at
931530,2276,dolore,fugiat,dolorum
418836,9771,vero,nulla,error
879040,4894,perferendis,alias,nesciunt
673125,9361,dolore,quidem,incidunt
890917,8183,expedita,nemo,culpa
166324,4594,ex,harum,ipsam
505716,6823,beatae,maxime,ea
709373,5106,ad,saepe,nobis
808085,2491,occaecati,accusantium,labore
952477,7264,facere,unde,quia
356407,3035,iusto,veritatis,similique
538294,8593,inventore,officiis,eius
842557,7122,exercitationem,voluptatum,expedita
924519,3338,earum,facere,incidunt
899728,2788,nostrum,tenetur,sapiente
923316,2972,quia,eius,ea
832949,4870,aut,ab,minus
995728,2044,similique,aliquid,quae
528495,1300,omnis,illum,magnam
601249,9305,labore,provident,ipsam
549343,1843,totam,architecto,vitae
109339,4117,doloremque,sed,maxime
339391,4776,provident,aliquid,consectetur
190604,8599,placeat,libero,assumenda
659233,7055,sed,exercitationem,ad
378615,6821,atque,recusandae,possimus
155982,8766,libero,blanditiis,porro
336236,2373,est,repudiandae,nobis
972468,8952,minima,culpa,vero
754367,1360,blanditiis,soluta,adipisci
947743,1191,adipisci,iste,ducimus
719517,9549,aperiam,iusto,numquam
275058,5835,architecto,consequuntur,repellat
859034,1722,blanditiis,nihil,voluptate
512948,3955,similique,fugiat,aliquid
829727,5687,qui,vel,ipsum
638089,3545,fuga,ipsum,blanditiis
489294,2795,dolores,debitis,cumque
524105,3742,qui,laborum,eaque
659148,1599,animi,enim,eum
576812,9991,quo,ratione,asperiores
761693,7303,doloremque,molestias,eius
980825,8900,reiciendis,exercitationem,magnam
721675,4233,impedit,atque,voluptate
146487,7409,dicta,quae,consequuntur
161627,2642,magnam,reprehenderit,debitis
114977,4520,cum,praesentium,dolore
292893,1343,inventore,dolorum,iste
174312,4666,facilis,iure,commodi
137951,8953,delectus,doloremque,aliquam
805120,8374,ex,saepe,blanditiis
179820,5448,dolorem,nostrum,ducimus
270516,2897,pariatur,sunt,numquam
241818,7702,autem,maxime,debitis
687346,3687,repellat,voluptatibus,sequi
788975,6642,culpa,magnam,veniam
187814,8852,alias,fugit,impedit
612456,9829,excepturi,explicabo,aspernatur
289172,1405,sint,modi,explicabo
530518,6966,omnis,eos,provident
288360,2307,laboriosam,assumenda,atque
937107,5163,asperiores,facilis,illum
613437,5540,dicta,in,consequuntur
618985,6700,nesciunt,quis,repellendus
529414,4771,id,iste,reiciendis
150494,7861,quas,facilis,alias
412994,3107,illum,distinctio,aperiam
992429,3740,quibusdam,voluptatem,deserunt
252876,1716,quas,mollitia,accusamus
668885,5278,repudiandae,cumque,fugit
541663,5258,cupiditate,incidunt,possimus
857507,4196,libero,delectus,laborum
949320,7850,animi,officiis,ratione
560036,4752,ad,assumenda,id
772977,7539,inventore,quis,illum
369356,5069,autem,dicta,amet
676076,5523,provident,voluptate,iusto
441597,9911,aliquam,quasi,culpa
381709,2592,sed,omnis,ipsa
382490,7181,voluptate,incidunt,quo
219162,4318,iusto,dolor,maxime
742577,7912,nam,ratione,repellat
110062,4151,aspernatur,illo,sit
915713,4706,accusantium,quas,repellat
265234,5239,officiis,sint,ipsam
684953,3795,nobis,vel,quaerat
183939,2186,tenetur,dicta,tenetur
383824,5413,adipisci,cum,incidunt
951144,6392,cumque,eos,corporis
929399,5030,repudiandae,quas,soluta
378485,1551,tempore,modi,quod
598376,4620,itaque,sit,cum
876927,4648,pariatur,cum,quasi
881172,9086,voluptatibus,sed,reprehenderit
678830,2719,recusandae,quod,beatae
849124,8651,nam,voluptatibus,delectus
682454,5244,ipsam,culpa,temporibus
977154,3623,eaque,suscipit,neque
244417,8833,reiciendis,sapiente,vero
115221,6401,sint,voluptate,autem
395213,9753,dolor,quibusdam,atque
343311,6021,perspiciatis,odio,ipsum
223581,5393,minus,error,eaque
164719,5783,molestias,magni,cupiditate
288894,1981,vitae,odit,velit
146597,9506,cumque,nemo,corporis
465147,7012,culpa,similique,impedit
182384,5225,dolores,quae,facilis
605896,4910,ipsum,beatae,cum
489052,3449,nihil,quidem,corrupti
734180,2516,corporis,corrupti,iusto
893479,6996,laborum,totam,quidem
419674,2231,voluptatibus,ea,porro
144511,9643,illo,fuga,incidunt
875886,9607,cupiditate,consectetur,consequuntur
410471,9492,autem,doloribus,nisi
447659,2938,alias,eius,sint
896792,9807,iste,rerum,repellendus
593574,2679,optio,eligendi,rem
287290,1667,laboriosam,animi,fugit
825985,7596,soluta,error,quis
247302,9971,eos,dolorum,repudiandae
106997,1826,dolorem,asperiores,id
230485,3699,autem,nobis,id
981353,2612,illum,in,voluptatem
770692,4299,recusandae,quidem,totam
170103,1813,hic,delectus,id
239947,7576,esse,dolorem,nemo
327803,3237,quisquam,aliquid,hic
879756,5234,corporis,veniam,reiciendis
822968,2271,iure,eum,odit
846643,2354,voluptas,debitis,assumenda
696981,8203,nesciunt,velit,saepe
193253,2501,dolor,ratione,saepe
645571,5310,sunt,tenetur,deserunt
261054,9879,iure,reprehenderit,ad
109926,1158,minus,quae,recusandae
886713,2528,minima,fugiat,eos
319312,7874,dicta,nesciunt,ipsam
638606,6232,iure,dolor,et
475466,1173,officiis,recusandae,corporis
817739,3367,nulla,magni,blanditiis
540275,7206,perspiciatis,odit,veritatis
615772,5121,aut,molestias,laboriosam
233756,7185,perspiciatis,explicabo,modi
898778,9934,tempora,ea,laboriosam
700180,7290,dolorum,harum,sapiente
143606,5225,nostrum,vel,ut
402080,1228,sequi,reiciendis,maiores
261885,9803,cumque,possimus,voluptatum
383297,4559,nemo,eligendi,ex
130715,1108,odio,nisi,nisi
508636,1045,fugiat,hic,nam
419870,1594,voluptates,natus,asperiores
267413,3092,sequi,vel,ipsum
735470,1072,non,tempore,tempora
434772,4525,at,aliquam,libero
198212,7659,atque,quod,reiciendis
786505,3165,quam,consequatur,nesciunt
311912,6188,aliquid,iste,tempore
399100,8074,veniam,architecto,enim
985897,5762,nisi,cum,possimus
234151,9191,tempore,vel,reiciendis
248397,9361,odio,aut,quaerat
799883,9048,vel,aut,fuga
256245,4385,cum,ex,quis
997680,2255,ducimus,similique,distinctio
139024,2386,ducimus,voluptates,maiores
321113,9234,optio,totam,doloremque
198882,2499,quibusdam,doloribus,enim
367889,5585,et,officia,natus
358548,4236,exercitationem,distinctio,quos
191642,7220,tempore,mollitia,deserunt
843132,3134,veritatis,pariatur,eius
563444,1647,minus,ut,quidem
611639,1575,quia,at,et
865551,5332,asperiores,odit,eos
753946,7684,modi,dignissimos,earum
579661,2597,facere,iste,excepturi
542108,5088,nemo,officia,excepturi
762281,9769,eos,nam,amet
898846,1109,ad,quod,ipsa
425379,5496,ea,repellendus,quam
475427,5776,earum,laudantium,accusamus
879538,4468,voluptates,nam,esse
440396,7161,harum,error,neque
830448,6451,consequatur,voluptatum,illo
952151,5556,facere,ab,quod
246692,3253,asperiores,veritatis,ab
116413,2574,exercitationem,iusto,sed
508286,8796,odit,similique,laboriosam
655660,3965,veniam,modi,ratione
976819,5718,ut,officiis,cum
903943,6021,fuga,velit,iusto
232821,6499,eos,odit,perferendis
933760,7960,ex,tempora,odit
109388,9136,voluptatum,eum,assumenda
376639,1599,quas,qui,et
676509,5535,voluptatem,nihil,culpa
665405,9407,vero,iste,praesentium
872793,4231,quidem,eos,porro
620580,1720,natus,voluptatem,qui
108164,2989,voluptatum,sit,harum
567418,2496,eligendi,consequuntur,eligendi
703117,8222,est,amet,assumenda
304173,1036,provident,hic,non
407884,9414,doloremque,aspernatur,corporis
125237,3060,voluptatum,ipsam,occaecati
956426,4155,corporis,error,iure
548230,4271,soluta,non,accusantium
763357,8004,explicabo,assumenda,optio
184798,3426,dignissimos,dolores,tempora
999779,6846,distinctio,consequuntur,enim
464896,8072,nisi,error,ipsam
395524,8024,excepturi,impedit,quis
997987,4585,pariatur,repellat,officiis
896561,5768,nihil,architecto,voluptatum
535225,4465,et,culpa,deserunt
841259,8856,omnis,molestiae,perferendis
160779,6097,alias,nam,incidunt
691851,9370,quasi,sint,dolore
351803,4506,voluptatibus,saepe,reiciendis
368619,5536,quisquam,sed,possimus
373759,2567,facere,asperiores,aut
797810,8183,quam,consectetur,nobis
573617,7399,aliquam,rem,deserunt
606619,8432,consequuntur,consequuntur,magnam
655367,6260,delectus,ad,dolorum
481462,7250,quidem,nisi,animi
940868,1340,et,ad,vitae
934477,3657,dolor,fuga,laudantium
314702,7348,quisquam,dicta,asperiores
722674,1944,quo,deserunt,beatae
145921,8242,et,alias,maxime
923660,5354,fuga,sapiente,odit
498431,1414,non,assumenda,quia
663513,3045,autem,quod,libero
829391,4701,harum,voluptatibus,ullam
230671,8821,reiciendis,consectetur,quos
108252,3034,ipsum,ex,non
922694,6357,aliquid,blanditiis,possimus
729804,2029,consequuntur,minus,nulla
789067,1294,voluptatibus,quos,minus
724200,6842,quia,rem,eius
472213,2244,non,sapiente,modi
885462,2381,nihil,fugiat,impedit
540313,1394,ea,amet,illum
601599,8691,asperiores,beatae,voluptate
564505,8857,ducimus,esse,nesciunt
515841,5488,modi,velit,culpa
275890,5583,atque,omnis,neque
622261,8548,doloremque,earum,laboriosam
284245,3046,perspiciatis,quia,ipsam
661956,1898,et,repudiandae,dolores
743701,2145,alias,maiores,quos
516234,8622,possimus,repudiandae,eaque
431001,2864,facere,debitis,hic
620514,6546,ratione,ad,atque
308021,6161,veritatis,sed,ad
692226,9847,consequatur,a,nesciunt
827213,1579,beatae,autem,temporibus
660431,5797,suscipit,saepe,est
807874,6739,eveniet,sint,deleniti
739161,4800,dolorem,nihil,consequatur
518889,8984,consequuntur,doloribus,sequi
667089,5290,velit,asperiores,error
121455,5915,eligendi,nemo,iusto
924098,9099,explicabo,vel,quas
530090,7072,sit,voluptatum,molestiae
629336,8866,illum,et,quos
200242,6640,animi,iure,ex
721567,7843,reprehenderit,culpa,eligendi
292396,5297,quaerat,dignissimos,voluptatibus
400839,7167,ea,velit,non
851296,3198,tenetur,ipsa,autem
812334,2242,iste,atque,rerum
432356,2313,excepturi,repellat,culpa
446943,6921,quo,inventore,rerum
174568,8292,tenetur,tenetur,exercitationem
470153,6997,sequi,voluptates,dolorem
203987,5338,eaque,numquam,natus
768288,7597,ut,ad,aliquid
875313,9432,iure,nesciunt,molestiae
560343,3102,ut,quisquam,adipisci
121341,3776,illum,quidem,nesciunt
887692,2144,tenetur,aperiam,aspernatur
159196,8585,voluptatibus,eligendi,assumenda
393503,8189,nihil,perspiciatis,nemo
721467,1541,sapiente,adipisci,occaecati
826370,1906,vel,totam,error
570507,8815,asperiores,odio,nesciunt
923564,5645,iure,occaecati,illum
854345,9062,soluta,aliquam,numquam
985157,8011,neque,qui,soluta
614864,5053,nihil,maiores,ea
690323,5096,aspernatur,in,quisquam
245697,1168,atque,veritatis,incidunt
726075,7591,autem,hic,eveniet
129189,3281,tempora,incidunt,facilis
826645,1828,inventore,porro,explicabo
820267,2084,quidem,cumque,quidem
428174,2284,nulla,excepturi,mollitia
404150,9320,aspernatur,dicta,dolores
402047,9304,quo,soluta,distinctio
698657,6713,asperiores,nulla,consectetur
474369,4631,voluptatum,laborum,soluta
625305,4012,aperiam,corporis,consequuntur
923555,8947,facilis,officiis,incidunt
525614,7433,aut,minima,modi
271972,9842,unde,quis,dolor
844023,4281,quas,sint,aut
775499,1941,totam,soluta,distinctio
867546,8919,sunt,labore,sequi
110645,7796,optio,quis,cupiditate
428066,1848,maxime,enim,accusantium
412469,3683,quisquam,occaecati,nobis
839826,2911,quas,cumque,ea
402669,8556,consequuntur,ducimus,architecto
684389,9550,unde,doloremque,quia
282664,1590,incidunt,ullam,vel
501761,2419,exercitationem,maiores,deleniti
753243,7027,minus,aliquid,sunt
941083,1553,doloribus,nulla,amet
247017,6477,vitae,consectetur,culpa
701715,3076,laborum,doloribus,nesciunt
661066,1356,ipsam,labore,debitis
940932,9403,id,laudantium,cupiditate
601273,3599,provident,modi,quasi
751814,6703,et,consectetur,dolorum
313430,7729,alias,quaerat,iste
381277,8649,libero,minus,culpa
547139,6757,totam,nam,dolorem
375356,9730,nemo,voluptate,facere
312945,9310,nisi,sint,repellat
172781,6637,velit,harum,tempore
926170,5906,voluptatibus,quod,at
386128,6005,ea,aperiam,odit
194980,2760,vel,nulla,nam
814888,3232,quaerat,dolorum,cumque
585147,6988,dolor,eveniet,a
500435,7394,mollitia,aliquid,iste
768527,8293,illum,pariatur,vitae
353783,9380,placeat,et,pariatur
408059,7824,error,beatae,ut
285609,9255,ratione,mollitia,nesciunt
202475,5256,facere,incidunt,laboriosam
684821,1733,quo,autem,incidunt
803823,8919,quos,sit,sit
437590,1664,eius,nihil,aperiam
699147,4087,qui,porro,doloribus
590125,9692,eaque,soluta,corrupti
200363,6167,rem,dolorem,a
168675,4612,dignissimos,deserunt,cupiditate
576386,2951,exercitationem,fugiat,beatae
350303,5464,architecto,ipsa,soluta
235263,8112,non,eum,itaque
202313,8303,laborum,voluptas,quos
377442,7716,enim,ullam,natus
977897,6488,facere,et,quas
589072,6922,facere,sit,aut
604933,5893,atque,occaecati,similique
500455,9221,beatae,id,ipsa
546939,7637,explicabo,quae,consequatur
108155,9970,suscipit,incidunt,eius
882361,2000,tenetur,voluptatum,pariatur
372380,1367,hic,eveniet,impedit
962034,6069,debitis,commodi,alias
738428,1657,earum,aliquam,impedit
404020,4698,nihil,aspernatur,nesciunt
250787,3781,nobis,dolor,veniam
312440,9534,cupiditate,sint,dolore
718784,7161,odit,molestias,asperiores
502304,9882,amet,voluptatum,incidunt
411835,4582,veritatis,ad,et
374762,7413,laudantium,impedit,officiis
662593,2257,sequi,eveniet,eveniet
203471,2944,perferendis,quibusdam,hic
497781,6216,eos,maiores,vitae
120636,8993,magnam,quos,illo
778615,2596,soluta,blanditiis,ab
805247,3127,ratione,nisi,iste
736512,6293,officiis,iure,exercitationem
855965,6045,maxime,deserunt,illo
333377,4278,impedit,autem,voluptates
722032,4411,perspiciatis,facere,repellendus
640250,2523,cumque,nam,provident
638922,4482,facilis,non,hic
938969,1201,consequuntur,quaerat,aut
720930,3000,commodi,recusandae,eaque
573902,5458,accusantium,explicabo,voluptas
303474,2102,facere,atque,fuga
489338,4726,tempore,illo,unde
993626,2299,praesentium,illo,deleniti
578624,8866,eligendi,voluptatem,nesciunt
250551,4111,eveniet,cum,porro
217487,1539,tempore,quibusdam,temporibus
381001,7318,autem,fugiat,blanditiis
525905,9369,tenetur,aperiam,possimus
471971,6286,repudiandae,dignissimos,soluta
981383,4378,quis,ut,veniam
460960,6607,aliquid,sequi,occaecati
460828,9146,voluptates,dolor,nesciunt
453669,1639,dignissimos,molestiae,cum
789256,9245,maxime,cumque,repellendus
912689,3544,at,ab,maxime
396689,9459,asperiores,non,illum
670010,3642,perspiciatis,a,fugit
176104,5123,facere,similique,quasi
740571,5844,repellat,expedita,eveniet
732993,7115,et,laborum,nihil
773220,3185,quasi,sapiente,ab
765243,2205,possimus,cupiditate,numquam
912910,4922,laudantium,accusamus,pariatur
327882,7050,debitis,harum,voluptatibus
859098,3231,deserunt,commodi,cum
933361,4325,omnis,adipisci,minima
744358,9089,praesentium,facere,laborum
489186,9287,temporibus,odio,quibusdam
793728,4921,minima,necessitatibus,ab
607910,2710,cum,occaecati,quos
826652,5331,similique,occaecati,exercitationem
648868,4471,sed,temporibus,sint
178010,4620,tempora,quidem,vero
872197,7161,architecto,necessitatibus,quisquam
665022,9408,quasi,nihil,molestias
648975,6849,nam,in,odio
568464,8518,temporibus,nostrum,vel
512012,2944,exercitationem,quas,autem
707088,2360,recusandae,debitis,quibusdam
783934,6778,velit,consequatur,nam
577181,1573,id,dignissimos,consequuntur
493243,5696,aliquam,perferendis,optio
141736,6008,quas,optio,dignissimos
246774,5003,recusandae,aspernatur,modi
443027,6578,similique,impedit,sequi
115701,9806,a,quas,animi
164071,4692,eum,ab,esse
819618,1462,odio,enim,vel
411770,3476,magnam,omnis,esse
501474,5031,amet,doloribus,quod
496622,6004,accusantium,quam,consequatur
119734,8015,vero,cupiditate,placeat
117718,4283,et,unde,amet
407660,4348,quia,expedita,cupiditate
855411,7380,earum,et,ullam
589899,9806,dolores,repellat,debitis
466953,5408,odio,aspernatur,maxime
208468,4570,veniam,itaque,unde
285959,6500,deserunt,animi,ullam
962611,2237,quos,amet,vero
232590,1022,similique,quis,perspiciatis
557249,2776,totam,veniam,totam
896719,5167,asperiores,tenetur,aspernatur
683524,7854,molestiae,repellat,culpa
885229,8388,rem,minus,aliquam
271850,6706,consectetur,velit,dolorum
444992,4894,architecto,non,corrupti
598123,6695,perferendis,nostrum,beatae
668183,8007,repellat,voluptatum,dicta
511582,5897,vero,facilis,corrupti
230943,4063,temporibus,fugit,a
255518,6114,facere,rem,minus
429078,1136,minus,quas,aliquam
397026,9794,necessitatibus,ipsum,doloremque
621423,5662,eaque,laborum,aliquid
361868,4366,voluptas,quo,beatae
550213,9690,aliquam,dolore,quas
256751,9408,hic,eius,delectus
100575,3733,illo,occaecati,molestias
485356,2637,eum,beatae,atque
428602,4642,perspiciatis,ducimus,corrupti
151220,2565,sed,veritatis,dolore
648558,2366,consectetur,tenetur,facilis
560993,4463,impedit,at,dolore
635388,7283,explicabo,sequi,animi
563221,9294,necessitatibus,veniam,eius
329271,9432,omnis,doloribus,facilis
326088,3938,quia,incidunt,asperiores
543613,2549,velit,veritatis,laudantium
890201,6924,soluta,nostrum,perspiciatis
866064,7727,vel,quos,eveniet
155794,4459,fuga,accusantium,quas
838574,9445,est,sunt,libero
223520,9503,recusandae,aspernatur,nesciunt
778872,3420,assumenda,animi,dignissimos
716465,4251,beatae,magnam,voluptatum
821964,1553,accusamus,magni,voluptas
682838,5601,omnis,illo,numquam
461151,4482,odio,iste,deleniti
565701,4064,delectus,neque,enim
671427,4119,nihil,porro,quod
942357,6966,repellendus,optio,delectus
821822,2138,modi,perspiciatis,neque
665470,9628,tempora,atque,voluptatem
974818,7256,dicta,non,perferendis
312105,2457,repudiandae,aliquid,reprehenderit
794562,6699,amet,veniam,incidunt
992682,8490,ut,quis,quibusdam
767785,2729,perspiciatis,in,labore
992063,1605,ab,aspernatur,dicta
679641,1753,dignissimos,ut,ea
349823,4149,nam,temporibus,officia
708636,4623,deleniti,adipisci,ducimus
690479,2034,quia,deserunt,in
288196,6509,nihil,neque,assumenda
836868,3563,quisquam,labore,expedita
408441,4424,ad,pariatur,expedita
235724,3116,autem,necessitatibus,alias
866872,8640,nulla,quaerat,quibusdam
305450,5605,dolore,iure,consequatur
570388,1305,illum,cumque,nulla
101523,4819,soluta,possimus,repudiandae
550114,5441,impedit,inventore,harum
277225,2238,perspiciatis,expedita,laboriosam
499389,9851,rem,consequatur,neque
414039,5628,minus,blanditiis,eaque
