branch_code,branch_name,bank_zone
aut,repellendus,minus
ab,perspiciatis,in
facere,nihil,minus
numquam,eligendi,iusto
deserunt,repellat,perferendis
similique,asperiores,corrupti
et,nam,debitis
asperiores,fuga,laudantium
voluptates,libero,est
a,perferendis,quaerat
illum,vitae,omnis
aliquid,reprehenderit,consequatur
at,ad,aspernatur
id,magnam,totam
accusantium,eius,odit
minus,provident,velit
asperiores,nam,non
impedit,cum,minima
est,eum,illum
aliquam,distinctio,voluptatibus
quibusdam,quasi,cum
molestias,aspernatur,quibusdam
id,delectus,perspiciatis
nobis,error,repellat
architecto,facilis,quia
eos,beatae,quod
repudiandae,unde,maxime
enim,dolore,deserunt
sint,consequuntur,reprehenderit
adipisci,labore,ut
magnam,voluptatum,tempora
expedita,voluptas,ipsam
doloribus,aliquam,doloremque
saepe,totam,eius
quibusdam,magnam,delectus
molestias,minus,id
voluptate,placeat,a
quam,quasi,laudantium
nulla,provident,porro
qui,mollitia,illo
labore,inventore,beatae
officia,perferendis,doloremque
architecto,nisi,adipisci
harum,nemo,necessitatibus
soluta,asperiores,quod
optio,aperiam,rem
nesciunt,eaque,consequuntur
magni,suscipit,aspernatur
iste,officiis,qui
officiis,perferendis,laboriosam
odio,vitae,illum
doloremque,magni,quisquam
odit,dolores,commodi
ratione,at,aliquid
nihil,unde,quos
nobis,natus,incidunt
sapiente,aliquam,labore
occaecati,maiores,eos
sapiente,dolorum,ut
repudiandae,totam,ea
architecto,architecto,quidem
dolores,exercitationem,quae
nam,ipsum,a
consectetur,illo,harum
quidem,molestias,vitae
debitis,eveniet,quisquam
aliquam,fugit,rem
quam,cupiditate,facere
tempora,repellendus,dolorum
consectetur,officia,dolorem
velit,eius,a
reprehenderit,quibusdam,dolorum
modi,repellendus,nemo
neque,error,deserunt
quibusdam,praesentium,laborum
nulla,iusto,praesentium
a,facilis,consequuntur
nihil,quas,tempora
suscipit,sint,cum
sint,numquam,soluta
totam,possimus,optio
quod,nostrum,dolores
fugit,aliquam,quaerat
quibusdam,repellendus,et
at,est,eum
reiciendis,quisquam,delectus
beatae,voluptatibus,modi
incidunt,possimus,dolor
perspiciatis,quaerat,in
eos,cum,sit
labore,voluptate,est
laborum,perferendis,ea
iusto,accusantium,nam
molestias,a,quibusdam
fuga,repellat,accusamus
asperiores,occaecati,nulla
dicta,natus,doloribus
dolor,cumque,nihil
corporis,ducimus,rem
ex,laudantium,animi
illum,nihil,repudiandae
dolore,corrupti,dolores
commodi,perspiciatis,autem
nobis,soluta,libero
hic,animi,id
consectetur,numquam,fugit
at,suscipit,nemo
tempora,aliquid,magnam
nihil,praesentium,soluta
nihil,rem,odit
porro,corporis,reprehenderit
quas,ipsa,dolorum
consectetur,iste,laboriosam
quo,praesentium,voluptatem
tenetur,dolore,at
quia,voluptatum,libero
atque,dicta,et
minima,eos,asperiores
dignissimos,aut,consequuntur
sapiente,maiores,repellat
vitae,architecto,placeat
ipsam,ipsum,illum
est,neque,sunt
odit,nostrum,optio
exercitationem,explicabo,sequi
quos,quia,ullam
possimus,consequuntur,sunt
quidem,eligendi,magnam
nulla,reprehenderit,sint
eligendi,iure,occaecati
laboriosam,quas,impedit
sequi,alias,corporis
non,autem,iure
quam,eum,deserunt
eos,molestiae,alias
molestiae,repellat,ullam
provident,dicta,a
beatae,nihil,delectus
modi,facere,illum
porro,quibusdam,ipsum
vel,inventore,omnis
alias,porro,ducimus
sed,sit,esse
veniam,nulla,laborum
qui,repellat,aliquid
sequi,corporis,quia
in,veritatis,est
autem,quam,eius
molestias,sunt,ut
temporibus,ut,illum
enim,corrupti,vero
in,odit,aspernatur
nostrum,delectus,a
porro,expedita,maiores
deserunt,minus,odio
dolorem,quas,doloremque
nihil,suscipit,minima
consequatur,eius,distinctio
amet,doloremque,adipisci
magni,dolores,voluptatum
consequuntur,magni,commodi
totam,id,possimus
deleniti,eius,id
illo,quos,alias
optio,laudantium,repellendus
aliquam,distinctio,eligendi
saepe,soluta,voluptas
tempora,quis,quidem
unde,error,corrupti
atque,tenetur,possimus
consequuntur,et,adipisci
repudiandae,repellendus,ipsa
accusantium,qui,sapiente
est,quia,facere
aut,provident,aliquid
eaque,necessitatibus,modi
quas,blanditiis,consectetur
modi,accusantium,ipsam
quas,ab,nobis
itaque,nisi,ipsa
dolore,enim,quaerat
qui,harum,odio
accusantium,veniam,odit
magnam,officia,culpa
voluptates,ipsam,illum
ad,at,porro
excepturi,explicabo,dolore
ex,quod,accusantium
ducimus,minima,animi
tempore,odit,voluptatem
sequi,ipsa,deserunt
et,consequuntur,fugiat
impedit,facilis,possimus
quod,aliquam,atque
ex,quam,nihil
animi,reprehenderit,animi
ullam,laboriosam,fugit
eos,maxime,mollitia
recusandae,magni,optio
eum,saepe,molestiae
eos,ab,esse
soluta,libero,tempore
soluta,nemo,quisquam
unde,hic,nemo
rerum,nisi,harum
ullam,quidem,aut
occaecati,facilis,natus
ipsa,eum,aperiam
delectus,libero,dolorum
quasi,provident,vero
dolores,eum,consequatur
harum,eveniet,minus
reiciendis,deleniti,inventore
autem,perspiciatis,totam
voluptates,magni,harum
fuga,sapiente,eaque
asperiores,a,harum
possimus,magni,voluptate
fuga,maxime,exercitationem
voluptatem,incidunt,vero
eligendi,voluptatum,fugit
suscipit,nobis,ipsa
dolorum,occaecati,ipsam
at,eum,repellat
eum,similique,laboriosam
illum,laborum,consequatur
rerum,corporis,nam
similique,possimus,nesciunt
expedita,quam,iusto
ipsum,laudantium,deserunt
nesciunt,optio,nostrum
repellendus,repellendus,dolorem
praesentium,quis,repellendus
itaque,quam,omnis
inventore,recusandae,rerum
numquam,consectetur,sint
tempore,iusto,sint
sit,perferendis,est
tempore,vero,aperiam
ab,optio,cupiditate
facere,eligendi,reprehenderit
quis,voluptatum,assumenda
quasi,error,iure
perferendis,perspiciatis,sunt
fuga,voluptates,odit
veritatis,et,ducimus
suscipit,veritatis,unde
officiis,rem,voluptate
tempora,aspernatur,beatae
eligendi,repudiandae,atque
nisi,voluptates,eos
aspernatur,provident,iusto
rerum,impedit,atque
optio,sed,quia
sed,minus,repudiandae
cumque,voluptate,nulla
sit,molestias,tempore
quis,vero,repudiandae
dolor,eum,illum
sapiente,atque,veniam
dolorum,officiis,iure
rem,quae,id
voluptatem,deleniti,blanditiis
minus,aut,deserunt
tempore,nostrum,natus
nostrum,illo,suscipit
at,accusamus,quia
totam,et,fugit
incidunt,deleniti,magni
ex,consectetur,animi
totam,tempora,porro
blanditiis,ad,quam
numquam,inventore,occaecati
sed,et,vero
cum,corrupti,debitis
reprehenderit,sunt,fugit
illo,nihil,libero
optio,iusto,quidem
velit,recusandae,accusamus
a,omnis,corrupti
nostrum,doloribus,veniam
reprehenderit,qui,repudiandae
ea,quasi,vitae
quae,repellendus,eaque
rem,vitae,accusamus
harum,laboriosam,doloribus
sequi,molestiae,in
occaecati,vero,nostrum
harum,vero,velit
deleniti,maiores,cupiditate
atque,repellat,ullam
animi,vitae,soluta
quaerat,sed,pariatur
ipsum,fuga,quam
similique,quos,voluptatem
sapiente,iste,doloribus
provident,odio,tenetur
recusandae,magnam,a
fuga,consectetur,quis
iste,praesentium,dolore
mollitia,expedita,consequatur
incidunt,ipsum,doloremque
quasi,earum,facilis
occaecati,delectus,non
modi,iure,illum
nobis,blanditiis,dolorem
dolor,veniam,molestiae
labore,quia,quaerat
voluptates,praesentium,doloribus
earum,nemo,possimus
ullam,magnam,asperiores
nostrum,nemo,sequi
optio,voluptate,veniam
iusto,ex,nulla
quod,dolor,rerum
mollitia,dolorum,doloremque
dolor,corporis,quisquam
maiores,ea,quo
itaque,dolorem,necessitatibus
illo,quasi,molestiae
suscipit,aut,vel
impedit,totam,sint
maiores,quos,laboriosam
nemo,fuga,aut
soluta,voluptas,error
sint,tenetur,voluptates
dolor,nostrum,ipsa
eum,quo,eum
autem,culpa,praesentium
dolore,pariatur,esse
neque,deleniti,perspiciatis
nesciunt,eos,vel
enim,consequatur,suscipit
dicta,occaecati,doloremque
numquam,vitae,iusto
culpa,vel,quos
illum,asperiores,vitae
et,laborum,magni
saepe,facere,molestias
molestiae,rem,et
aperiam,porro,fugit
aspernatur,quis,explicabo
tempora,natus,placeat
distinctio,ullam,sequi
est,sit,dolorum
modi,optio,similique
reprehenderit,impedit,eveniet
enim,aliquid,perferendis
et,ab,omnis
accusamus,nostrum,iure
aliquid,voluptate,aperiam
aut,suscipit,ducimus
nulla,quis,alias
provident,beatae,molestias
tempore,magnam,aliquid
suscipit,nihil,facere
dignissimos,fugit,illo
unde,ut,provident
consequuntur,asperiores,nihil
nulla,soluta,temporibus
voluptatibus,temporibus,nesciunt
accusantium,quia,explicabo
deserunt,culpa,consequuntur
eaque,alias,hic
reiciendis,laudantium,cum
magnam,vitae,eveniet
repellendus,rerum,provident
ullam,saepe,ipsam
molestias,eveniet,repellendus
fugiat,rem,et
cupiditate,cum,cum
blanditiis,pariatur,beatae
voluptas,esse,odit
deserunt,quidem,est
fugit,excepturi,iusto
culpa,nihil,cumque
minus,tempore,temporibus
accusantium,eos,aliquam
odit,soluta,incidunt
enim,nobis,ipsa
quo,atque,recusandae
voluptate,veritatis,aliquid
impedit,fuga,sapiente
sunt,numquam,delectus
mollitia,esse,facere
vero,sapiente,molestiae
velit,id,delectus
odio,blanditiis,consectetur
quibusdam,consequatur,dolor
cum,harum,asperiores
explicabo,velit,magni
quam,minus,rem
eligendi,quod,ullam
a,possimus,facere
sed,aperiam,quisquam
facilis,odit,accusantium
animi,cumque,eaque
non,dolores,doloribus
temporibus,assumenda,ratione
nobis,itaque,beatae
tempora,nulla,repudiandae
aliquam,ab,illum
maxime,quibusdam,earum
libero,doloribus,sit
cum,illo,tenetur
totam,dignissimos,illum
sapiente,optio,blanditiis
eos,architecto,odio
quisquam,eligendi,accusamus
commodi,at,officiis
quam,odit,illo
asperiores,officia,eligendi
aliquam,adipisci,est
vitae,provident,vitae
eius,officiis,quisquam
dolore,veniam,unde
pariatur,voluptate,neque
non,repellendus,velit
neque,dolores,quae
ipsam,exercitationem,et
dolor,consequatur,recusandae
tenetur,quod,beatae
delectus,odit,molestias
impedit,eaque,deleniti
ipsam,quaerat,maiores
ab,optio,ratione
similique,dignissimos,facere
hic,quaerat,tempore
voluptatibus,minus,dicta
aut,ex,est
quidem,tenetur,aliquam
vel,sapiente,dolore
nihil,necessitatibus,amet
enim,iusto,recusandae
explicabo,nulla,sed
eveniet,molestiae,veritatis
cumque,porro,aperiam
modi,vero,aliquam
occaecati,tempora,magni
in,sit,quos
natus,hic,reiciendis
tempore,vero,error
tenetur,magni,hic
ipsam,at,accusamus
labore,optio,harum
voluptatibus,sapiente,beatae
possimus,autem,quasi
officia,nobis,iste
id,ut,ipsum
incidunt,mollitia,distinctio
consequuntur,fugiat,totam
aliquam,consectetur,nesciunt
repellendus,ullam,molestias
nisi,necessitatibus,aliquam
sapiente,a,quis
consequatur,excepturi,aspernatur
porro,autem,reprehenderit
doloremque,maxime,molestias
laborum,adipisci,ullam
totam,quaerat,consectetur
quaerat,odit,fugiat
ea,laboriosam,accusamus
cumque,aspernatur,reprehenderit
quos,nihil,molestiae
repudiandae,commodi,saepe
commodi,similique,aperiam
debitis,a,voluptatibus
nostrum,provident,ipsam
libero,sapiente,doloremque
nulla,omnis,repellendus
voluptatibus,eius,at
eaque,architecto,nisi
unde,error,rerum
ad,eaque,modi
molestias,modi,aperiam
magni,voluptas,suscipit
rerum,quasi,tenetur
minus,vitae,quisquam
corrupti,deserunt,eum
quia,minus,veritatis
illum,rem,dolore
ipsum,ad,quos
sapiente,illum,voluptatibus
eum,pariatur,laborum
consequatur,veritatis,quae
iusto,praesentium,at
maxime,aperiam,dolores
consectetur,numquam,id
vel,iusto,doloribus
voluptatum,nulla,incidunt
eveniet,praesentium,commodi
ea,qui,quasi
consequuntur,inventore,possimus
blanditiis,placeat,porro
sit,asperiores,sapiente
dolorem,necessitatibus,itaque
dolor,eius,exercitationem
tempore,veritatis,delectus
aut,perspiciatis,animi
quae,repellendus,libero
corporis,cumque,possimus
quaerat,voluptatem,commodi
similique,consequuntur,vitae
assumenda,sunt,ratione
ipsa,at,explicabo
excepturi,dignissimos,reprehenderit
consequuntur,molestias,saepe
nemo,esse,quo
dolor,vel,quasi
eveniet,dolore,sed
officiis,quis,pariatur
error,voluptatibus,nisi
eligendi,delectus,porro
fugit,dicta,possimus
distinctio,saepe,sapiente
ducimus,repellendus,eos
minus,debitis,ratione
dolores,delectus,officia
non,ipsum,molestiae
asperiores,quas,maiores
non,reiciendis,laborum
ipsa,nisi,consectetur
nulla,laboriosam,voluptatum
ea,est,in
quam,porro,sapiente
quos,error,delectus
magni,aliquam,doloremque
autem,dolorem,velit
tempore,et,iste
reiciendis,inventore,eius
fugit,omnis,velit
culpa,deserunt,sint
enim,fugit,nobis
vitae,porro,vitae
similique,temporibus,magni
rem,deleniti,reprehenderit
totam,magni,nam
sed,exercitationem,reiciendis
corporis,quasi,facilis
nemo,numquam,amet
accusamus,velit,ipsam
deserunt,enim,beatae
nesciunt,quo,incidunt
aliquid,tempore,corporis
quam,numquam,amet
porro,excepturi,tempore
quis,saepe,dolore
cumque,necessitatibus,earum
labore,eos,odio
aspernatur,quis,rem
consequatur,quod,sint
asperiores,neque,quaerat
dolore,blanditiis,repudiandae
tenetur,necessitatibus,laudantium
distinctio,officia,neque
nobis,excepturi,sunt
fugiat,aliquam,similique
iure,doloremque,sequi
repellendus,neque,voluptate
autem,voluptates,numquam
neque,temporibus,quas
voluptatibus,voluptate,eaque
magni,fugiat,repudiandae
veritatis,doloribus,accusamus
maiores,provident,qui
assumenda,quia,saepe
ab,exercitationem,itaque
aut,laudantium,atque
veritatis,qui,eos
maiores,deleniti,nulla
vel,labore,eligendi
voluptas,provident,vel
veniam,accusantium,odit
earum,ab,sint
veritatis,ut,amet
amet,velit,nulla
dolor,quibusdam,error
expedita,numquam,rem
nulla,iusto,voluptatum
dignissimos,rem,molestiae
accusamus,velit,similique
beatae,incidunt,quia
inventore,omnis,porro
quos,eveniet,occaecati
veritatis,sapiente,quibusdam
at,doloremque,rerum
repudiandae,vel,temporibus
et,ipsam,fugiat
ratione,ducimus,magnam
necessitatibus,labore,necessitatibus
porro,fugiat,id
nulla,nulla,iste
occaecati,iusto,inventore
eligendi,temporibus,in
deleniti,rem,ratione
voluptate,consequuntur,nobis
blanditiis,repudiandae,ipsam
voluptatem,quis,beatae
corporis,sequi,asperiores
illo,alias,eos
ea,voluptas,iure
cum,consequatur,voluptatibus
ipsam,atque,placeat
harum,porro,voluptates
provident,deserunt,nostrum
velit,quod,necessitatibus
rerum,unde,ducimus
aspernatur,nesciunt,minus
ullam,ut,expedita
fugiat,quas,quod
illum,doloremque,ipsa
facere,cupiditate,laboriosam
quos,placeat,animi
assumenda,illum,a
ducimus,voluptates,dolorem
dolore,magnam,facilis
est,laborum,quibusdam
perspiciatis,quasi,ex
quo,dolore,exercitationem
itaque,natus,numquam
reprehenderit,iure,odio
perferendis,voluptatem,voluptates
aspernatur,sequi,dolor
fugit,odio,nam
consectetur,libero,iure
molestiae,reprehenderit,illum
laborum,dolores,aut
deserunt,expedita,natus
ipsa,eveniet,qui
nobis,nobis,dignissimos
neque,nesciunt,animi
distinctio,odio,aut
repellat,illo,quidem
impedit,minus,ducimus
excepturi,pariatur,voluptatum
quo,saepe,ipsa
aperiam,sapiente,est
facilis,maiores,vel
porro,reiciendis,culpa
occaecati,possimus,hic
dolores,deleniti,optio
veritatis,id,aliquid
ratione,quis,excepturi
voluptatum,enim,ea
saepe,dolorem,aperiam
incidunt,dolor,iure
modi,corporis,ut
commodi,eos,nisi
omnis,rem,modi
asperiores,cupiditate,quis
consequuntur,quae,tenetur
alias,tenetur,doloribus
repellendus,odio,est
distinctio,commodi,ad
quas,architecto,provident
nisi,quo,mollitia
architecto,accusantium,quo
nostrum,nihil,ea
cum,quaerat,quas
placeat,nesciunt,corrupti
blanditiis,fuga,quas
ratione,perspiciatis,natus
beatae,earum,tempora
officia,dolorem,eveniet
laudantium,alias,omnis
dolorum,unde,reiciendis
iure,quae,ea
quod,dolores,blanditiis
ut,eveniet,libero
est,sapiente,saepe
culpa,est,molestiae
odio,sapiente,voluptas
assumenda,quam,aspernatur
quisquam,cumque,tempora
quisquam,corrupti,blanditiis
veniam,deserunt,sit
tenetur,assumenda,qui
officiis,quisquam,dolor
aliquam,laudantium,cupiditate
id,tempora,adipisci
deserunt,suscipit,perspiciatis
corporis,nam,animi
sapiente,repellat,quasi
sapiente,suscipit,accusamus
excepturi,iure,debitis
illo,officiis,dicta
in,fugiat,vero
officiis,aperiam,voluptates
eligendi,qui,cupiditate
minus,quae,culpa
provident,provident,facilis
corporis,similique,iste
vel,impedit,provident
expedita,nam,accusamus
quod,in,nemo
officia,dolore,deleniti
alias,dolorem,commodi
fugiat,aspernatur,delectus
repudiandae,illo,similique
necessitatibus,facere,amet
explicabo,nam,vitae
totam,nulla,totam
officiis,beatae,vel
eaque,quidem,molestiae
quas,eaque,voluptates
maiores,maxime,temporibus
beatae,voluptate,exercitationem
reiciendis,delectus,vero
cum,quas,atque
dolorum,omnis,minus
consectetur,nemo,maxime
quibusdam,adipisci,repellat
quod,rerum,laudantium
deserunt,omnis,nisi
quisquam,consequuntur,suscipit
fugiat,nihil,ratione
nemo,dolor,officia
maxime,voluptatibus,nam
sed,enim,omnis
enim,error,quos
aspernatur,tempora,sequi
eos,esse,similique
nulla,nulla,maiores
ipsam,dicta,vero
ratione,minima,quas
commodi,placeat,ut
maxime,aliquid,vel
vero,quos,quae
ipsam,deserunt,quasi
voluptates,dolore,animi
inventore,qui,maiores
quia,sapiente,officia
earum,laborum,tempora
id,adipisci,sit
aliquid,autem,et
cumque,doloribus,voluptatem
ducimus,laudantium,porro
sit,aspernatur,quas
ipsam,eos,numquam
reprehenderit,dignissimos,exercitationem
exercitationem,unde,vero
recusandae,nostrum,ratione
quos,animi,laboriosam
dignissimos,et,quis
deserunt,ab,totam
laboriosam,temporibus,laudantium
maiores,laborum,cumque
facere,officia,error
libero,aut,eligendi
autem,at,dolor
veniam,animi,natus
quas,corrupti,saepe
tempore,nostrum,magni
nesciunt,culpa,deserunt
itaque,id,inventore
consectetur,sed,officia
alias,voluptas,illo
placeat,consequatur,pariatur
alias,tempore,architecto
ipsa,quidem,totam
aliquam,molestiae,quia
soluta,ad,aut
ex,dolorem,facilis
vel,suscipit,ratione
officia,impedit,amet
quos,dicta,debitis
officiis,iusto,eligendi
accusantium,iste,voluptas
non,itaque,culpa
quae,fugiat,possimus
aliquam,nulla,veritatis
quo,iusto,recusandae
ratione,sequi,similique
iusto,repellendus,eos
aliquid,deserunt,architecto
ducimus,animi,quo
quibusdam,corrupti,numquam
perspiciatis,inventore,cum
beatae,autem,vero
nemo,ab,est
consequatur,tempore,officia
eveniet,nemo,vel
labore,recusandae,praesentium
asperiores,a,officiis
id,dolores,reiciendis
expedita,itaque,in
deserunt,consequatur,cum
ullam,mollitia,incidunt
quam,occaecati,impedit
dolor,nostrum,perspiciatis
nobis,eum,veritatis
ea,ex,ut
exercitationem,sunt,officiis
corrupti,sapiente,in
laboriosam,iste,consequatur
eveniet,repellat,ex
totam,sit,repellendus
suscipit,voluptatum,velit
magni,accusantium,odio
temporibus,recusandae,quis
dolores,cupiditate,molestias
vero,est,magni
fuga,iusto,minima
quod,possimus,voluptatem
culpa,totam,a
quos,modi,optio
sint,eius,corporis
id,iste,ipsam
sed,deleniti,vero
quaerat,quas,praesentium
porro,vero,sed
quaerat,nobis,cumque
fugit,dolore,quia
fuga,aspernatur,omnis
quod,vitae,quod
delectus,maxime,reiciendis
debitis,mollitia,expedita
recusandae,placeat,molestias
ipsam,reiciendis,quam
omnis,dolor,id
maiores,laudantium,minima
ipsa,nisi,quasi
incidunt,doloribus,aliquam
officiis,recusandae,deleniti
quam,magnam,assumenda
nulla,necessitatibus,maxime
asperiores,illum,modi
quo,consectetur,aspernatur
blanditiis,accusantium,odit
libero,voluptas,debitis
dolore,exercitationem,eos
itaque,voluptates,excepturi
maiores,quibusdam,debitis
repudiandae,explicabo,nemo
id,earum,quo
cumque,hic,a
doloribus,eos,enim
esse,et,at
est,quibusdam,eum
aliquam,reiciendis,vitae
laboriosam,dicta,maiores
vero,tempora,ab
maxime,distinctio,non
nostrum,quis,magnam
minus,reiciendis,enim
praesentium,fuga,et
animi,minus,omnis
molestias,quae,explicabo
ex,ea,incidunt
porro,animi,vitae
quos,molestiae,nobis
cupiditate,corrupti,aperiam
ex,odio,dolorem
dolorum,iste,inventore
facere,voluptas,itaque
rem,dicta,autem
maiores,officiis,vel
laborum,distinctio,quisquam
illum,quo,in
consequatur,dolores,accusantium
quae,hic,facere
asperiores,officiis,voluptas
tempora,quibusdam,et
id,vero,nulla
vero,excepturi,quos
minus,provident,adipisci
corrupti,rem,iste
dolores,dolorem,nesciunt
minima,dignissimos,consequatur
nostrum,autem,repellat
sint,voluptate,repudiandae
aliquid,quibusdam,quos
nostrum,expedita,eum
corporis,delectus,iure
ex,necessitatibus,quidem
debitis,voluptate,quibusdam
inventore,facere,rerum
quos,molestiae,ut
incidunt,cum,ipsa
ab,quisquam,inventore
maxime,eaque,atque
quas,inventore,iure
ratione,nisi,dignissimos
laudantium,aut,consectetur
magni,nam,suscipit
magnam,qui,numquam
natus,suscipit,quasi
tenetur,eaque,harum
sint,tempore,tempora
nobis,cupiditate,placeat
sed,praesentium,dignissimos
corrupti,asperiores,impedit
asperiores,voluptates,eligendi
aut,voluptas,distinctio
ut,qui,ab
necessitatibus,culpa,corrupti
odio,incidunt,inventore
consequuntur,fuga,corrupti
nemo,harum,facere
cupiditate,unde,nulla
labore,assumenda,porro
voluptate,hic,ipsum
vel,dignissimos,iure
reiciendis,aut,necessitatibus
dolores,laborum,illo
dolores,odio,quae
ab,quia,quibusdam
sapiente,veritatis,nobis
nobis,excepturi,rem
odit,sint,cupiditate
numquam,nihil,tempore
velit,porro,necessitatibus
blanditiis,quos,voluptatum
iste,maxime,eos
necessitatibus,minus,deserunt
veritatis,natus,reiciendis
pariatur,voluptates,ipsa
animi,molestiae,sed
delectus,cumque,molestiae
quos,omnis,tempore
commodi,fugiat,exercitationem
in,dignissimos,esse
cum,numquam,nulla
officiis,dicta,distinctio
ullam,quia,rerum
omnis,repudiandae,delectus
accusamus,aspernatur,aliquid
perspiciatis,rerum,quidem
aspernatur,ut,hic
corporis,quod,hic
iste,magni,est
mollitia,vero,consequuntur
libero,maiores,voluptatum
dicta,corrupti,cum
autem,iusto,earum
debitis,explicabo,accusantium
quisquam,at,harum
eveniet,voluptate,provident
reprehenderit,architecto,doloribus
facilis,dignissimos,quas
dolorum,hic,eius
facere,voluptatum,consequuntur
ipsam,ipsa,mollitia
laboriosam,nesciunt,fugiat
ducimus,cum,recusandae
illum,consequuntur,distinctio
veniam,amet,dolor
et,itaque,quam
et,hic,sapiente
nam,reprehenderit,et
est,perspiciatis,eligendi
aperiam,quae,voluptates
sit,id,atque
dignissimos,doloremque,dignissimos
esse,eligendi,doloremque
dignissimos,quasi,eos
voluptatem,nesciunt,ipsum
minima,non,dolorem
ut,sapiente,temporibus
vero,omnis,quam
excepturi,illo,adipisci
eos,facilis,quidem
omnis,rerum,corporis
esse,consectetur,consequuntur
atque,repellat,ratione
totam,possimus,illo
velit,consectetur,aliquam
dolorum,quas,qui
porro,error,explicabo
consequuntur,ut,deserunt
officiis,in,consectetur
cum,et,maxime
iusto,ratione,animi
voluptatem,ducimus,quod
explicabo,beatae,veniam
aspernatur,provident,provident
consectetur,debitis,fugit
explicabo,distinctio,alias
laudantium,nostrum,animi
sit,eum,assumenda
recusandae,accusantium,distinctio
temporibus,officia,magni
soluta,nesciunt,voluptate
explicabo,vero,repudiandae
suscipit,unde,pariatur
magni,fugiat,aliquid
ut,illum,voluptas
placeat,totam,corporis
fugit,quis,suscipit
quisquam,deleniti,aliquam
similique,explicabo,ratione
sed,at,at
qui,quae,culpa
id,temporibus,id
laudantium,distinctio,nulla
dolor,numquam,ratione
aliquam,praesentium,inventore
quod,porro,dolore
cum,ratione,velit
voluptatem,beatae,architecto
