loan_id,agent_id,allocation_date
39699,unde,ea
53957,aut,exercitationem
56504,perferendis,ex
49526,consequuntur,dolorem
72443,nam,molestias
25698,itaque,dolorum
32743,sunt,nisi
84502,voluptatum,nemo
76322,facilis,exercitationem
70008,ut,exercitationem
60111,atque,rem
66029,in,esse
31611,iusto,reprehenderit
33170,sequi,laborum
63383,repellat,libero
38229,esse,facilis
47583,cum,eum
74859,quam,iusto
51066,ipsam,ea
85484,ducimus,nemo
83447,excepturi,exercitationem
63151,consectetur,non
70709,ab,natus
17398,ab,eum
66663,neque,atque
94178,animi,officiis
27409,id,placeat
95823,eos,ratione
20734,culpa,cumque
32164,perspiciatis,accusantium
99527,inventore,sint
42285,sit,rem
70696,amet,atque
41209,vitae,soluta
14390,libero,blanditiis
99807,totam,magni
62123,pariatur,dolorum
87391,voluptas,architecto
14903,magni,voluptatibus
21853,totam,est
30787,soluta,itaque
84573,doloremque,nam
89391,excepturi,fugiat
41289,eum,optio
28718,cum,rerum
77180,eveniet,voluptates
45633,commodi,deserunt
45556,tempora,tempora
49529,quos,quae
32403,consequatur,minima
11543,cupiditate,veritatis
85067,illum,aliquam
41595,cum,nostrum
65873,accusantium,in
14893,omnis,dolores
85728,ullam,pariatur
55592,minus,minus
54939,deserunt,aperiam
75534,impedit,numquam
62839,at,magnam
81811,ad,soluta
87949,suscipit,amet
68436,dignissimos,exercitationem
86984,beatae,ea
80877,voluptatem,doloribus
15188,mollitia,delectus
30356,mollitia,quis
84415,aliquid,tempora
83139,aspernatur,aliquam
77222,consequuntur,doloremque
11334,dignissimos,asperiores
17430,cupiditate,nemo
87337,ut,omnis
41458,culpa,sapiente
39704,suscipit,modi
64030,consequatur,impedit
71393,architecto,ipsum
55370,voluptatum,eaque
18485,a,illo
34848,voluptas,consequatur
56071,est,sit
99201,ex,magnam
23029,ea,repellendus
62274,aliquam,aliquid
49564,et,quidem
81201,dolorem,consectetur
59084,perferendis,quaerat
19303,libero,reiciendis
71377,repellendus,id
87887,qui,consequatur
66007,cum,magni
14948,ut,vitae
88566,ducimus,molestias
25029,dolorem,deleniti
74793,corporis,reiciendis
58527,porro,dolorum
23767,accusantium,tenetur
97650,a,eligendi
39155,laudantium,illo
16954,ut,temporibus
60752,doloremque,similique
42065,veritatis,corrupti
38170,laborum,libero
75347,sequi,quibusdam
12671,asperiores,ducimus
23558,exercitationem,non
81096,odio,et
24617,temporibus,impedit
37176,neque,iure
31882,ut,ex
93155,saepe,autem
11429,placeat,corrupti
83383,id,excepturi
12065,totam,minus
91541,culpa,at
49979,itaque,pariatur
12233,saepe,asperiores
13764,sit,exercitationem
71305,magnam,laudantium
83301,maxime,doloremque
75370,dolores,provident
79416,minus,corrupti
84508,tenetur,commodi
14079,ipsam,sed
94189,repudiandae,impedit
90360,ullam,doloribus
57747,adipisci,eveniet
69700,ad,quis
15508,debitis,beatae
84556,hic,harum
60500,at,consequatur
67126,vitae,inventore
83960,quos,cumque
95825,unde,harum
28957,ratione,placeat
84459,voluptatem,quibusdam
33931,laborum,nesciunt
79633,rerum,rem
25076,dolores,temporibus
62502,dolorem,nulla
47131,temporibus,assumenda
61658,rem,natus
21525,error,officiis
65686,quam,quisquam
80161,perspiciatis,alias
66255,autem,tenetur
95640,optio,sunt
82479,dicta,voluptates
60847,alias,quasi
14650,cumque,dicta
31391,nostrum,in
42982,saepe,corporis
59857,labore,nisi
29742,repudiandae,cum
28542,explicabo,possimus
94342,repellendus,placeat
19529,repellendus,libero
93989,quas,similique
74498,ea,eos
83972,nisi,illum
80461,nulla,alias
46125,id,quod
71059,consequatur,numquam
40590,illo,praesentium
66462,totam,libero
59385,inventore,a
61508,impedit,dolor
43178,voluptates,accusamus
98000,saepe,ad
21966,ipsa,exercitationem
15668,quia,nesciunt
77233,cupiditate,molestiae
58029,minus,iure
89897,numquam,illo
11356,ratione,optio
56611,deserunt,modi
50435,velit,distinctio
73642,vel,sed
91926,accusantium,quod
97750,ducimus,repellendus
91333,cupiditate,facere
79605,repellat,dignissimos
87360,possimus,impedit
63072,excepturi,repellat
52279,deserunt,eligendi
79580,impedit,est
64013,libero,aliquid
61381,labore,sed
92792,vel,amet
81727,iusto,aliquam
32422,tempora,illum
10032,suscipit,at
75476,doloremque,voluptatibus
62573,perferendis,hic
73143,exercitationem,a
71488,ad,architecto
67350,asperiores,repellendus
73637,ad,maxime
35486,dolorem,velit
53131,inventore,repellat
77813,deleniti,voluptatibus
31262,adipisci,consectetur
30469,fuga,commodi
38121,voluptatibus,amet
91119,ipsa,amet
67602,ab,ipsum
81958,dignissimos,quisquam
40767,rem,aliquam
99595,doloribus,neque
99966,ratione,ullam
35299,expedita,id
50663,minima,culpa
49230,totam,placeat
30701,praesentium,voluptatum
64642,voluptatem,accusamus
49726,deleniti,reprehenderit
83494,deserunt,reprehenderit
10306,quae,soluta
36630,in,similique
58539,totam,deleniti
21992,eius,accusamus
59649,ratione,praesentium
54739,nihil,necessitatibus
15362,ratione,porro
85228,expedita,totam
20035,ex,cumque
13373,voluptatibus,autem
15173,voluptatibus,voluptatibus
48401,itaque,tempora
65288,ducimus,modi
53172,veniam,dicta
54187,nesciunt,minus
33841,esse,earum
85297,laboriosam,perferendis
50792,necessitatibus,delectus
60149,quaerat,saepe
64234,iure,quaerat
94914,magnam,voluptates
70292,dolorem,modi
84039,asperiores,enim
78113,iusto,impedit
27387,optio,consectetur
15653,occaecati,quisquam
16530,doloremque,dolorum
47728,quod,architecto
99069,perspiciatis,ad
76985,laboriosam,placeat
25901,quis,cum
31789,temporibus,corrupti
54567,consequatur,architecto
40773,excepturi,consequuntur
86377,blanditiis,impedit
16195,aspernatur,ut
47669,iste,quae
69114,error,sunt
90265,eius,officia
11956,enim,quod
73055,at,illum
93790,eum,accusamus
87751,dolores,odit
61121,praesentium,fugit
21556,eius,aperiam
46114,corrupti,saepe
19614,praesentium,esse
94166,optio,nostrum
19025,adipisci,magni
33677,necessitatibus,placeat
85573,unde,cumque
19057,impedit,ipsa
76198,voluptatibus,exercitationem
28413,saepe,nesciunt
26061,vitae,incidunt
63292,alias,ullam
49105,laudantium,officia
41721,aspernatur,dignissimos
87639,iure,accusantium
38092,dolore,quasi
63563,dolore,ipsam
63251,expedita,error
43886,porro,est
81067,itaque,amet
21329,aperiam,dolores
28056,error,eveniet
12460,ullam,tempora
59666,dolore,dolore
78298,aperiam,assumenda
62159,possimus,voluptates
56858,aperiam,reprehenderit
39073,ex,ea
61012,vero,quia
82368,eos,iste
52386,a,mollitia
64579,ex,voluptates
37664,ipsam,minima
49513,dolores,quam
83885,quod,commodi
95251,eaque,tempore
18753,quis,asperiores
50309,culpa,officia
96818,eaque,illo
72181,aut,fugit
49649,eligendi,ad
49179,nobis,molestiae
15403,blanditiis,delectus
18283,maiores,sapiente
72850,soluta,error
82831,quo,sed
21872,vero,fugit
78661,voluptatibus,blanditiis
69732,sed,suscipit
66574,quisquam,error
59582,commodi,suscipit
18701,consequuntur,nulla
87078,deleniti,corporis
60852,adipisci,reprehenderit
33205,aspernatur,nesciunt
17096,voluptatibus,aut
28880,nulla,ullam
41210,animi,laboriosam
82121,dolorem,quasi
46584,eligendi,accusamus
65938,minus,consequuntur
27814,consectetur,veniam
52013,ad,dolorum
11663,illo,asperiores
17375,sunt,minus
79907,vel,voluptas
95113,doloremque,mollitia
67576,voluptatum,veritatis
11744,minus,nemo
87896,occaecati,accusantium
17591,ab,dolor
84343,error,rerum
13797,dolores,saepe
29679,ad,quisquam
74898,dolorum,quam
93861,quisquam,deserunt
73272,nulla,velit
78449,facere,voluptatum
42140,maiores,corporis
14251,distinctio,et
27350,a,reiciendis
42594,ipsam,accusantium
28980,odit,debitis
89093,nam,aliquid
46994,culpa,ducimus
59721,odit,illo
56286,similique,molestiae
84571,eligendi,ullam
88752,facilis,odit
66513,fugit,dolores
99476,vero,maxime
37096,nostrum,accusamus
53116,corporis,molestias
22164,alias,a
54701,voluptatum,nisi
11881,atque,vitae
64541,quasi,hic
23632,blanditiis,ea
30631,vel,fugiat
42188,repellat,reiciendis
67034,esse,commodi
27390,aut,inventore
35553,officiis,autem
94092,mollitia,quaerat
90499,possimus,libero
29906,blanditiis,quam
92221,tempore,soluta
24582,eum,hic
42951,et,illum
36710,aperiam,maiores
69199,esse,labore
22837,doloremque,minus
36072,laborum,explicabo
82065,fuga,nesciunt
54193,debitis,tempora
48822,eveniet,esse
67218,molestias,atque
73409,perferendis,ducimus
11086,maiores,a
97141,explicabo,possimus
89785,perferendis,eaque
98124,nemo,quibusdam
79163,minima,labore
20372,ratione,corrupti
13515,dicta,similique
59746,dicta,veritatis
70735,veritatis,dolore
65817,modi,iure
20210,eligendi,dolorum
86788,qui,exercitationem
25644,rerum,similique
21393,quia,voluptatibus
66756,doloremque,quibusdam
90816,voluptate,nemo
33021,sit,dicta
48976,ipsa,aspernatur
83767,harum,libero
56532,quasi,magnam
35703,libero,aut
21032,vel,voluptas
76857,dolor,corrupti
54967,aliquid,suscipit
25028,enim,incidunt
47084,nam,aspernatur
66437,amet,iusto
63802,aliquid,repudiandae
79305,quas,eum
38197,esse,neque
35342,mollitia,impedit
40553,suscipit,distinctio
32237,dicta,itaque
23573,labore,nemo
26138,praesentium,mollitia
96130,quia,vero
84519,voluptatibus,rerum
43551,maiores,fugiat
39419,quia,eum
58398,eveniet,eum
62044,exercitationem,veniam
35136,numquam,quae
29433,perferendis,qui
59876,vitae,quis
13298,explicabo,maiores
10415,cumque,fugiat
98765,temporibus,nam
78821,non,sunt
48756,esse,velit
98418,iure,autem
72881,qui,voluptates
49566,atque,eveniet
39007,fugit,itaque
98183,atque,quis
85417,dolorum,soluta
50007,at,excepturi
44557,omnis,illum
24527,expedita,officia
25871,placeat,debitis
68317,officiis,consequuntur
81765,unde,quisquam
32701,maxime,quia
94203,mollitia,provident
20912,ducimus,eum
39513,beatae,itaque
55852,necessitatibus,velit
25262,mollitia,eius
97558,expedita,molestiae
11961,harum,reprehenderit
35108,molestiae,perspiciatis
38931,incidunt,sequi
13748,unde,illum
14423,voluptates,quibusdam
85025,a,error
17668,dolorum,voluptates
29243,dolorum,quas
66811,hic,quam
17432,iusto,voluptatum
29490,optio,eum
77488,amet,accusamus
71849,odio,pariatur
24779,atque,a
95853,facilis,et
23083,fugit,laudantium
88794,expedita,facere
26602,sed,sint
17496,cumque,aperiam
34752,perspiciatis,cum
26071,amet,ex
70272,laudantium,voluptates
88157,quos,sint
16822,assumenda,laborum
17408,ex,iusto
42933,saepe,harum
28760,cupiditate,reiciendis
22163,tempore,vel
62805,tempore,omnis
35210,nam,veritatis
17674,eos,exercitationem
62760,laborum,fugiat
98881,quos,corporis
43840,similique,modi
85293,cum,culpa
12096,iure,qui
99831,eos,aspernatur
11803,rem,neque
41779,similique,rerum
66831,est,rem
93167,accusamus,itaque
45245,accusantium,ad
23271,pariatur,mollitia
89400,vero,temporibus
26472,aperiam,praesentium
75101,exercitationem,architecto
55898,saepe,suscipit
18162,aspernatur,recusandae
35137,veniam,amet
48027,quod,similique
75477,saepe,est
26617,iste,odio
17997,perspiciatis,quaerat
31141,officia,accusamus
17144,modi,laudantium
41620,cumque,aut
23167,sint,blanditiis
70099,deserunt,at
25528,voluptatibus,exercitationem
84891,nobis,repellendus
46238,ea,velit
15987,in,aliquid
81107,esse,dolores
13217,nihil,aut
97662,dolorem,nam
67565,veritatis,architecto
35656,nisi,repellat
98521,odio,commodi
75908,odit,possimus
92379,minus,necessitatibus
75927,enim,repellendus
94274,dolorum,magnam
68368,alias,reiciendis
64660,ullam,quibusdam
21696,nesciunt,voluptas
30232,iste,voluptas
19915,laborum,error
50341,aperiam,fuga
76066,eos,ratione
46365,placeat,quod
11713,maxime,blanditiis
30861,odio,quas
16215,officiis,voluptas
98710,quasi,quo
27264,est,numquam
44774,molestias,officiis
72180,cumque,cum
38483,totam,repudiandae
14956,placeat,molestiae
12883,consequatur,laborum
30349,placeat,cumque
50570,quod,deserunt
83866,cum,molestiae
33593,voluptatum,voluptatibus
59368,sed,est
81451,deleniti,doloremque
96631,dignissimos,ab
33530,a,nihil
33873,cumque,impedit
80653,id,ratione
25987,sapiente,possimus
92478,quia,distinctio
10489,quaerat,deserunt
37077,animi,illo
99932,labore,amet
65962,temporibus,unde
32719,facilis,officiis
94756,voluptates,nisi
50904,fuga,cum
27485,nostrum,esse
65886,odit,eos
11025,officiis,corrupti
47254,ab,alias
61543,adipisci,culpa
53156,blanditiis,perferendis
69587,neque,molestias
86664,harum,consequuntur
56908,quo,optio
88137,quia,eaque
28291,omnis,placeat
97085,expedita,iure
26251,assumenda,saepe
19711,eligendi,porro
99799,suscipit,dolorem
13034,iste,tempora
75996,adipisci,sint
35626,laudantium,blanditiis
35474,sapiente,porro
25254,nobis,eius
56600,voluptates,reiciendis
12318,sed,sed
38064,unde,laboriosam
52183,quos,corporis
83359,fuga,facilis
52831,aspernatur,ducimus
48319,provident,quia
75185,aperiam,deleniti
59398,accusamus,nobis
98544,maxime,exercitationem
78323,est,consequuntur
37566,nihil,tempora
29100,facere,alias
93434,enim,culpa
78691,dolore,maxime
57548,excepturi,cum
51452,nobis,iusto
27658,doloribus,facere
76570,facere,omnis
20387,esse,tempora
62075,ea,ipsum
32071,voluptas,laborum
85260,laborum,voluptatibus
77388,inventore,architecto
63043,qui,accusamus
31721,doloribus,praesentium
32983,deleniti,pariatur
70778,est,distinctio
84245,sit,numquam
73995,odio,pariatur
94538,aliquam,dicta
10934,delectus,fugit
54108,ut,eum
84923,provident,id
84768,animi,ratione
39038,voluptate,rerum
78881,atque,vel
63851,aperiam,vel
19675,velit,debitis
96461,architecto,eligendi
26658,nostrum,nam
70803,exercitationem,velit
22522,alias,atque
40939,eligendi,provident
50338,voluptatum,placeat
38150,accusantium,consequatur
81592,ut,impedit
13512,ut,sapiente
89020,molestiae,rerum
82529,voluptatibus,occaecati
92661,natus,delectus
20199,illum,nam
53943,enim,in
78361,atque,voluptatum
37467,at,iste
53739,adipisci,vitae
77943,amet,est
37662,commodi,molestiae
39467,corrupti,iste
34286,corporis,quae
38615,tenetur,aperiam
61982,corrupti,voluptate
56461,tempora,molestiae
69952,error,incidunt
49133,excepturi,eius
48740,expedita,repellendus
79932,illo,animi
46351,alias,corporis
60378,neque,occaecati
32340,voluptatibus,quae
32944,ipsa,tempore
78005,tempore,neque
65697,architecto,reiciendis
79574,a,porro
78026,non,earum
12571,ducimus,fugit
94511,iure,magni
53961,facilis,autem
62113,cum,ut
40257,esse,quasi
58307,distinctio,nobis
73115,magnam,iure
33826,iure,voluptates
16411,officia,modi
93449,non,a
41669,sequi,deleniti
98222,soluta,saepe
31580,optio,excepturi
32856,velit,blanditiis
76429,sunt,rem
95262,ab,temporibus
76405,minima,hic
49878,minima,aliquid
22123,deserunt,earum
36784,excepturi,nobis
45594,debitis,illo
67317,quidem,nobis
58192,facilis,doloremque
50728,reiciendis,et
41610,cumque,quas
30434,quas,quam
31988,qui,sunt
36509,blanditiis,suscipit
42177,neque,iste
77410,a,facilis
98953,quaerat,aliquam
94127,totam,sequi
72126,neque,aspernatur
15392,voluptas,veniam
84881,quo,cumque
56547,pariatur,enim
62367,saepe,maxime
63803,quaerat,perferendis
29032,repudiandae,tempore
29607,natus,eos
11535,ipsum,ut
40479,libero,cumque
46524,recusandae,ipsam
91922,sequi,maiores
35293,voluptatum,soluta
86816,distinctio,optio
75085,doloribus,similique
44585,necessitatibus,occaecati
18562,maxime,perspiciatis
43632,porro,et
74306,amet,perferendis
70611,pariatur,maxime
49591,iure,laborum
24873,in,consectetur
41174,provident,illum
84459,rerum,aliquid
38109,est,natus
77267,enim,quod
65819,laborum,libero
90757,enim,repellendus
84427,sapiente,exercitationem
82871,autem,laudantium
17071,unde,saepe
31160,nulla,iste
77394,dolorem,nostrum
41364,vel,in
89553,magnam,exercitationem
27265,minima,culpa
87828,voluptas,aspernatur
27544,maxime,recusandae
49934,possimus,cumque
76981,ut,natus
48098,at,eligendi
76597,consequatur,est
44665,asperiores,libero
10956,veniam,iure
82937,beatae,numquam
38737,velit,ipsum
25799,quidem,id
65799,quasi,dicta
61271,voluptate,ratione
29403,sunt,est
81914,odit,ipsa
77458,accusantium,odit
51279,voluptate,similique
35991,molestiae,voluptatibus
36380,necessitatibus,asperiores
96798,praesentium,odit
17876,voluptas,autem
63767,voluptate,blanditiis
16451,odit,ipsum
29043,in,voluptate
85543,impedit,neque
25765,incidunt,fugiat
69515,vel,odit
16777,officia,debitis
84308,maiores,vitae
50939,eaque,veritatis
68140,expedita,ullam
47066,accusamus,temporibus
91570,asperiores,expedita
39364,ea,quibusdam
31012,eum,odio
11397,nemo,unde
59000,blanditiis,nesciunt
99155,deleniti,minima
32120,nisi,exercitationem
61927,itaque,ea
54726,nisi,temporibus
70487,quibusdam,a
73011,quidem,quidem
73122,dolorem,atque
89001,voluptatibus,tempore
64971,repellendus,facere
58363,expedita,facilis
40182,blanditiis,voluptas
53532,aspernatur,temporibus
24582,culpa,aut
25071,voluptatem,error
60918,est,natus
62736,nisi,totam
72949,praesentium,voluptatem
99677,dolore,porro
69479,enim,illum
85859,maxime,rem
57520,et,veritatis
48643,quas,accusantium
62213,eum,culpa
46481,excepturi,facilis
65466,commodi,ab
95760,esse,veritatis
48758,facere,repellat
23605,non,explicabo
64620,aspernatur,alias
16493,quos,dignissimos
26990,eaque,at
20552,libero,impedit
56009,recusandae,deleniti
80412,corrupti,qui
10674,architecto,omnis
80814,excepturi,magni
98346,odio,quis
24589,cumque,sit
45467,modi,dicta
99684,nesciunt,nesciunt
95099,voluptas,animi
47399,fugit,numquam
39887,beatae,nemo
82301,cumque,sed
16511,voluptates,nihil
13697,voluptate,saepe
53224,rerum,expedita
25588,ut,quaerat
71800,pariatur,deleniti
11686,quos,consequatur
49044,modi,ea
27720,occaecati,fugiat
73579,ex,fugit
42252,tenetur,eveniet
56044,amet,nobis
88707,mollitia,culpa
88383,laudantium,enim
39035,nisi,nihil
45999,quaerat,nam
88441,esse,explicabo
54895,soluta,quisquam
69678,id,suscipit
48834,dignissimos,perspiciatis
64136,provident,blanditiis
36438,accusamus,blanditiis
95481,adipisci,dignissimos
72216,mollitia,esse
23655,nisi,magnam
16460,dolores,id
49350,non,ullam
53102,sequi,eum
80499,a,itaque
67285,voluptates,veritatis
33837,inventore,doloribus
55274,sunt,maxime
25915,ea,nulla
10706,neque,deleniti
80127,iusto,blanditiis
37065,culpa,exercitationem
82550,nesciunt,dolor
23096,officia,ut
56390,accusantium,sunt
34562,ad,beatae
95797,rerum,porro
50511,odit,odio
93876,libero,esse
16860,est,eligendi
57642,iure,fugit
61135,atque,eligendi
92863,soluta,voluptate
72218,vitae,pariatur
91133,sint,explicabo
17975,deleniti,neque
22459,magni,sint
90365,perspiciatis,repellendus
78562,soluta,asperiores
15114,veniam,temporibus
56518,ipsa,dolore
89267,earum,tempora
99557,quod,aperiam
53204,dolores,eos
72885,quas,quibusdam
75254,aliquam,sit
99876,facere,corrupti
60695,atque,expedita
82570,consequuntur,sed
41715,atque,quis
82178,officia,cupiditate
69528,quo,consectetur
16440,at,necessitatibus
67067,exercitationem,rerum
16169,tenetur,totam
19469,sint,omnis
62570,velit,quos
29407,natus,error
92702,veritatis,nemo
40706,accusantium,maiores
29109,adipisci,pariatur
60643,sint,consequuntur
15346,repellat,dolorem
12683,quasi,magnam
95543,repudiandae,laudantium
80046,impedit,consequuntur
34656,officiis,ipsa
30056,ipsam,illum
40602,alias,veritatis
74486,aspernatur,beatae
21362,dicta,nisi
91099,accusantium,eum
47677,repudiandae,voluptates
20208,fugiat,sint
19772,quaerat,recusandae
90756,perspiciatis,inventore
89952,asperiores,deleniti
72380,harum,cupiditate
98843,quibusdam,quam
27109,enim,nostrum
36873,quod,accusamus
60920,nihil,numquam
52542,adipisci,provident
48802,reprehenderit,error
13317,esse,suscipit
25819,est,recusandae
49987,officia,magni
65329,voluptate,autem
90789,esse,optio
60654,officiis,quibusdam
62513,illum,nemo
24748,doloribus,quasi
72210,magnam,consequatur
54534,pariatur,nisi
67665,sint,numquam
68544,totam,minima
97530,debitis,illo
59910,totam,dignissimos
69083,beatae,amet
98422,architecto,molestias
43622,vel,ipsa
36323,temporibus,assumenda
15109,necessitatibus,quod
46190,fugiat,illum
38372,asperiores,veritatis
61108,minus,placeat
11074,perferendis,reprehenderit
72463,aspernatur,laboriosam
83389,illo,minima
59179,tempora,quos
23151,odit,cupiditate
62151,at,eos
41104,nostrum,earum
39366,non,provident
28344,consequatur,corrupti
65419,beatae,in
16592,veritatis,provident
90500,ipsum,fuga
15844,consectetur,odit
71689,quas,placeat
53078,possimus,minima
55927,cupiditate,rerum
81429,in,voluptatem
17327,magni,voluptatibus
91665,aut,dolorum
36172,officia,laboriosam
80229,nulla,nulla
11697,rem,animi
17135,sint,molestiae
15117,debitis,dolores
93267,officia,fugit
62912,beatae,sapiente
38162,quia,sint
55630,molestiae,iusto
14319,rerum,occaecati
88556,unde,magnam
65333,delectus,facere
65042,natus,laboriosam
60310,possimus,sint
24167,ratione,nostrum
25029,temporibus,fugit
17765,recusandae,iste
30032,iusto,quis
39061,laudantium,hic
98324,iste,provident
38684,perferendis,atque
13576,vero,inventore
82848,inventore,dolorem
17737,qui,quisquam
61105,praesentium,fugiat
25201,nemo,esse
70687,debitis,recusandae
38378,architecto,veniam
16379,odio,id
71914,voluptate,culpa
87947,beatae,minus
17561,voluptatum,aspernatur
98222,corporis,optio
91835,alias,rerum
97306,fuga,consequatur
14967,eveniet,officiis
54256,voluptates,similique
43595,architecto,repellendus
43467,delectus,tempore
38887,excepturi,dolores
37994,ullam,harum
94727,accusamus,deserunt
20961,dolorem,quibusdam
21287,similique,doloremque
89573,qui,ipsa
11955,veritatis,earum
59310,illo,excepturi
12984,dolorem,dolores
96811,velit,odit
18150,iure,inventore
66846,eius,veniam
65793,soluta,veniam
32735,velit,fuga
47063,nulla,vel
72032,debitis,voluptates
35455,fugit,assumenda
64181,dicta,id
81923,fugiat,non
53674,repellendus,perspiciatis
99334,suscipit,sapiente
14724,voluptatibus,necessitatibus
29694,in,nihil
