complaint_id,cust_id,category,resolution_status,ombudsman_flag,ombudsman_ref
explicabo,6710,minima,exercitationem,voluptatum,nisi
velit,9064,dolor,delectus,modi,enim
voluptates,6293,sapiente,nobis,alias,impedit
reprehenderit,7373,debitis,deleniti,ducimus,quasi
praesentium,8602,laborum,ratione,optio,hic
ipsa,9188,doloremque,maxime,aliquam,minus
consequatur,4199,quae,minus,corrupti,laudantium
occaecati,1643,mollitia,laboriosam,quo,modi
aspernatur,3346,excepturi,tenetur,animi,culpa
sint,9246,accusantium,nisi,error,harum
aut,5356,odit,culpa,eveniet,voluptates
earum,6685,quis,in,ducimus,similique
deleniti,5377,aliquam,provident,ratione,animi
consectetur,3247,cupiditate,repudiandae,provident,modi
maiores,4036,doloremque,ex,et,magni
ea,4193,hic,pariatur,eos,labore
architecto,1394,ad,provident,voluptas,excepturi
dolorum,4476,totam,autem,ullam,assumenda
vero,6740,ipsa,impedit,exercitationem,totam
eum,3614,atque,unde,earum,dolorum
beatae,2986,consectetur,eligendi,quas,placeat
unde,6460,magnam,delectus,at,sed
dicta,3896,exercitationem,at,fugit,ab
veritatis,4845,expedita,perspiciatis,quidem,quo
incidunt,5383,commodi,quae,dolorum,sunt
voluptate,5069,laborum,fugit,id,voluptatibus
laboriosam,8249,deleniti,neque,adipisci,eveniet
est,8626,numquam,voluptatem,maiores,earum
voluptas,6121,sapiente,deleniti,accusamus,perferendis
sunt,2422,tenetur,harum,autem,facere
iure,3171,odit,ea,nemo,vel
repellat,2428,recusandae,voluptates,voluptatem,culpa
exercitationem,8870,facere,veniam,labore,nobis
in,1166,labore,cupiditate,dolores,qui
quae,1616,porro,consectetur,molestias,porro
ipsum,3819,ab,est,iusto,porro
sunt,3793,omnis,laudantium,praesentium,ea
quo,7924,consequuntur,aut,facere,at
debitis,4498,corrupti,autem,vero,explicabo
delectus,3184,earum,fugiat,aut,a
ex,4745,repudiandae,atque,assumenda,pariatur
ex,2812,perferendis,sequi,ex,vero
temporibus,6823,aspernatur,tempore,suscipit,doloribus
quia,3595,mollitia,animi,assumenda,magni
provident,9794,minus,nisi,illum,vitae
libero,1387,sint,incidunt,iste,nulla
at,4816,culpa,veniam,odio,fuga
neque,5373,dicta,nihil,fuga,deleniti
minus,4986,quo,voluptatibus,vel,earum
porro,4418,laudantium,cumque,distinctio,inventore
veniam,9141,quas,quae,totam,numquam
provident,2340,repellendus,culpa,perspiciatis,aliquid
consectetur,5221,iusto,ad,porro,sapiente
quo,9826,dignissimos,dolores,ipsum,dolor
aliquid,1416,optio,reprehenderit,dolor,autem
consectetur,4469,perspiciatis,consequatur,possimus,quaerat
ipsam,4334,dolores,vel,unde,distinctio
ex,9854,pariatur,eaque,assumenda,quis
id,1217,dignissimos,quod,commodi,voluptate
mollitia,1001,nostrum,facilis,aspernatur,dolorum
distinctio,8756,nam,nisi,maiores,laborum
a,6213,rem,quasi,consectetur,cum
ea,7920,sint,animi,illum,excepturi
dolores,8431,saepe,animi,corrupti,quidem
molestias,5523,placeat,aperiam,vel,mollitia
soluta,5098,ab,quis,rerum,est
dicta,2290,officia,dolore,ipsa,quasi
recusandae,7644,provident,possimus,in,distinctio
recusandae,2908,nisi,ea,facere,quae
officia,7583,recusandae,error,ducimus,fugit
tempora,3381,consequatur,omnis,sunt,optio
cupiditate,9204,at,dicta,consequuntur,ipsum
corrupti,8869,accusantium,voluptate,sequi,molestiae
mollitia,1408,incidunt,soluta,consequuntur,velit
illo,5423,eveniet,iste,aut,tenetur
expedita,6608,doloremque,numquam,minus,doloribus
sequi,2866,tempore,inventore,sit,earum
excepturi,5173,ducimus,corporis,non,suscipit
tempore,2747,dolor,maxime,assumenda,adipisci
nemo,6672,aspernatur,ipsam,occaecati,odit
aliquam,1253,atque,non,earum,rem
accusantium,4638,cum,dicta,iure,earum
blanditiis,1352,reprehenderit,corporis,officia,a
minima,8474,doloremque,nam,officia,vero
sit,5358,occaecati,cupiditate,mollitia,atque
deleniti,3532,minus,repellendus,atque,sed
molestiae,6177,reiciendis,sit,consequatur,iste
expedita,2185,cupiditate,harum,aliquam,voluptatem
fuga,3391,voluptatem,iusto,esse,autem
corporis,2085,saepe,aliquid,illo,voluptatibus
deleniti,1724,accusamus,assumenda,expedita,a
quis,8100,deserunt,placeat,sit,ex
minus,1544,esse,est,aspernatur,ad
saepe,2113,corrupti,maiores,perspiciatis,cupiditate
facilis,8593,quae,eligendi,natus,explicabo
impedit,9480,harum,iusto,omnis,non
optio,3544,quia,nulla,quas,sed
similique,9048,unde,minus,magnam,hic
quisquam,2540,qui,earum,sunt,repellat
facilis,7410,quae,sequi,excepturi,dolore
ab,6361,repellat,optio,animi,minima
quibusdam,8972,corporis,autem,hic,pariatur
architecto,9573,rem,voluptatibus,exercitationem,vero
in,6746,eligendi,nam,saepe,libero
maxime,8993,ipsa,porro,laudantium,explicabo
alias,5365,eum,architecto,eaque,quidem
vitae,3383,cumque,aspernatur,non,qui
et,8382,iste,quod,omnis,corrupti
dolor,4936,sit,voluptatibus,consectetur,maxime
aliquid,1843,dolorem,nulla,non,necessitatibus
saepe,8401,eveniet,ab,expedita,harum
commodi,8370,beatae,illum,ullam,sequi
assumenda,7770,eos,aspernatur,qui,praesentium
a,9421,ullam,quod,reprehenderit,id
earum,6430,voluptate,doloribus,quasi,voluptatum
repellat,2740,aperiam,nostrum,similique,neque
minima,3603,ratione,natus,veritatis,ad
deleniti,5260,pariatur,ipsam,nobis,nobis
fugiat,8380,cumque,beatae,cupiditate,repellendus
explicabo,6010,cumque,tenetur,aperiam,debitis
nihil,9737,exercitationem,ducimus,molestias,pariatur
quia,5519,alias,provident,officia,ex
at,1796,animi,optio,voluptatibus,exercitationem
blanditiis,4374,rem,aperiam,aut,ipsa
quos,6275,provident,quo,reprehenderit,sequi
delectus,5593,aliquam,quos,tenetur,neque
illo,9165,dolores,ipsum,expedita,excepturi
vero,5241,blanditiis,voluptatibus,mollitia,fuga
dicta,9659,saepe,eligendi,beatae,fugit
voluptatem,8902,nesciunt,facere,nemo,ipsam
qui,6763,velit,quia,voluptates,nulla
error,5036,odio,quia,laborum,cumque
velit,5466,nam,dolorum,error,sequi
beatae,3179,esse,vel,earum,fugit
similique,3940,quas,sequi,numquam,corrupti
dolor,6669,aut,nemo,accusantium,omnis
quaerat,3983,ea,maiores,nemo,esse
tempore,9739,earum,itaque,a,maxime
doloribus,6074,voluptates,ratione,corporis,repellendus
velit,6240,ipsa,laudantium,possimus,ipsum
velit,3327,voluptatem,doloremque,non,molestias
amet,9001,quia,eaque,ratione,repudiandae
eum,1433,itaque,esse,architecto,ratione
laboriosam,9479,optio,eos,culpa,earum
quidem,5685,nisi,natus,vitae,perferendis
quo,8446,dolor,praesentium,accusantium,maiores
nulla,1830,hic,nobis,commodi,dolorem
hic,2130,est,numquam,accusantium,aspernatur
accusantium,5268,placeat,qui,amet,possimus
porro,1915,neque,tempore,dignissimos,necessitatibus
iste,7893,id,maxime,nihil,ab
laudantium,3246,vitae,delectus,enim,quam
optio,5358,rerum,voluptatem,commodi,eum
maiores,1703,qui,consequuntur,provident,consectetur
rerum,9811,reiciendis,unde,numquam,perferendis
itaque,8080,praesentium,molestiae,nam,vitae
provident,8442,ducimus,eius,recusandae,sit
maxime,2142,voluptates,aperiam,nemo,laboriosam
voluptatibus,4623,aspernatur,minus,nemo,corrupti
numquam,3560,eius,asperiores,atque,quae
quas,7386,hic,cumque,veritatis,totam
quidem,1333,assumenda,occaecati,reiciendis,id
esse,5826,nostrum,magnam,nihil,deserunt
nihil,4943,provident,fuga,dicta,fugiat
quis,6842,similique,cum,possimus,accusamus
quas,3177,quasi,nam,sed,ratione
exercitationem,8327,tenetur,dolorem,voluptatem,corrupti
fugit,9258,veniam,suscipit,sapiente,nam
temporibus,4291,quas,nostrum,exercitationem,illo
culpa,4677,aliquam,occaecati,dicta,et
voluptatem,1827,incidunt,asperiores,hic,blanditiis
vero,3963,debitis,debitis,perferendis,commodi
esse,7646,voluptatum,fugit,autem,provident
nobis,1428,dolor,possimus,tempore,ad
nam,2000,repellat,culpa,dolores,earum
error,2396,accusamus,aliquid,suscipit,rem
reprehenderit,5500,soluta,odio,magni,veniam
similique,6267,molestias,omnis,corporis,esse
error,8951,ab,quia,quasi,beatae
cum,3609,asperiores,veritatis,non,quis
velit,3147,nostrum,inventore,harum,accusantium
veniam,5520,sapiente,totam,praesentium,quibusdam
quibusdam,7018,similique,sint,earum,illum
id,3726,enim,blanditiis,possimus,eius
vitae,9055,illum,ea,nulla,esse
temporibus,2086,omnis,quasi,totam,quos
vel,7643,soluta,vero,ex,exercitationem
deserunt,3866,minus,aut,autem,minus
optio,3707,natus,totam,quos,magnam
iusto,7861,provident,debitis,beatae,dolores
nisi,4753,aperiam,voluptas,animi,architecto
libero,2453,vitae,voluptates,adipisci,placeat
id,3455,molestiae,soluta,exercitationem,sequi
optio,3737,impedit,officia,voluptatibus,velit
consequatur,3800,earum,dolorem,sequi,eligendi
qui,5330,vero,suscipit,neque,nostrum
quibusdam,1725,quibusdam,aut,a,aperiam
quasi,6419,quibusdam,labore,vel,quod
ratione,7396,minima,accusamus,illum,suscipit
consequatur,5858,itaque,autem,corporis,sequi
voluptas,3433,iure,aperiam,expedita,repudiandae
a,8615,alias,magnam,sapiente,facilis
quaerat,7941,libero,officiis,culpa,explicabo
rem,4550,voluptas,ad,repudiandae,architecto
voluptates,7478,cumque,perferendis,vero,quod
perspiciatis,4806,temporibus,vero,voluptas,quo
ipsum,2908,minus,incidunt,quos,cupiditate
consequatur,4181,deleniti,neque,magnam,ducimus
sint,7700,ex,natus,exercitationem,laborum
eum,9214,consectetur,aspernatur,illo,repellendus
consequatur,2230,eligendi,sit,nam,quidem
sit,9602,alias,commodi,odio,minima
repudiandae,1229,commodi,eaque,vel,cumque
aliquam,9544,eos,qui,laudantium,nostrum
totam,7165,explicabo,modi,architecto,inventore
eum,3682,omnis,facere,dolores,earum
illo,5925,fuga,laboriosam,similique,minus
neque,9011,culpa,placeat,hic,cum
porro,1567,cupiditate,eos,ea,fugiat
deleniti,5477,quas,aspernatur,sint,pariatur
doloribus,4394,iusto,possimus,labore,ex
sed,5948,accusantium,harum,commodi,vero
at,9823,fuga,suscipit,tempore,sint
fuga,4428,numquam,reprehenderit,enim,recusandae
aperiam,3203,facilis,tenetur,quia,magni
dolores,1199,quidem,expedita,nulla,sunt
corrupti,4937,maiores,provident,nobis,eveniet
vero,1873,harum,velit,quis,aliquid
reprehenderit,9237,voluptatem,reiciendis,temporibus,molestiae
neque,9204,illo,magnam,quas,ipsam
ut,3756,deleniti,explicabo,consequatur,enim
perferendis,4718,autem,assumenda,voluptates,corporis
pariatur,6907,repudiandae,nemo,porro,recusandae
laudantium,5067,odio,harum,veniam,atque
sed,2437,vero,modi,animi,totam
neque,3666,ad,incidunt,illum,pariatur
hic,8952,sit,nostrum,quasi,quidem
accusantium,4729,assumenda,ut,nesciunt,voluptate
impedit,3429,corporis,excepturi,asperiores,laborum
impedit,5839,sunt,illo,vel,hic
eius,5379,laboriosam,iure,non,ab
beatae,5818,itaque,neque,deserunt,eligendi
atque,4056,explicabo,nemo,pariatur,at
aperiam,3155,molestias,ex,quaerat,suscipit
explicabo,9796,a,blanditiis,ipsa,quam
nemo,5417,sequi,sequi,aut,hic
architecto,5794,porro,maiores,reprehenderit,velit
vitae,3456,quam,adipisci,pariatur,quidem
reiciendis,8562,voluptatibus,repudiandae,aspernatur,velit
debitis,5703,fugiat,ex,atque,eius
optio,3203,saepe,beatae,quae,voluptatibus
consequuntur,7734,eligendi,incidunt,et,occaecati
tempora,9374,ab,consequatur,cupiditate,nulla
similique,1897,rem,doloremque,delectus,vel
et,3537,excepturi,nihil,delectus,expedita
eos,6511,officiis,voluptatem,culpa,numquam
soluta,6837,doloribus,totam,repudiandae,officia
esse,7632,inventore,modi,amet,molestiae
enim,4036,cupiditate,consectetur,maiores,omnis
placeat,7721,maxime,totam,soluta,officiis
magni,1169,nam,deleniti,sit,inventore
inventore,4601,expedita,distinctio,saepe,magni
minus,7996,esse,adipisci,quam,error
ratione,5846,officiis,eos,ea,dignissimos
inventore,4644,tempora,odit,sed,aut
facilis,7215,necessitatibus,necessitatibus,possimus,dicta
est,9967,sint,dolor,perferendis,iusto
quibusdam,9674,itaque,adipisci,quia,similique
consectetur,4418,a,veniam,vero,blanditiis
reprehenderit,5116,necessitatibus,modi,commodi,doloremque
impedit,2110,enim,beatae,ut,id
ut,3545,officia,sunt,placeat,eveniet
molestiae,4905,sapiente,qui,ad,eveniet
temporibus,6510,error,aliquam,aspernatur,assumenda
autem,9145,in,eaque,soluta,qui
rem,8945,in,natus,fugiat,facere
error,4760,rerum,corporis,cupiditate,inventore
mollitia,4158,saepe,nihil,voluptatem,dignissimos
illum,7985,repellendus,ipsa,cum,voluptates
numquam,8656,saepe,magnam,odit,repellendus
tempore,6294,recusandae,delectus,architecto,necessitatibus
dolorem,5978,sed,magnam,quae,corrupti
inventore,4596,doloribus,voluptatum,impedit,excepturi
eius,4414,quas,natus,voluptatum,amet
animi,6402,quis,nesciunt,maiores,dolores
ea,5856,eveniet,expedita,recusandae,vero
perferendis,8796,rem,corporis,eius,culpa
incidunt,9127,rem,animi,quas,sunt
impedit,4636,temporibus,impedit,voluptatibus,eaque
tempore,3394,reiciendis,odio,praesentium,autem
reprehenderit,8597,debitis,rem,eum,provident
sed,2736,culpa,occaecati,magni,quam
earum,8003,iusto,porro,dolor,minima
nulla,1364,similique,quae,libero,alias
alias,7223,iusto,tempora,aspernatur,sunt
ad,1959,alias,libero,dolorem,dolorem
voluptate,5805,cum,ex,reiciendis,temporibus
quas,4175,labore,iste,nesciunt,dicta
aut,2732,totam,voluptas,facilis,quibusdam
facere,2507,at,debitis,esse,numquam
facilis,1358,porro,incidunt,aliquam,dolor
sunt,2125,enim,repellendus,perferendis,occaecati
consequatur,6277,nihil,sit,ex,deserunt
quod,7640,molestiae,dolore,fuga,voluptatum
maiores,2297,debitis,eaque,aut,quaerat
corrupti,9575,non,quia,iure,facilis
quam,1182,voluptas,quas,quos,ea
molestiae,4245,perferendis,porro,nostrum,at
culpa,3744,excepturi,ipsa,molestiae,consequuntur
natus,1996,quisquam,natus,aliquam,minima
minima,4967,reiciendis,sapiente,consequuntur,temporibus
quae,2587,temporibus,cumque,odio,iste
exercitationem,3819,quas,doloribus,alias,earum
corrupti,4915,inventore,officia,dolorem,amet
optio,9881,voluptatibus,odio,placeat,optio
vitae,7543,minima,reprehenderit,autem,magni
sed,5378,mollitia,nam,non,autem
iusto,4136,voluptas,hic,veritatis,vero
repudiandae,8958,temporibus,veritatis,dolor,doloribus
laborum,3693,consequatur,quaerat,sunt,soluta
vero,2296,voluptate,officia,minima,vero
totam,4596,a,quos,tenetur,quod
reprehenderit,1095,animi,nam,quisquam,provident
quo,2221,repellat,illo,facere,consequatur
molestiae,1553,provident,amet,quod,quia
sequi,3117,reprehenderit,atque,nemo,fugiat
ratione,3137,in,in,ad,nisi
aliquid,7569,non,eos,placeat,alias
sed,3879,non,id,odit,adipisci
architecto,2333,distinctio,laboriosam,neque,laboriosam
culpa,5344,labore,molestiae,autem,non
ipsam,7401,adipisci,explicabo,corrupti,laboriosam
asperiores,2086,totam,magni,rerum,fugit
maiores,8509,iusto,quo,quas,odio
delectus,2437,dolorem,necessitatibus,odit,autem
dignissimos,4683,quas,repudiandae,ullam,dolorem
nemo,1169,modi,expedita,incidunt,rem
quidem,1917,rem,provident,nisi,nemo
ut,3286,quo,aut,id,magni
quia,4363,quasi,dignissimos,eaque,dolorum
sint,9212,eveniet,quas,exercitationem,adipisci
officia,6002,quis,labore,quae,omnis
aliquam,4312,voluptatum,iusto,at,illo
est,9789,deleniti,minus,omnis,dicta
facere,4642,inventore,perferendis,rerum,cum
aliquam,6628,aspernatur,exercitationem,amet,molestias
praesentium,4684,minus,amet,perspiciatis,soluta
vel,1021,debitis,quas,est,ex
enim,5664,consectetur,qui,necessitatibus,fugiat
facere,7748,ipsam,necessitatibus,repellendus,perspiciatis
asperiores,4950,nihil,ullam,ad,quo
minima,4603,placeat,facere,corporis,totam
quisquam,1855,necessitatibus,sit,accusantium,beatae
quasi,9856,inventore,accusamus,fugiat,esse
aliquid,5696,natus,ratione,aliquam,inventore
ab,3553,fugiat,eos,earum,atque
aliquid,1279,libero,impedit,quam,doloribus
voluptas,9574,dignissimos,voluptatum,eum,omnis
eum,6589,alias,occaecati,voluptate,ea
non,1728,esse,quibusdam,earum,fugiat
maxime,5067,minima,hic,provident,optio
suscipit,1618,ad,asperiores,sunt,et
aperiam,8982,autem,sunt,voluptas,reiciendis
mollitia,1223,voluptate,vero,accusamus,omnis
veritatis,9833,perferendis,et,minima,optio
nam,4609,facilis,dolorem,at,harum
quae,7271,architecto,quasi,provident,asperiores
quaerat,1027,cum,sequi,ex,rem
alias,9042,at,ex,nobis,veniam
provident,2724,nemo,fugit,placeat,et
doloremque,9184,rem,quaerat,excepturi,eveniet
hic,6039,eaque,molestiae,adipisci,vero
debitis,9363,amet,ducimus,deserunt,eius
dolore,3518,corporis,quaerat,corrupti,tempora
voluptas,5660,odio,quod,dignissimos,quidem
natus,7790,aliquam,suscipit,numquam,asperiores
deserunt,4771,repellat,nam,est,sed
laudantium,3825,consequatur,facilis,blanditiis,eum
sequi,1165,sed,esse,nesciunt,omnis
aut,1557,veniam,atque,accusamus,nesciunt
ipsum,1523,suscipit,inventore,voluptatum,non
doloribus,9996,incidunt,rem,autem,voluptas
delectus,8017,illum,officiis,beatae,earum
repudiandae,7292,repellat,culpa,modi,perspiciatis
veritatis,8249,veritatis,a,aut,commodi
eius,2288,excepturi,doloremque,voluptas,at
soluta,1342,aspernatur,amet,ab,sunt
libero,5975,numquam,iusto,minima,cum
enim,4922,consectetur,excepturi,ipsum,debitis
accusantium,1510,ducimus,nisi,ad,dignissimos
at,6390,saepe,et,quibusdam,quasi
illum,6155,reiciendis,esse,ratione,delectus
similique,1035,repellat,placeat,quibusdam,fuga
enim,6539,aspernatur,dignissimos,officiis,porro
animi,5532,reprehenderit,ullam,architecto,cumque
unde,8826,veniam,nemo,enim,accusamus
amet,2230,quos,fugiat,ducimus,maiores
recusandae,9414,optio,dignissimos,a,ad
eos,8816,modi,sequi,doloremque,inventore
officiis,4717,aut,repellendus,illo,optio
dicta,7506,architecto,sint,minima,eius
voluptas,3273,odio,fuga,eos,voluptatum
harum,9702,quia,iste,velit,dicta
placeat,3632,molestiae,adipisci,nihil,ipsum
similique,4214,officia,sapiente,aperiam,provident
a,4161,dolores,saepe,cupiditate,deserunt
necessitatibus,3742,porro,quo,dignissimos,voluptatem
pariatur,6921,repudiandae,doloremque,quos,quaerat
nulla,7293,odio,deleniti,sunt,sit
dolorem,6326,excepturi,atque,iste,mollitia
assumenda,5267,repudiandae,non,ut,omnis
beatae,2949,distinctio,quod,repellat,rerum
ab,6239,neque,odio,suscipit,placeat
molestiae,8240,aliquid,mollitia,optio,tempora
debitis,9633,maiores,quisquam,ratione,adipisci
debitis,6380,nam,eius,dolor,tempore
labore,5030,quo,esse,quas,excepturi
fuga,9606,consectetur,deleniti,quibusdam,illum
similique,5716,consectetur,assumenda,nihil,repellat
corrupti,7304,quo,non,velit,necessitatibus
adipisci,6461,nostrum,quasi,aperiam,repellendus
quo,8655,dolores,adipisci,ea,error
repellat,9449,iste,officia,itaque,quasi
ipsa,9851,doloribus,nisi,blanditiis,repellendus
sit,9246,corrupti,necessitatibus,reprehenderit,reprehenderit
dolorem,4755,tempora,facilis,optio,alias
doloremque,8169,distinctio,recusandae,dolorum,praesentium
aperiam,9513,possimus,illo,quae,maiores
incidunt,4828,soluta,iure,labore,dolore
expedita,4272,alias,culpa,error,aliquid
ut,8470,fuga,sit,debitis,neque
perferendis,8618,repellendus,natus,veritatis,dolorum
consequatur,8717,voluptas,sequi,repellendus,aliquam
distinctio,4037,cupiditate,sed,nesciunt,est
quasi,5244,possimus,placeat,aliquid,rerum
molestiae,8938,exercitationem,ipsum,rem,repellendus
repudiandae,1990,est,voluptatibus,excepturi,quod
tempore,7559,dolor,iste,sed,sunt
consequuntur,9271,laborum,illo,provident,non
corrupti,3339,autem,dolorem,iure,repellat
quae,1180,qui,fuga,molestiae,tempore
deserunt,2019,ea,id,nesciunt,quo
fugit,4255,voluptatem,quisquam,perspiciatis,consequuntur
natus,1993,facilis,voluptatibus,voluptates,eius
aperiam,4891,odit,iusto,possimus,repudiandae
nulla,4228,totam,ratione,tempora,in
corporis,4840,expedita,amet,possimus,beatae
nesciunt,8232,debitis,quos,nemo,at
amet,4052,asperiores,explicabo,beatae,doloremque
mollitia,8827,quasi,ut,voluptatum,atque
optio,5616,fuga,illum,necessitatibus,rerum
accusamus,8903,eveniet,ea,enim,asperiores
quos,5599,laborum,labore,qui,unde
vel,8098,magnam,veniam,magni,alias
provident,2949,eius,adipisci,voluptas,quia
repellendus,1203,maxime,adipisci,tempore,porro
vitae,7433,laborum,eum,in,omnis
aut,6189,deleniti,cumque,nam,dolorem
saepe,9365,non,minima,dolores,ad
quibusdam,1145,quasi,harum,ratione,consequuntur
optio,1383,voluptatum,debitis,non,excepturi
alias,5413,accusamus,saepe,veniam,quam
unde,5065,laborum,debitis,omnis,debitis
blanditiis,6496,reiciendis,iste,laudantium,tenetur
minima,8229,quidem,nobis,architecto,quos
soluta,2402,possimus,aliquid,fugit,porro
amet,9117,doloribus,soluta,delectus,deserunt
ipsa,5280,ipsam,at,doloribus,tenetur
tempore,6542,repellendus,tempora,quo,sunt
facilis,8805,provident,iusto,reiciendis,voluptas
optio,4497,omnis,commodi,quae,fugiat
corporis,5452,odit,possimus,itaque,inventore
eligendi,5192,sequi,sit,sed,illo
voluptatibus,6097,magnam,eius,eveniet,quo
maiores,4849,blanditiis,quaerat,nam,dolore
iste,2170,voluptas,ipsa,quo,quod
mollitia,2113,perspiciatis,commodi,beatae,consequatur
vero,3059,quas,quaerat,perspiciatis,explicabo
reprehenderit,9124,sapiente,quam,quasi,dolores
quia,2107,occaecati,quaerat,cum,ad
autem,6739,voluptatem,cupiditate,reiciendis,soluta
possimus,8595,perspiciatis,ab,reprehenderit,quia
doloribus,2009,sint,aspernatur,ea,ut
maxime,9545,ipsa,maiores,omnis,pariatur
deserunt,3202,cumque,perferendis,earum,saepe
commodi,1029,consequuntur,ab,quis,at
vero,1605,corporis,vel,cupiditate,aperiam
assumenda,1033,voluptate,totam,non,deserunt
esse,5651,incidunt,minima,dolores,magnam
deleniti,1273,optio,voluptas,quisquam,provident
autem,1942,sint,at,ducimus,vitae
fugit,9111,inventore,culpa,perferendis,autem
accusantium,4939,necessitatibus,accusantium,provident,sit
odio,5772,possimus,possimus,corrupti,quo
corporis,5253,modi,sit,maiores,quae
eligendi,7136,voluptas,repellat,ad,accusamus
cum,3521,numquam,error,vel,molestias
officiis,6442,recusandae,excepturi,tempore,animi
vel,7171,officiis,vitae,cupiditate,necessitatibus
esse,6112,laborum,quaerat,quam,veniam
ut,7170,quasi,repellat,nobis,ad
aperiam,3396,dicta,fuga,accusantium,consectetur
alias,8107,perspiciatis,atque,illo,similique
ipsam,4014,voluptatibus,officiis,non,velit
impedit,2617,quidem,delectus,reiciendis,laborum
doloremque,2719,porro,ut,voluptas,quae
accusantium,9821,atque,perferendis,provident,voluptates
inventore,3630,dolore,voluptatum,corrupti,sapiente
quisquam,4393,ullam,animi,quam,laboriosam
sit,7029,temporibus,animi,nemo,voluptatibus
quisquam,2878,porro,porro,unde,occaecati
aliquam,4538,nobis,dicta,impedit,error
inventore,2498,aliquam,facilis,cum,laboriosam
magnam,4687,necessitatibus,optio,quos,soluta
odio,8219,labore,quibusdam,natus,ipsa
provident,9269,placeat,autem,dolor,voluptatibus
perferendis,8840,qui,dolore,vero,at
expedita,9176,minima,hic,laboriosam,voluptatum
molestiae,7239,mollitia,saepe,dolorum,ipsa
esse,2433,eligendi,ratione,qui,nostrum
blanditiis,4688,nostrum,ullam,voluptatibus,quam
velit,9777,exercitationem,omnis,repellendus,magni
recusandae,2435,maiores,adipisci,labore,enim
assumenda,1664,corporis,adipisci,placeat,neque
voluptate,9286,hic,odio,non,a
iure,9013,dolore,nobis,perferendis,deserunt
ab,6151,est,ratione,modi,amet
laudantium,9069,mollitia,repellendus,dolor,quis
libero,4092,dolores,magni,eos,suscipit
reiciendis,1624,eveniet,vel,voluptatibus,laborum
nesciunt,3289,officia,magnam,iusto,quis
sit,6860,veniam,ipsum,ducimus,assumenda
blanditiis,6316,corporis,facere,ipsum,dolores
velit,6269,repudiandae,odit,quis,occaecati
commodi,2459,maiores,laborum,molestiae,enim
totam,8756,odit,ipsa,excepturi,nisi
cumque,6876,sapiente,distinctio,quis,tempora
nulla,6074,minus,omnis,laborum,nostrum
expedita,1890,amet,porro,occaecati,exercitationem
vitae,8224,voluptate,ipsa,blanditiis,odit
voluptates,6319,neque,inventore,corporis,quidem
error,2914,quidem,iste,commodi,cumque
dolores,3619,hic,reiciendis,dolorem,architecto
cupiditate,5551,officia,commodi,nesciunt,deserunt
illo,7546,saepe,consectetur,accusantium,repellat
hic,4485,voluptatibus,accusantium,blanditiis,iusto
dolorum,8250,inventore,perspiciatis,placeat,illo
quo,2060,officiis,facere,nulla,est
maxime,3682,dolor,saepe,reprehenderit,totam
tempora,9901,ullam,laborum,laudantium,recusandae
eaque,2923,iure,debitis,quae,accusantium
saepe,4677,autem,ad,iure,accusantium
error,1125,nam,beatae,occaecati,qui
esse,7252,voluptatum,magni,enim,minus
culpa,4467,fugit,laboriosam,explicabo,ea
ipsum,5376,sint,perferendis,itaque,dolore
non,4260,omnis,accusamus,tempore,suscipit
a,1165,recusandae,laboriosam,vero,magni
minus,7539,eius,dicta,corrupti,repellendus
numquam,8725,officiis,quaerat,fuga,unde
porro,9679,modi,dicta,consequuntur,deleniti
culpa,3341,veritatis,perspiciatis,voluptas,perferendis
omnis,6458,voluptatum,mollitia,repellendus,hic
velit,6988,temporibus,unde,dolor,ad
excepturi,9253,debitis,sunt,enim,reprehenderit
repellat,7440,tempora,aliquid,odio,cupiditate
aperiam,6315,in,magni,magnam,reiciendis
optio,4269,culpa,commodi,quia,optio
quod,6110,necessitatibus,pariatur,a,numquam
illum,7273,provident,placeat,distinctio,sequi
voluptatem,3478,tempora,hic,aspernatur,deleniti
sint,3264,voluptatibus,dolores,veritatis,praesentium
amet,5108,aperiam,id,sed,et
ex,6567,ab,dolores,ullam,quis
temporibus,2077,odit,culpa,quaerat,blanditiis
doloribus,3185,molestias,excepturi,ad,aliquam
nemo,1914,labore,libero,ipsa,inventore
doloremque,5724,enim,optio,explicabo,porro
magnam,6494,officia,quibusdam,repellat,ullam
cupiditate,5749,minus,quasi,reiciendis,repellendus
quis,1440,adipisci,placeat,enim,consectetur
porro,9933,ratione,ab,aperiam,et
et,1847,fuga,et,voluptas,assumenda
aspernatur,1445,velit,placeat,blanditiis,esse
iste,1906,natus,adipisci,corrupti,iste
odio,1541,suscipit,quod,dignissimos,vel
at,4198,eius,neque,cupiditate,iusto
fugiat,2839,quae,cupiditate,dicta,magni
voluptate,6869,id,sequi,quasi,porro
rem,6474,velit,reprehenderit,atque,architecto
a,3058,aliquid,rem,commodi,libero
veniam,4241,quasi,harum,praesentium,repellendus
necessitatibus,5380,illum,vel,occaecati,ex
dolorem,6349,accusantium,tenetur,illo,odio
harum,6808,vitae,natus,voluptates,ab
temporibus,1938,unde,voluptate,minus,tempore
odit,4504,modi,quia,consequatur,dolore
in,1774,laudantium,atque,accusamus,culpa
culpa,3458,dolores,soluta,ullam,a
quibusdam,7131,iste,est,natus,veniam
quo,5265,nemo,excepturi,accusantium,quasi
earum,7499,unde,consectetur,alias,explicabo
reiciendis,1708,corporis,doloribus,alias,nam
debitis,2362,amet,sint,deleniti,molestias
dolores,4818,ipsam,facere,vitae,omnis
tempora,4436,cupiditate,nemo,eius,nisi
blanditiis,9173,qui,temporibus,vero,fugit
facilis,4413,voluptatibus,fuga,voluptatibus,aperiam
enim,9530,voluptatum,cumque,tenetur,pariatur
perspiciatis,6590,vel,libero,quia,error
ad,7467,ut,vitae,illo,voluptatem
blanditiis,3512,vero,quas,perspiciatis,nobis
nisi,2517,at,animi,fugiat,blanditiis
consectetur,4455,modi,quaerat,nihil,vitae
culpa,7379,at,numquam,illo,ab
neque,5594,officia,nobis,atque,reiciendis
dolorem,9190,quas,nostrum,perferendis,laudantium
deserunt,6898,vitae,delectus,veniam,temporibus
praesentium,1349,asperiores,ipsam,similique,iure
cum,9602,atque,ipsa,illo,nesciunt
voluptatem,5768,praesentium,repellat,itaque,ad
modi,4485,sed,similique,fugit,qui
unde,8594,earum,omnis,dolores,magni
accusantium,4889,beatae,quidem,facilis,at
velit,4974,porro,aliquam,facilis,corrupti
consectetur,9803,corporis,pariatur,corporis,eius
ducimus,7105,quaerat,nostrum,laudantium,voluptatum
dolores,1137,veniam,dolorem,cum,numquam
incidunt,9201,est,saepe,dolorem,corrupti
quis,7202,incidunt,nulla,reiciendis,quas
tempora,5528,culpa,deserunt,fuga,molestias
eos,8052,excepturi,enim,pariatur,earum
iste,1489,impedit,incidunt,harum,ullam
accusantium,9163,sequi,ipsum,eveniet,laboriosam
autem,5859,amet,quod,iusto,dolorum
dicta,7541,eligendi,ipsam,reiciendis,libero
maiores,2944,error,quisquam,hic,praesentium
quaerat,5220,beatae,harum,quibusdam,cumque
officiis,3028,porro,recusandae,ab,architecto
deleniti,2475,distinctio,doloribus,quaerat,praesentium
mollitia,8913,eos,itaque,doloremque,nobis
distinctio,6672,nam,dolorum,quasi,sunt
praesentium,2136,saepe,excepturi,eos,eveniet
ipsa,9933,eos,error,voluptate,aliquam
optio,2882,in,soluta,deserunt,non
provident,6572,maxime,maiores,temporibus,delectus
perspiciatis,9527,atque,id,beatae,nostrum
rem,5163,quidem,iure,sapiente,labore
reprehenderit,9586,nam,odit,ipsum,dolorum
vero,2112,animi,ad,rem,blanditiis
eveniet,2842,cumque,deserunt,occaecati,provident
dolores,5090,deleniti,vel,aut,suscipit
minus,8686,iste,optio,vel,aut
repudiandae,5507,nemo,recusandae,dolor,maxime
ut,9377,sapiente,sapiente,rem,inventore
non,7654,veniam,aperiam,voluptatem,consectetur
numquam,1106,non,enim,pariatur,beatae
explicabo,7623,voluptas,nobis,id,suscipit
totam,5856,veritatis,voluptatibus,distinctio,veritatis
enim,3976,perferendis,quam,temporibus,autem
voluptate,2432,magni,eligendi,impedit,ipsam
quaerat,9399,aliquid,cupiditate,repellat,distinctio
tempora,9442,totam,eligendi,amet,blanditiis
veniam,2289,vel,dolore,iste,praesentium
natus,9053,ducimus,exercitationem,quo,aliquid
tempora,7672,quaerat,laudantium,hic,odit
error,2855,expedita,repellendus,corrupti,modi
magni,9946,fuga,repellendus,occaecati,quia
autem,2978,ducimus,provident,corrupti,minima
quasi,2458,nemo,consectetur,eum,doloremque
sequi,3024,maiores,odit,eveniet,animi
recusandae,9424,incidunt,doloribus,magni,deserunt
laudantium,4157,nemo,molestiae,a,perspiciatis
dolores,2711,illo,tempore,recusandae,nam
cum,5116,suscipit,alias,magni,tenetur
maiores,8764,dolor,cupiditate,magni,dolorum
ad,5032,minima,placeat,amet,cumque
soluta,2790,impedit,sint,sit,exercitationem
iste,1692,repellat,minima,cumque,molestiae
maxime,5963,rem,mollitia,ab,ipsa
magnam,1191,unde,qui,blanditiis,esse
iste,3061,dolor,aperiam,aliquid,et
distinctio,3751,odio,maiores,asperiores,ea
doloribus,5052,delectus,atque,rerum,asperiores
mollitia,9113,temporibus,sequi,eligendi,magni
amet,1148,voluptate,qui,error,suscipit
recusandae,6109,expedita,necessitatibus,odio,iure
suscipit,6606,praesentium,provident,occaecati,laudantium
nisi,7969,inventore,magnam,tenetur,voluptates
porro,3053,dolorem,porro,cum,quae
quae,8417,doloribus,quisquam,impedit,est
sunt,6554,tenetur,harum,ullam,voluptas
exercitationem,5499,molestiae,cum,atque,pariatur
nisi,6676,eligendi,itaque,maxime,dolore
fuga,1628,voluptas,possimus,suscipit,aliquid
officia,9363,harum,at,odio,a
animi,2810,saepe,et,odit,earum
libero,3855,expedita,beatae,perferendis,officia
repellat,5938,possimus,ut,sit,consectetur
maxime,8183,magni,pariatur,ea,quos
molestias,2852,quod,dicta,eaque,sed
magnam,8860,itaque,aut,facilis,porro
nesciunt,5002,eligendi,accusantium,voluptatem,et
et,8868,officia,distinctio,vel,saepe
beatae,3220,sed,impedit,maiores,deserunt
iure,9484,autem,error,quod,at
ipsa,1840,similique,velit,vitae,ullam
saepe,3452,iusto,incidunt,fugiat,earum
esse,7695,ipsam,sit,nemo,accusantium
consequuntur,6806,modi,aliquid,unde,aut
officiis,1969,rem,perspiciatis,ad,quas
adipisci,2595,rem,provident,incidunt,sit
amet,5833,in,excepturi,repudiandae,suscipit
dolorum,8336,pariatur,rem,aspernatur,rerum
quidem,6131,nobis,inventore,accusantium,quibusdam
perspiciatis,2480,cum,labore,dolorem,doloremque
nam,6815,deserunt,voluptates,doloremque,iure
ratione,2142,quisquam,modi,recusandae,quaerat
maiores,1898,maxime,recusandae,et,recusandae
ipsum,5242,repudiandae,laboriosam,aspernatur,rem
id,9496,nostrum,rerum,corporis,aspernatur
officiis,2367,deleniti,a,eos,ab
corrupti,9656,deserunt,fugiat,at,ad
qui,7954,similique,laborum,dolores,maiores
nisi,5915,veniam,accusantium,quos,veritatis
aliquid,6451,eveniet,eius,consequuntur,velit
doloribus,8347,odit,facere,alias,cupiditate
doloribus,4971,voluptate,explicabo,quos,odio
sed,3724,quia,architecto,voluptatem,maiores
voluptatum,4167,modi,ratione,voluptates,quos
pariatur,9711,ipsum,illo,possimus,doloremque
cumque,7296,aut,assumenda,omnis,ipsum
laudantium,6623,illum,accusamus,amet,sed
cum,4126,nihil,reiciendis,voluptas,nobis
odit,5662,qui,delectus,soluta,earum
ea,9895,error,aliquid,dignissimos,eos
saepe,9602,aperiam,magni,eius,excepturi
dolores,5688,in,consequuntur,aliquid,saepe
tempora,8031,reprehenderit,libero,aspernatur,velit
voluptas,9646,rerum,repudiandae,odio,praesentium
aliquam,8261,iure,architecto,magnam,ea
exercitationem,2288,quidem,suscipit,molestias,at
consequatur,6105,nobis,cum,fugiat,aut
optio,4212,sit,aliquam,blanditiis,et
nam,8474,ratione,facilis,distinctio,sed
tempore,5729,esse,quae,consequatur,quas
tempora,7856,dolore,quo,accusantium,temporibus
dolorem,6528,consequatur,molestiae,eligendi,sunt
dignissimos,9834,qui,saepe,dolore,cumque
nesciunt,6874,sint,fuga,placeat,blanditiis
excepturi,3136,omnis,laborum,quia,pariatur
eaque,9172,aliquam,voluptatibus,cum,explicabo
ab,5002,qui,dolores,similique,incidunt
quasi,6905,dolorum,molestias,beatae,explicabo
sequi,8988,debitis,corrupti,recusandae,ratione
asperiores,7913,quidem,necessitatibus,fugiat,debitis
neque,4843,fuga,molestias,tempora,ab
a,1915,magni,voluptatum,ipsa,voluptates
repudiandae,3089,sint,nihil,voluptatem,dignissimos
voluptas,7925,a,maiores,hic,nulla
molestias,1654,consequatur,explicabo,quisquam,accusantium
veniam,4135,nemo,cum,dolores,labore
voluptatibus,9256,incidunt,quibusdam,soluta,incidunt
earum,6138,laudantium,nihil,temporibus,ad
repellat,9871,repellendus,dicta,rem,dolorum
nulla,3978,libero,explicabo,fuga,iure
fugit,3109,voluptatibus,facilis,omnis,error
aspernatur,4437,ea,excepturi,voluptatem,nulla
autem,6443,quaerat,libero,expedita,autem
temporibus,6786,adipisci,dolor,eum,quos
occaecati,5053,quaerat,vero,aliquam,quibusdam
illo,8558,recusandae,temporibus,blanditiis,repudiandae
iusto,2333,labore,recusandae,doloribus,cum
officia,2395,reiciendis,eaque,eius,eos
corporis,6264,quis,expedita,blanditiis,non
animi,3196,numquam,sed,ea,nesciunt
mollitia,7112,quaerat,rerum,dolorem,repellendus
veritatis,6432,earum,officiis,eligendi,dolores
id,6056,eaque,expedita,dolores,amet
ea,7070,natus,libero,dolores,quidem
adipisci,8529,beatae,blanditiis,consectetur,quam
veritatis,3542,nesciunt,suscipit,consectetur,harum
possimus,4175,amet,architecto,minus,asperiores
corrupti,1776,aliquid,ad,doloribus,magni
facere,8853,animi,eum,laboriosam,at
ratione,2684,quia,voluptatem,eius,adipisci
a,3581,eum,molestiae,ea,qui
et,4452,eveniet,possimus,delectus,illo
suscipit,3907,placeat,eius,animi,saepe
quaerat,2339,porro,culpa,magnam,vel
architecto,7397,dolorem,pariatur,quo,sint
minima,1545,aperiam,ex,est,voluptates
debitis,8759,et,explicabo,odit,iste
porro,2415,tempore,dolore,explicabo,nostrum
accusantium,2599,blanditiis,ad,nostrum,aliquid
repellat,1575,perferendis,voluptatibus,facere,laudantium
officia,3088,officia,accusantium,itaque,aut
nesciunt,1211,nostrum,ab,repellendus,laboriosam
quod,4519,animi,labore,recusandae,sequi
quos,3491,blanditiis,hic,odio,at
eum,7747,corrupti,doloremque,deserunt,non
blanditiis,2722,a,tenetur,accusamus,similique
alias,9348,amet,atque,sapiente,culpa
assumenda,3078,odio,quibusdam,voluptates,inventore
architecto,2077,quibusdam,recusandae,molestiae,sed
repellendus,8471,impedit,dignissimos,minus,numquam
voluptates,5036,aspernatur,distinctio,excepturi,enim
ipsum,6838,sunt,expedita,ad,dolorum
dolorem,7399,ab,laudantium,aliquam,nihil
harum,9915,mollitia,deserunt,odit,consectetur
ipsam,3268,aliquid,voluptatem,dolor,eveniet
vitae,8015,aperiam,voluptas,et,placeat
corporis,1709,corporis,aspernatur,enim,commodi
aliquam,6292,fugit,illum,sint,laboriosam
eius,3609,alias,reprehenderit,vero,ab
accusamus,5542,quia,quia,consequuntur,voluptates
adipisci,5350,et,ipsa,commodi,exercitationem
pariatur,1617,hic,similique,temporibus,veritatis
delectus,2836,illo,temporibus,aperiam,aut
sequi,9254,labore,incidunt,dolor,reprehenderit
ea,2343,voluptate,tempore,voluptatum,at
tempore,7292,assumenda,soluta,voluptate,qui
nemo,1614,praesentium,occaecati,beatae,iusto
labore,6820,repudiandae,repellat,et,sint
error,5042,beatae,voluptatibus,voluptatem,accusantium
iure,2393,vero,ullam,consectetur,possimus
similique,3637,commodi,porro,omnis,iste
nulla,3506,adipisci,quia,laudantium,porro
optio,5292,voluptates,eaque,quas,eligendi
quia,9928,a,veniam,beatae,ab
quod,2703,qui,magni,necessitatibus,veniam
fuga,9047,delectus,quis,laboriosam,perspiciatis
in,4653,eligendi,rem,magnam,consequuntur
odit,4915,fuga,molestias,beatae,id
quam,4033,eum,porro,ullam,incidunt
rerum,5878,tempora,quaerat,nisi,soluta
occaecati,6322,distinctio,ad,facilis,consequuntur
tempore,8945,molestiae,sapiente,nihil,vero
aperiam,4005,omnis,perspiciatis,voluptatem,fugiat
itaque,2920,accusamus,non,doloribus,harum
suscipit,3799,ea,dolores,atque,eligendi
vel,1129,hic,nam,tenetur,mollitia
repudiandae,2119,iure,voluptatem,nemo,facilis
aliquid,3160,cum,consequuntur,soluta,optio
saepe,5075,officiis,autem,totam,magni
atque,4268,deserunt,ducimus,ut,tempore
aspernatur,6494,hic,aliquid,deserunt,nulla
est,2201,repellat,quo,molestiae,fugiat
a,1299,aliquam,nam,rerum,modi
aliquid,9975,error,corrupti,doloremque,voluptate
error,2669,fugiat,odit,dolorem,exercitationem
nisi,2373,aperiam,quisquam,vel,sit
illum,3064,ut,itaque,eligendi,adipisci
exercitationem,1026,molestiae,architecto,velit,dicta
dolor,6237,recusandae,laborum,dolores,eum
occaecati,2848,suscipit,quasi,qui,nisi
quidem,1778,ullam,praesentium,sed,explicabo
dicta,1950,laudantium,atque,nemo,sequi
laboriosam,1381,magnam,modi,quam,ipsa
alias,9406,possimus,placeat,mollitia,vero
incidunt,7188,error,quas,nobis,laboriosam
maxime,7012,quidem,maiores,aspernatur,soluta
natus,7882,expedita,deleniti,excepturi,quos
et,1836,vitae,quisquam,corrupti,facilis
quam,8557,libero,quam,repellat,quaerat
dolore,2053,optio,voluptas,quas,maiores
cumque,4000,velit,maxime,aliquam,voluptas
id,4856,et,laboriosam,reprehenderit,eos
nesciunt,3438,at,quibusdam,eos,repellendus
nam,6349,pariatur,eveniet,vitae,veritatis
quaerat,8347,in,voluptatem,consequatur,reiciendis
in,7540,maiores,deserunt,aut,qui
eaque,3235,occaecati,nihil,nihil,officiis
sapiente,1861,impedit,eveniet,cum,deleniti
sunt,5806,unde,consectetur,molestias,dolore
soluta,2202,deleniti,dolore,iusto,est
fugiat,9027,repellat,unde,fuga,incidunt
repellat,4065,delectus,quaerat,earum,eaque
mollitia,3164,maxime,non,nam,optio
voluptatum,4484,perspiciatis,quod,corporis,enim
harum,9536,culpa,eum,occaecati,odio
magni,2303,accusamus,at,ipsa,deserunt
tenetur,8100,odio,consequatur,consequatur,adipisci
at,7528,est,similique,quis,et
error,5926,nostrum,corrupti,reprehenderit,optio
deserunt,1803,perferendis,alias,reprehenderit,minus
ab,9955,dignissimos,dicta,dicta,harum
numquam,7799,ratione,commodi,incidunt,quasi
id,2204,debitis,numquam,nemo,natus
mollitia,8324,aliquid,voluptates,minima,voluptas
consequuntur,1931,ea,error,deleniti,adipisci
velit,4775,a,quis,alias,repudiandae
magnam,9505,corrupti,culpa,recusandae,cum
libero,6427,doloremque,natus,dicta,vero
explicabo,2218,fuga,molestiae,eum,earum
temporibus,2202,minus,soluta,maiores,est
accusamus,1795,ipsa,corporis,a,fugit
numquam,6296,sunt,ipsa,illum,facere
exercitationem,1092,non,quis,vel,molestias
debitis,4898,fugiat,quae,sunt,perspiciatis
provident,4712,qui,architecto,quos,quibusdam
occaecati,6551,modi,aut,magnam,assumenda
numquam,2802,voluptate,facere,porro,blanditiis
ratione,1573,eveniet,porro,nesciunt,dignissimos
dolorem,1949,unde,totam,libero,corporis
incidunt,3554,explicabo,asperiores,facilis,distinctio
cum,7486,esse,ad,dicta,ex
adipisci,2578,sequi,quos,hic,assumenda
consequuntur,6656,consequatur,ex,minus,nisi
aliquam,8082,temporibus,eligendi,aut,blanditiis
odio,9763,quis,suscipit,veritatis,saepe
rerum,3233,nobis,dignissimos,reiciendis,necessitatibus
at,2620,temporibus,recusandae,debitis,cum
id,3583,facilis,mollitia,quis,quod
distinctio,1150,officia,ipsa,beatae,debitis
explicabo,4515,veritatis,doloremque,laudantium,distinctio
soluta,8128,aspernatur,veritatis,impedit,officia
numquam,2386,autem,mollitia,magnam,rerum
vel,5049,odio,perspiciatis,amet,explicabo
atque,5694,tenetur,soluta,ad,ullam
nesciunt,3756,itaque,exercitationem,aliquid,possimus
deleniti,5737,iste,expedita,cum,eum
repellat,2869,vitae,fugiat,impedit,quasi
quam,1788,necessitatibus,quasi,voluptate,saepe
recusandae,8899,culpa,rerum,itaque,esse
voluptatem,6930,consectetur,sapiente,sint,dignissimos
quas,5611,necessitatibus,necessitatibus,hic,architecto
natus,6267,deserunt,nemo,ut,consequuntur
aspernatur,2674,quos,labore,minima,cupiditate
dolores,7357,corrupti,dolore,eos,libero
hic,8076,ad,voluptatibus,culpa,eveniet
hic,2708,dignissimos,saepe,amet,ipsa
repellat,1241,magnam,repudiandae,incidunt,quaerat
eveniet,4718,accusamus,necessitatibus,quos,ipsum
ipsum,1096,sunt,vitae,fugiat,itaque
accusamus,6282,maiores,soluta,provident,commodi
ipsum,8948,molestias,impedit,reiciendis,veniam
alias,7253,illo,minima,necessitatibus,laborum
nisi,3465,nulla,delectus,dicta,enim
provident,1022,eaque,asperiores,aliquid,quidem
itaque,8553,repudiandae,vero,eveniet,dolores
dolorum,7411,doloribus,facilis,magni,eos
rerum,2102,ipsam,repellat,aspernatur,illum
nobis,6916,veritatis,et,debitis,earum
sunt,3780,iste,reprehenderit,nam,facilis
dolorum,9971,soluta,eligendi,consequuntur,deserunt
illum,3719,earum,at,doloribus,quisquam
laudantium,2015,minima,necessitatibus,odit,quae
omnis,8240,veritatis,magnam,velit,vero
dolorum,9175,consequatur,voluptas,culpa,consectetur
ex,4512,maiores,amet,culpa,repellat
veritatis,5210,earum,necessitatibus,praesentium,consequuntur
sed,6226,quas,fuga,quaerat,libero
deserunt,6398,ipsam,nobis,ullam,molestias
cum,4162,aliquid,fugiat,suscipit,ab
aliquam,1936,quasi,incidunt,hic,expedita
natus,6717,blanditiis,cupiditate,consectetur,harum
itaque,2143,illo,consequuntur,odit,nam
quia,1546,animi,quis,minima,dolore
vel,7476,consequuntur,id,reprehenderit,suscipit
voluptatum,4266,expedita,tempora,aliquam,doloribus
mollitia,5393,a,culpa,recusandae,quae
reprehenderit,3014,vel,ducimus,iusto,cum
consectetur,2490,cum,repudiandae,adipisci,aspernatur
quod,1449,deleniti,error,ad,rerum
modi,3014,fugiat,beatae,non,ipsa
quos,2574,minima,beatae,consectetur,ad
laborum,9317,nemo,quo,in,error
rem,7418,eveniet,pariatur,nam,odit
doloremque,6826,sequi,at,qui,itaque
deserunt,2670,nihil,aperiam,eveniet,expedita
quibusdam,6580,facilis,voluptatem,veniam,temporibus
dolorem,8998,labore,veritatis,blanditiis,tenetur
eum,2254,nihil,cum,esse,veritatis
esse,3919,amet,beatae,numquam,ut
ullam,8558,repellendus,quas,aspernatur,dolores
vitae,9827,dolorum,asperiores,illum,minima
error,3922,unde,vero,dolore,voluptatem
alias,1600,eligendi,ipsum,quia,distinctio
perspiciatis,1924,sapiente,mollitia,fugiat,asperiores
doloremque,5281,architecto,ex,dicta,recusandae
iusto,5142,rerum,minima,ullam,quasi
quasi,1834,iusto,occaecati,natus,mollitia
atque,5969,illum,sunt,eaque,voluptates
ratione,9368,ab,unde,atque,vel
vitae,4628,beatae,magni,architecto,excepturi
aperiam,5461,quia,ad,labore,tempore
minus,3400,quaerat,doloribus,omnis,sapiente
provident,2557,architecto,omnis,ab,aliquam
culpa,6285,assumenda,illum,maxime,non
temporibus,5020,sint,adipisci,assumenda,quos
pariatur,8605,quis,eius,unde,placeat
impedit,7440,eos,quisquam,earum,perspiciatis
fugit,6702,eaque,velit,sed,aperiam
exercitationem,8904,numquam,similique,quidem,explicabo
iusto,6430,earum,minima,pariatur,labore
quidem,1271,velit,accusantium,quas,libero
assumenda,2979,occaecati,aliquam,saepe,voluptates
suscipit,2797,qui,quas,aspernatur,quae
asperiores,8908,velit,dolor,nihil,suscipit
