loan_id,gst_paid,tds_ded,stamp_duty,psl_eligible
61018,architecto,porro,at,ipsam
44347,recusandae,fugit,necessitatibus,reprehenderit
76389,tenetur,nihil,quis,repudiandae
43688,tenetur,eveniet,nihil,dignissimos
93563,exercitationem,illum,sint,ipsam
63675,sunt,consequatur,minus,sint
25194,ad,sunt,eius,earum
97108,placeat,officiis,placeat,mollitia
53888,deserunt,quibusdam,impedit,sapiente
86904,dolores,necessitatibus,aliquam,accusantium
24455,occaecati,ex,optio,occaecati
38177,quis,reiciendis,reprehenderit,laudantium
29251,facere,assumenda,ut,eos
63170,eum,minus,doloribus,officiis
62306,provident,quasi,illo,temporibus
70316,ea,amet,dicta,voluptatem
36525,sint,iusto,recusandae,ipsam
36092,nam,vitae,est,dolorem
94614,nesciunt,possimus,maiores,quidem
71214,sint,numquam,magni,quisquam
16739,incidunt,reprehenderit,facere,ratione
93772,dolores,laboriosam,iusto,tempore
17077,eaque,commodi,atque,exercitationem
35317,soluta,optio,sed,accusantium
83365,mollitia,itaque,nesciunt,natus
71852,accusamus,quos,pariatur,soluta
58296,labore,consequatur,nisi,aspernatur
46364,incidunt,ratione,quos,occaecati
10080,in,eligendi,quam,quaerat
44117,ipsam,ex,odio,omnis
93192,voluptatum,atque,sapiente,modi
92934,quaerat,quo,quidem,aspernatur
58283,dolores,voluptas,recusandae,officiis
56859,impedit,aperiam,voluptate,quas
27988,vero,ad,officia,non
67825,consequuntur,dolore,optio,hic
35650,dicta,soluta,velit,quis
18780,alias,consequuntur,expedita,deleniti
81213,voluptatibus,enim,hic,amet
46705,itaque,molestiae,asperiores,quia
93813,nisi,eligendi,quaerat,aliquid
24750,illo,veniam,fugiat,mollitia
91409,dolore,ea,inventore,laborum
97047,ratione,nihil,eum,maxime
23927,asperiores,ratione,voluptate,fugit
62173,sed,facilis,est,nobis
74044,nulla,quis,distinctio,eius
97586,voluptatem,assumenda,beatae,voluptatibus
74279,tenetur,inventore,tenetur,at
75293,nihil,animi,occaecati,dolorem
71105,nam,numquam,voluptas,officiis
13013,commodi,excepturi,asperiores,accusamus
74107,dicta,sed,expedita,ipsa
10263,commodi,facilis,molestiae,reprehenderit
86676,laudantium,omnis,corporis,est
80644,est,at,animi,quisquam
95815,porro,ipsa,officiis,corporis
30238,nemo,libero,reprehenderit,nobis
57752,est,culpa,veniam,accusamus
67091,ut,iure,cum,aperiam
92451,debitis,numquam,earum,iste
25839,totam,dolor,recusandae,numquam
62402,voluptas,recusandae,perspiciatis,sit
68162,quod,totam,officiis,quo
58172,animi,saepe,quam,eius
53824,maiores,neque,saepe,dolorem
19022,inventore,ipsam,ratione,ducimus
78565,tempora,natus,perspiciatis,aspernatur
56300,repudiandae,eos,optio,porro
45991,minima,temporibus,quae,reiciendis
40947,repellat,dignissimos,et,maiores
61606,architecto,autem,eaque,esse
58488,ipsa,asperiores,voluptatibus,molestiae
16488,laudantium,unde,dolorum,facere
42941,dignissimos,eum,molestiae,dolorum
25852,numquam,occaecati,neque,dignissimos
99313,voluptatem,totam,aut,totam
47751,maiores,eligendi,optio,laudantium
86889,deserunt,quos,vel,blanditiis
98319,commodi,aut,exercitationem,rem
86604,quo,itaque,eum,ipsa
87228,laboriosam,nostrum,fuga,dicta
42107,eum,vero,dolorem,iusto
78558,eveniet,libero,repellat,dignissimos
55790,molestiae,eaque,magni,provident
49574,sunt,corrupti,numquam,minima
86134,cumque,magni,quasi,minima
38875,rem,debitis,magnam,voluptatum
40918,dolor,consectetur,culpa,culpa
49278,blanditiis,impedit,odit,soluta
47493,dignissimos,numquam,reiciendis,distinctio
14749,ab,illo,aperiam,magni
99807,itaque,dolorum,tempore,laboriosam
14250,harum,enim,odio,vel
69452,dolor,perspiciatis,totam,est
50656,repellat,ipsam,itaque,dicta
47896,deserunt,ut,quam,error
76796,beatae,nobis,accusamus,pariatur
21551,eaque,natus,accusantium,voluptate
71094,fugit,facere,autem,earum
57291,eius,fugit,reiciendis,maxime
57221,sint,maxime,sunt,labore
90471,incidunt,dolorem,porro,quasi
22558,beatae,quae,ipsum,id
11133,at,minus,laboriosam,ab
89865,atque,perferendis,necessitatibus,odio
79097,enim,praesentium,ipsa,dicta
40830,molestiae,tenetur,libero,quod
14409,repellat,sequi,nisi,porro
90050,quia,aspernatur,labore,beatae
74980,ex,natus,omnis,eos
14810,vitae,blanditiis,incidunt,ullam
43202,aliquid,possimus,similique,ipsum
69378,doloremque,voluptatum,eos,quam
93996,quas,ipsam,in,numquam
96128,voluptate,aspernatur,accusantium,quia
17774,eligendi,rerum,sed,atque
30224,rem,illum,id,exercitationem
89092,iusto,reprehenderit,culpa,quisquam
20188,molestias,et,libero,quas
73471,itaque,delectus,ipsum,odio
33896,minus,porro,laborum,asperiores
30423,eligendi,nihil,aperiam,nam
55508,iste,voluptates,deleniti,ipsum
65630,mollitia,error,deserunt,qui
45003,porro,repellat,nemo,mollitia
24197,velit,eius,minus,explicabo
16700,labore,maiores,repellendus,vel
42831,quidem,quas,provident,cupiditate
97218,cumque,totam,nemo,mollitia
73182,placeat,reprehenderit,ab,maxime
45401,inventore,perspiciatis,id,nihil
57270,at,fuga,nihil,necessitatibus
27675,cupiditate,corrupti,sunt,mollitia
29307,possimus,magni,veritatis,dignissimos
19778,molestias,quasi,odit,quaerat
43814,voluptatibus,atque,ratione,a
32902,blanditiis,consectetur,rem,velit
15213,rem,eligendi,neque,expedita
86569,quisquam,reprehenderit,molestias,illum
94025,mollitia,error,rerum,illum
32004,repellat,similique,expedita,officia
98872,saepe,non,fugiat,nesciunt
30524,consectetur,velit,beatae,cum
55050,hic,impedit,ab,vitae
33287,expedita,excepturi,atque,ea
21163,temporibus,placeat,ea,iusto
73359,deserunt,debitis,nihil,dolorem
50863,hic,autem,ut,sit
75373,iure,id,deleniti,eius
15266,ipsam,quidem,nesciunt,impedit
49502,consequuntur,autem,ad,repellat
89870,repudiandae,expedita,ex,illum
24552,rerum,tempora,quaerat,quam
79468,ipsum,deleniti,aut,optio
32556,voluptate,architecto,neque,cumque
32651,dignissimos,hic,nihil,adipisci
29510,soluta,dolores,aperiam,tempore
89408,repellat,labore,quam,sequi
68007,deserunt,consectetur,natus,iure
41410,non,quis,a,odit
21179,nobis,officiis,qui,molestias
98124,impedit,assumenda,ipsa,ut
57255,adipisci,harum,illo,aut
54694,soluta,non,architecto,cum
74645,nam,doloribus,culpa,nisi
75979,rem,eveniet,delectus,totam
83025,voluptatum,enim,minus,nihil
62409,id,est,delectus,expedita
58799,enim,ad,repellat,molestiae
79620,ipsum,fuga,consequatur,deleniti
51841,reiciendis,odio,harum,quia
71638,ea,mollitia,porro,earum
12224,quaerat,asperiores,laboriosam,amet
36863,dolores,consequuntur,dolor,maxime
94003,quis,id,magni,facilis
18885,minima,distinctio,aliquid,magnam
74160,ab,magnam,dolores,eius
35273,explicabo,neque,tenetur,deserunt
44841,ex,rerum,repellat,laboriosam
63133,id,ab,eos,a
94860,pariatur,placeat,in,voluptate
87155,corrupti,repellendus,nam,quo
82750,aut,perferendis,commodi,vero
28862,quidem,omnis,sunt,provident
91299,cupiditate,quas,molestiae,laudantium
94237,odio,asperiores,pariatur,fugiat
81574,reiciendis,laboriosam,sit,corporis
10857,accusamus,similique,molestiae,placeat
81014,molestias,nihil,cumque,quibusdam
62178,esse,fugit,iste,quod
50940,repellat,nostrum,possimus,explicabo
96123,hic,perferendis,repellat,accusantium
55828,mollitia,deleniti,eos,fugit
97138,voluptatum,mollitia,illo,consectetur
24189,error,tempore,ab,et
28968,veniam,in,debitis,eveniet
76129,distinctio,quibusdam,rem,neque
99312,laboriosam,distinctio,harum,possimus
84159,quisquam,nobis,aperiam,dolorum
64303,expedita,error,repudiandae,nostrum
34976,accusamus,provident,praesentium,recusandae
89742,voluptatibus,facilis,enim,blanditiis
84658,quia,nemo,iusto,molestiae
23506,molestias,itaque,molestiae,explicabo
63181,vitae,atque,odio,nobis
83514,rem,dolorum,quod,error
29392,magnam,reprehenderit,cupiditate,rem
88009,architecto,iste,odio,architecto
79640,repellat,impedit,quis,tenetur
74800,nesciunt,sint,est,fugiat
50505,quia,eveniet,ut,molestias
37987,earum,quos,aut,dolores
49829,consequatur,animi,cumque,illo
24474,quod,cum,ipsum,officia
23944,quibusdam,vel,placeat,officia
30028,cupiditate,voluptatem,molestiae,est
87735,ullam,asperiores,reprehenderit,eum
26766,recusandae,impedit,perspiciatis,nisi
16963,laborum,mollitia,nam,cumque
13098,culpa,error,ad,ipsa
93190,mollitia,atque,nihil,vero
10522,eveniet,rem,debitis,quia
39565,animi,alias,perspiciatis,provident
28328,expedita,illo,natus,ullam
67511,molestias,nobis,at,aut
32368,dolorem,dolore,excepturi,quos
50418,asperiores,modi,fugiat,sit
40065,necessitatibus,nobis,soluta,voluptatibus
92922,minus,corrupti,sapiente,temporibus
59768,eos,hic,assumenda,eligendi
31728,ullam,occaecati,commodi,illum
96474,incidunt,saepe,fuga,voluptas
68474,a,totam,inventore,dolorem
22528,nobis,distinctio,quam,assumenda
26417,dicta,eaque,eligendi,labore
42747,praesentium,delectus,magnam,optio
96026,cum,nemo,ipsum,maiores
99025,commodi,unde,quam,cum
86375,quidem,quo,vitae,minima
66369,delectus,ab,exercitationem,nulla
54639,odit,eligendi,unde,explicabo
39061,dicta,recusandae,doloremque,eius
52973,cum,temporibus,exercitationem,magnam
14624,minus,molestiae,autem,suscipit
12746,ipsa,eos,tempore,sunt
84085,provident,esse,consequuntur,dolores
98326,quisquam,distinctio,consequatur,aperiam
51182,dolorum,ipsam,necessitatibus,facere
86125,optio,a,magni,veniam
59790,error,tenetur,hic,ducimus
95924,quos,illo,deleniti,magni
47590,commodi,consequatur,doloremque,provident
48956,ab,molestias,atque,molestias
61002,harum,magni,repellendus,repellendus
47913,enim,sunt,nihil,itaque
82421,dicta,doloremque,iusto,corrupti
38589,iste,officiis,ipsam,sequi
63438,quos,laboriosam,reiciendis,porro
71379,necessitatibus,ipsam,est,quod
66482,magnam,eligendi,ipsum,fugiat
94374,explicabo,voluptates,perspiciatis,accusamus
16111,officia,eum,quam,quam
75236,earum,explicabo,voluptatem,quisquam
97867,delectus,in,nostrum,deserunt
64576,occaecati,non,doloremque,laboriosam
84269,vel,excepturi,voluptatibus,eveniet
18010,magnam,pariatur,recusandae,dolores
12908,commodi,reprehenderit,nemo,adipisci
22748,est,itaque,sapiente,amet
80234,beatae,blanditiis,sint,a
88005,laborum,similique,in,error
12695,nulla,amet,magni,hic
80595,pariatur,quas,ab,odio
43943,porro,harum,id,culpa
94675,quaerat,est,fuga,tempore
73444,nostrum,sint,aliquam,in
52196,expedita,numquam,exercitationem,perferendis
59581,quo,explicabo,possimus,culpa
34519,ratione,placeat,necessitatibus,impedit
50058,temporibus,sint,rerum,minima
23331,vero,adipisci,explicabo,eum
48184,impedit,nulla,sequi,quasi
15933,dolores,mollitia,aliquid,delectus
76898,commodi,eveniet,architecto,vel
91597,aliquid,totam,ullam,blanditiis
53704,nostrum,repudiandae,rem,placeat
94342,laudantium,illum,quo,enim
98418,reprehenderit,enim,ea,cum
69083,assumenda,illo,quisquam,laboriosam
47546,voluptate,tempora,ut,placeat
63028,nobis,porro,consequatur,vel
67504,nisi,voluptate,voluptatibus,sunt
41965,reprehenderit,sunt,asperiores,hic
53635,eveniet,aperiam,cumque,fuga
38386,fugit,beatae,in,quod
69304,animi,recusandae,sint,quam
87234,beatae,aliquam,laboriosam,in
89509,totam,vitae,sequi,itaque
45947,adipisci,accusantium,molestias,magnam
90181,ipsa,vero,voluptatibus,quae
32756,minus,deleniti,laudantium,aut
83863,eligendi,placeat,tenetur,commodi
75489,consectetur,ratione,corrupti,ipsam
19494,voluptas,unde,labore,nisi
98958,atque,totam,molestias,inventore
76139,ratione,soluta,aut,alias
15493,ad,quo,aliquam,aliquid
61766,magnam,adipisci,illum,dignissimos
41577,fuga,facere,praesentium,accusantium
38021,aliquam,repellat,at,placeat
24958,nesciunt,accusantium,alias,beatae
22258,occaecati,corporis,excepturi,deserunt
49930,non,reprehenderit,facere,expedita
78083,adipisci,odit,asperiores,doloribus
98395,numquam,sunt,dolorem,atque
48964,molestias,soluta,animi,dolorum
38690,ducimus,suscipit,doloremque,esse
28222,repellat,id,porro,atque
23614,aut,minima,maxime,iusto
98054,porro,soluta,sint,placeat
55078,cum,aperiam,ullam,nam
40184,deserunt,ut,vel,voluptas
41360,rerum,nemo,expedita,illo
11535,asperiores,aperiam,qui,dolorum
23948,quod,consectetur,reprehenderit,dignissimos
23808,molestias,provident,repellendus,autem
82448,harum,nemo,ea,asperiores
12389,laudantium,in,aut,nisi
76025,placeat,veniam,a,labore
88628,dolorem,iusto,facere,distinctio
58914,minima,aperiam,eaque,nisi
30660,non,repudiandae,esse,quis
64423,odio,reprehenderit,excepturi,fuga
18209,dolores,nesciunt,dolorum,soluta
54953,aspernatur,sed,nemo,expedita
62089,necessitatibus,unde,distinctio,eligendi
92535,veritatis,inventore,nostrum,nam
68767,quaerat,quos,enim,quibusdam
97716,earum,placeat,illo,voluptate
71652,veniam,quidem,doloribus,reiciendis
79756,excepturi,quia,assumenda,libero
37857,accusamus,at,quos,fugiat
52536,accusantium,quo,ut,ipsam
89056,voluptatibus,esse,exercitationem,accusantium
13317,quaerat,id,voluptates,eveniet
27114,temporibus,voluptatibus,nostrum,inventore
35538,soluta,reprehenderit,atque,veniam
77590,odit,repudiandae,ullam,a
29306,itaque,explicabo,dolor,tenetur
99237,magni,laudantium,saepe,porro
41078,quam,veniam,nesciunt,molestiae
76151,officiis,doloremque,neque,ducimus
43978,culpa,autem,delectus,optio
99355,esse,architecto,perferendis,distinctio
87500,et,numquam,consequatur,error
43624,placeat,recusandae,facere,voluptatem
32884,nesciunt,aperiam,ut,veniam
56893,ut,velit,molestias,quae
38465,aperiam,eius,repellendus,deleniti
44577,culpa,voluptas,modi,ipsum
62364,quod,cumque,provident,aperiam
31044,quibusdam,dolorem,consequatur,itaque
63845,ea,totam,eum,ad
65125,harum,ratione,iusto,magnam
91537,vitae,alias,officiis,excepturi
62489,sed,nostrum,sit,saepe
52454,amet,repellendus,blanditiis,repellendus
35969,possimus,quidem,nobis,magnam
40907,excepturi,fugiat,atque,at
67437,dolor,quisquam,ullam,sapiente
79563,voluptates,quibusdam,odit,porro
65848,nulla,exercitationem,mollitia,minima
33953,odit,odio,iusto,numquam
15028,nam,ut,tempora,tempora
34626,at,iure,voluptatem,libero
50595,doloremque,dolor,asperiores,tempora
30980,nulla,nostrum,inventore,corrupti
19887,tempore,dicta,veritatis,nulla
21167,quas,consequuntur,consequatur,odio
56851,earum,magni,recusandae,ipsam
88040,id,doloremque,doloribus,eligendi
15536,suscipit,omnis,occaecati,incidunt
64700,eum,sapiente,error,atque
32184,facilis,sint,dolorum,distinctio
36360,quibusdam,cum,molestiae,quisquam
11805,omnis,maiores,ratione,impedit
47987,sunt,omnis,debitis,molestiae
30765,odit,ipsum,dignissimos,ex
45834,nobis,tenetur,soluta,distinctio
59490,atque,iure,possimus,eius
19346,commodi,ab,nesciunt,natus
46819,quidem,eveniet,consequuntur,placeat
10304,consequuntur,sit,quasi,eveniet
86292,aliquam,dolores,ratione,laboriosam
72124,nihil,recusandae,impedit,fugiat
43272,harum,pariatur,ut,laborum
16611,ducimus,occaecati,explicabo,perferendis
97251,deserunt,dignissimos,quae,occaecati
79281,illum,itaque,deleniti,harum
53725,aut,quia,similique,accusantium
84097,temporibus,adipisci,fuga,hic
74571,doloribus,atque,dignissimos,ab
37453,commodi,delectus,at,repudiandae
13175,tempore,libero,vel,voluptatem
32533,in,repellat,ipsam,facere
65544,odit,hic,quibusdam,culpa
38824,reiciendis,pariatur,ratione,exercitationem
73598,rerum,perspiciatis,dolores,iusto
81106,natus,culpa,necessitatibus,deserunt
50757,voluptatibus,vitae,soluta,odit
95823,expedita,repellat,voluptatum,totam
86916,suscipit,veritatis,earum,eaque
76287,tenetur,deserunt,distinctio,quas
55806,possimus,libero,dignissimos,possimus
13190,aliquid,enim,ad,sequi
38708,distinctio,corrupti,quisquam,deleniti
31514,asperiores,minima,doloremque,sed
86587,fugit,eaque,iste,pariatur
51782,quisquam,qui,dignissimos,dolorem
41318,eligendi,quaerat,libero,officia
75251,eum,tempore,eligendi,facilis
31756,expedita,voluptas,saepe,delectus
55954,est,animi,ipsa,facere
38182,facilis,velit,ad,ea
31469,earum,quidem,minima,possimus
79156,minima,asperiores,velit,neque
14297,assumenda,assumenda,quam,consectetur
96387,pariatur,magni,nulla,inventore
63469,aliquid,provident,reiciendis,molestiae
70788,molestiae,nostrum,deleniti,placeat
85420,aliquam,velit,iure,deleniti
29924,repellat,aliquam,illum,porro
25473,inventore,nam,commodi,perspiciatis
98580,soluta,id,recusandae,aperiam
75552,iste,consectetur,voluptate,voluptate
49298,sint,cum,adipisci,nesciunt
80245,odit,voluptas,ducimus,perferendis
50539,porro,quidem,ducimus,laborum
95657,minus,ut,nesciunt,nisi
13903,distinctio,natus,similique,asperiores
37235,molestias,veniam,fugiat,quo
89359,nostrum,aliquam,eveniet,doloribus
32849,harum,reiciendis,dolore,cumque
39548,praesentium,nobis,ducimus,nobis
31957,ad,blanditiis,similique,voluptatibus
62401,animi,dolorem,deserunt,quo
16474,sequi,laudantium,dignissimos,unde
31154,ipsum,maiores,tempore,ratione
77851,voluptatem,nostrum,dolore,nulla
29741,laborum,aliquid,magni,nesciunt
43100,fugiat,consequuntur,assumenda,eum
81212,quod,officiis,esse,temporibus
49874,suscipit,commodi,odit,maxime
28755,placeat,veritatis,delectus,ab
41507,doloribus,libero,non,natus
68158,explicabo,suscipit,illum,molestias
61888,suscipit,quae,et,quod
41022,aliquam,mollitia,commodi,enim
38304,quas,pariatur,quam,fuga
28830,numquam,similique,dolor,quidem
10254,nihil,quaerat,quam,vel
19570,inventore,nihil,quam,quam
94802,molestiae,nobis,beatae,fugit
52940,consequuntur,repellat,eos,at
47469,asperiores,impedit,illo,voluptas
30053,esse,laboriosam,veritatis,alias
99237,odio,et,dolorem,recusandae
72544,odio,ipsam,voluptatibus,libero
52194,odio,maiores,molestias,perspiciatis
45136,sit,consequatur,explicabo,aliquam
14692,nesciunt,magnam,voluptate,laborum
36481,ullam,atque,distinctio,ullam
52657,perferendis,perspiciatis,in,illo
70913,voluptatem,architecto,dignissimos,ullam
27474,consequatur,nesciunt,ut,eos
93857,dolor,vero,perspiciatis,quidem
83252,veniam,saepe,aliquid,laudantium
51631,iusto,amet,fugiat,rem
62995,blanditiis,rem,ipsum,cum
69561,facere,eos,vel,voluptate
52632,molestias,sequi,facilis,iure
70517,provident,expedita,sed,id
11669,omnis,iure,quibusdam,est
25658,eaque,at,vero,aperiam
42761,rerum,nostrum,vitae,deserunt
28896,quibusdam,amet,repudiandae,incidunt
38657,veniam,non,rerum,modi
91618,debitis,illum,odit,exercitationem
52834,ab,hic,quo,magnam
58576,eum,recusandae,deserunt,quasi
45314,vitae,earum,fugiat,quod
27486,culpa,veniam,illum,accusamus
73305,voluptatem,beatae,aspernatur,quae
24586,dignissimos,at,beatae,sed
44015,ab,et,vel,facere
30902,sunt,saepe,voluptate,adipisci
19347,ad,adipisci,adipisci,cumque
11758,labore,ipsum,neque,sit
34701,eaque,repellendus,excepturi,deleniti
25810,nam,deleniti,eos,a
25079,est,mollitia,assumenda,doloribus
73651,quia,eos,eveniet,voluptatibus
95082,dolore,minus,ipsa,nostrum
64305,repellat,adipisci,corrupti,cupiditate
32463,cum,voluptatum,nesciunt,similique
87370,animi,aliquid,officia,impedit
77118,odio,harum,exercitationem,aliquid
50170,animi,corporis,repellat,illo
92992,libero,amet,vitae,rerum
66923,architecto,minus,nesciunt,architecto
50000,alias,iusto,corporis,sapiente
45830,error,rem,provident,excepturi
47114,nesciunt,porro,magnam,impedit
12585,ab,ullam,occaecati,beatae
50493,occaecati,corporis,vitae,dolor
42706,exercitationem,exercitationem,unde,veritatis
87598,maiores,velit,blanditiis,exercitationem
36241,aspernatur,incidunt,veniam,hic
71312,maiores,voluptatum,temporibus,voluptate
96117,esse,mollitia,tempore,nihil
25729,perferendis,placeat,libero,dolores
99733,accusamus,placeat,id,optio
26414,a,aspernatur,dolore,temporibus
49508,quidem,explicabo,porro,distinctio
86296,magnam,velit,saepe,reiciendis
83524,sed,sapiente,id,a
99487,dignissimos,facere,nulla,impedit
61683,debitis,ducimus,repellendus,esse
42010,rerum,cum,at,alias
50827,reprehenderit,impedit,qui,rem
81897,accusantium,sapiente,et,excepturi
54139,dolore,magnam,architecto,officia
21913,laudantium,neque,laborum,deleniti
85274,beatae,quos,doloremque,id
16338,modi,magnam,debitis,quas
14290,cumque,autem,accusamus,ullam
39044,earum,repellat,modi,magni
72729,incidunt,dolorum,illum,molestiae
40976,earum,nemo,voluptates,dolores
54432,ratione,fugit,quas,perspiciatis
29347,nesciunt,distinctio,eos,magnam
47056,veritatis,quos,adipisci,ipsum
75821,possimus,autem,facere,quis
78787,ad,soluta,necessitatibus,officiis
52399,illo,iusto,ipsum,consequatur
29003,neque,doloribus,architecto,aut
71354,corrupti,dolor,nisi,animi
51509,blanditiis,expedita,sint,earum
79865,repellendus,itaque,magnam,quia
32644,in,corrupti,nihil,quos
23994,quo,libero,amet,laborum
36638,tempora,ipsam,amet,quos
41988,dolorum,accusantium,quod,odio
50517,eum,nulla,fugiat,consequatur
82966,ea,repudiandae,aliquid,id
70565,debitis,eum,ea,quos
58322,omnis,error,repellendus,sequi
65149,impedit,voluptate,consectetur,iste
85701,debitis,vel,fugit,hic
63525,animi,consectetur,ratione,quia
29964,vel,deleniti,corporis,assumenda
24900,distinctio,neque,eius,dolor
60664,totam,sint,harum,odio
76661,culpa,doloremque,esse,est
34357,et,totam,unde,voluptatem
24312,porro,quia,quaerat,possimus
49864,ab,vero,optio,ut
79078,quo,architecto,nobis,amet
45128,corrupti,expedita,consequuntur,in
94052,pariatur,eveniet,voluptate,dolorum
12092,porro,asperiores,ratione,similique
33145,debitis,non,autem,omnis
56954,eligendi,at,quod,consectetur
61108,molestiae,minima,vero,id
18782,consequatur,rerum,molestiae,labore
78353,quos,saepe,unde,accusamus
89995,doloribus,officiis,sit,nobis
54008,vel,tenetur,ratione,quas
98020,consequatur,debitis,excepturi,debitis
56631,voluptate,ad,recusandae,expedita
39261,doloribus,iusto,illum,facilis
63468,neque,assumenda,quos,ducimus
89892,quaerat,asperiores,iure,iure
27564,odit,numquam,voluptate,inventore
68801,dicta,numquam,repellat,asperiores
68169,qui,sapiente,temporibus,incidunt
76948,natus,corrupti,molestiae,similique
37772,occaecati,quaerat,delectus,ipsa
28236,eum,vitae,reiciendis,harum
36003,ipsum,qui,tempore,nulla
69917,consectetur,laboriosam,fuga,aspernatur
77639,rem,sapiente,animi,suscipit
40362,voluptatibus,nam,vero,aspernatur
16727,quis,iste,quas,tempore
19562,dolor,error,ducimus,labore
42533,deleniti,laborum,ipsum,asperiores
95300,repudiandae,occaecati,ratione,fugiat
34206,iste,a,ducimus,accusantium
33931,fuga,reiciendis,soluta,soluta
64646,vero,maiores,eveniet,sed
49401,debitis,voluptas,non,quas
30371,officia,magnam,culpa,natus
56908,nisi,perferendis,numquam,alias
51339,consequuntur,alias,earum,esse
75362,laudantium,odit,ducimus,nobis
62553,ea,ad,error,provident
71541,eius,rem,temporibus,dignissimos
58246,voluptas,molestias,iusto,blanditiis
27605,consectetur,nemo,ullam,dolores
38855,minima,recusandae,minus,veniam
12201,sapiente,blanditiis,culpa,odit
86392,quae,inventore,impedit,ex
20188,voluptatum,autem,repellat,aperiam
74602,esse,eos,praesentium,eum
70097,ea,minima,occaecati,sint
45895,sequi,facilis,tempore,fugiat
16055,atque,nemo,atque,a
87972,nemo,harum,beatae,fuga
48006,cum,voluptatem,atque,veniam
24837,assumenda,minima,temporibus,ratione
65075,veniam,facilis,aut,pariatur
96314,minima,sunt,eaque,sint
52193,excepturi,inventore,nobis,voluptatem
91804,rem,inventore,veritatis,provident
68317,ad,veritatis,nam,necessitatibus
41268,nobis,nostrum,maiores,adipisci
47902,tempore,dolores,cupiditate,cum
96297,velit,voluptatem,fugiat,sequi
52260,adipisci,provident,error,ratione
56455,nesciunt,quia,maxime,iste
25059,temporibus,magnam,cupiditate,atque
31179,consequuntur,quibusdam,velit,soluta
42759,eum,officiis,adipisci,reprehenderit
10865,adipisci,quo,nesciunt,reprehenderit
96401,ipsum,tempore,aperiam,animi
19993,consequuntur,corporis,tenetur,consectetur
66678,repellendus,omnis,doloremque,totam
48142,sit,id,ipsa,vitae
10135,sint,cumque,aut,delectus
89365,rerum,non,ut,illo
40285,nemo,placeat,expedita,omnis
97862,totam,hic,iure,vel
32425,sed,reprehenderit,doloribus,quas
53061,velit,voluptatibus,accusantium,nihil
22557,sunt,minus,natus,aperiam
64506,et,commodi,consequatur,dolor
77948,quo,ut,voluptatum,numquam
39672,natus,nihil,explicabo,rem
68566,maxime,facilis,pariatur,impedit
91709,voluptatem,delectus,velit,reiciendis
74185,facere,minima,harum,ducimus
88503,alias,incidunt,mollitia,qui
51505,dignissimos,voluptates,aut,odio
71892,error,sequi,fugiat,magnam
50464,vitae,odio,tenetur,explicabo
82196,assumenda,repudiandae,sit,voluptas
93792,non,voluptate,doloremque,harum
48567,tenetur,deserunt,corrupti,culpa
98950,eligendi,vero,occaecati,nam
15838,incidunt,quisquam,sequi,praesentium
22214,dolorem,neque,veniam,quisquam
67804,quisquam,perferendis,commodi,labore
86349,in,laudantium,laudantium,aliquid
23260,consequuntur,expedita,porro,neque
95590,tenetur,saepe,similique,debitis
85750,cumque,assumenda,nostrum,ut
35636,possimus,quidem,quisquam,adipisci
13298,quidem,fugiat,perferendis,voluptatem
67841,tempora,voluptatibus,odio,dolor
62737,maiores,illum,nihil,minima
25135,magni,corrupti,repellendus,voluptates
46509,asperiores,voluptates,aut,iste
26417,quas,incidunt,doloribus,aliquam
80623,aut,veritatis,neque,reiciendis
68419,suscipit,ducimus,consequuntur,corrupti
96535,eos,quam,omnis,eos
71409,minus,atque,maxime,nesciunt
19845,molestiae,eveniet,minus,maiores
79456,ipsum,tenetur,ea,vero
63724,dolor,tempora,ipsum,perspiciatis
16749,ipsum,adipisci,inventore,repellat
79790,placeat,dolor,odit,et
50432,minima,amet,quam,magnam
86406,reprehenderit,placeat,harum,eaque
68371,commodi,minima,assumenda,id
60203,error,quidem,minus,natus
38413,alias,labore,at,quod
46637,est,nostrum,incidunt,distinctio
43437,dolor,animi,quibusdam,dolor
52244,saepe,optio,labore,amet
91620,voluptate,error,voluptate,magnam
16115,quo,in,ullam,eos
84272,laboriosam,reprehenderit,quo,impedit
80110,laboriosam,sint,cupiditate,eligendi
16992,architecto,ea,officiis,possimus
97276,sit,iusto,non,odit
23932,reiciendis,harum,praesentium,sequi
40902,explicabo,temporibus,quae,corporis
29415,culpa,dignissimos,consequuntur,iure
44468,voluptatum,molestias,enim,sapiente
81739,similique,natus,nemo,tempore
43660,voluptatibus,placeat,architecto,vel
97872,rem,sed,eveniet,cum
57445,unde,voluptatibus,ad,animi
86271,officia,unde,dicta,dolorem
18107,hic,iure,tenetur,fugiat
62615,mollitia,omnis,laudantium,distinctio
25547,veritatis,sapiente,repellat,corporis
35574,neque,nesciunt,voluptatum,quibusdam
33814,odio,voluptatum,id,reiciendis
24695,impedit,quia,odio,eum
30590,veritatis,vero,ut,non
72003,at,officia,facilis,ad
88125,nulla,alias,eius,error
47424,minus,fugit,vero,sit
70988,libero,optio,earum,molestiae
67698,vitae,dignissimos,praesentium,aliquam
55727,dignissimos,vero,deleniti,quidem
94636,minus,vero,inventore,temporibus
76120,non,tempore,maiores,at
93375,dolores,blanditiis,debitis,consectetur
88787,eius,officiis,repellat,expedita
82522,eos,enim,reprehenderit,beatae
19397,magnam,eveniet,quibusdam,nostrum
10254,nobis,architecto,fugiat,qui
88215,facere,adipisci,nisi,error
33600,tenetur,nemo,debitis,molestias
84457,natus,minus,aperiam,iusto
23942,unde,quas,culpa,blanditiis
62389,odio,natus,exercitationem,inventore
87981,odio,inventore,modi,occaecati
22219,ducimus,doloribus,minus,mollitia
70403,illum,repudiandae,commodi,ex
51234,voluptatum,aut,mollitia,officia
11708,perspiciatis,neque,repellat,ipsa
10123,fugiat,accusamus,cupiditate,perferendis
24502,facere,odit,suscipit,dignissimos
30889,sunt,dolores,sapiente,omnis
63216,expedita,suscipit,facilis,at
13131,quo,tenetur,omnis,eius
68502,deserunt,porro,voluptatum,maiores
99366,sapiente,architecto,soluta,provident
89108,natus,eligendi,voluptate,impedit
65973,itaque,rem,qui,sed
21398,reprehenderit,aliquid,provident,in
96538,quia,blanditiis,quo,ab
48918,ipsam,optio,enim,commodi
70448,totam,dolore,amet,veniam
89021,nostrum,neque,sint,delectus
96554,molestiae,labore,eum,tempora
46999,a,similique,alias,quod
67490,libero,quo,deserunt,quisquam
63521,non,qui,cupiditate,molestiae
80447,debitis,odio,explicabo,nemo
85778,nobis,eligendi,eveniet,placeat
85065,excepturi,enim,alias,quod
22520,dolore,minima,voluptatibus,corrupti
30021,dignissimos,repellat,eveniet,expedita
22531,nostrum,ipsam,corrupti,nisi
98637,eum,perferendis,consequuntur,saepe
74550,expedita,occaecati,quidem,optio
98910,quod,impedit,eligendi,sint
23055,reprehenderit,dignissimos,deserunt,saepe
94096,inventore,voluptates,accusamus,explicabo
56472,deleniti,enim,expedita,ea
44684,aliquid,vitae,ad,dolorum
16735,laborum,modi,neque,esse
38732,autem,voluptas,unde,blanditiis
10425,consequatur,repudiandae,sapiente,quisquam
64994,odit,vitae,aut,laborum
58049,perferendis,neque,iste,aliquid
91171,iure,perferendis,commodi,eos
21570,voluptatum,architecto,quae,quis
53332,maxime,nulla,sit,repellendus
76784,veniam,animi,ad,voluptas
13400,magnam,magnam,soluta,modi
53659,molestias,provident,tempora,cupiditate
44512,quia,nisi,vel,rem
54556,sed,expedita,dolore,molestias
49721,vel,animi,totam,magni
73401,impedit,beatae,libero,dicta
60984,ut,esse,provident,deserunt
33630,voluptatem,est,fuga,deleniti
76592,laboriosam,quisquam,placeat,odio
86147,voluptate,exercitationem,eveniet,maiores
34463,impedit,culpa,consequatur,nam
53410,debitis,sit,cumque,ipsam
76235,voluptas,officiis,fugiat,incidunt
51205,illum,incidunt,reprehenderit,nisi
23944,facilis,non,error,deleniti
24080,ipsum,perferendis,nostrum,ad
28361,eligendi,eius,quos,officiis
27860,vero,fuga,nihil,aliquid
88538,recusandae,sapiente,odit,sapiente
83739,inventore,rem,totam,neque
13469,quos,quos,dolore,ad
20083,suscipit,vitae,recusandae,eum
61698,deserunt,numquam,delectus,blanditiis
25994,ipsa,ipsa,est,culpa
34636,ducimus,esse,beatae,porro
27425,aspernatur,in,dolor,adipisci
60361,laboriosam,nisi,rerum,quis
26993,laudantium,quibusdam,assumenda,fugit
83605,repudiandae,minima,adipisci,numquam
57586,cupiditate,qui,nihil,unde
68703,autem,exercitationem,dolore,facere
29620,sequi,iure,enim,ex
94516,at,maiores,voluptatem,nulla
28657,unde,nulla,at,laboriosam
25041,tempore,fugiat,ipsum,ipsam
58655,fugit,minima,eos,nobis
25144,culpa,molestias,earum,eveniet
78386,dolorem,cupiditate,animi,qui
90661,consectetur,recusandae,aliquam,non
26389,alias,praesentium,suscipit,commodi
76712,aspernatur,vitae,rem,fugit
60676,inventore,et,earum,expedita
40241,non,voluptate,a,nulla
88038,minus,perspiciatis,deleniti,exercitationem
89055,laborum,eum,facilis,nisi
81915,quas,id,eaque,magni
68326,accusamus,distinctio,magni,hic
62291,minus,consequatur,vitae,sunt
95437,corrupti,nulla,inventore,quasi
75344,reprehenderit,quam,itaque,saepe
65006,sit,perferendis,vitae,ab
77422,quibusdam,temporibus,doloremque,provident
48940,blanditiis,magni,aliquid,blanditiis
78344,quibusdam,quibusdam,corrupti,non
61940,eius,debitis,ipsum,blanditiis
32935,perspiciatis,suscipit,beatae,nemo
51094,facere,dolore,quae,facere
11275,porro,officiis,fuga,incidunt
32163,voluptatem,aliquid,enim,quam
74238,ab,nostrum,provident,provident
49831,nobis,ad,non,eligendi
53455,vitae,odio,itaque,occaecati
69480,accusamus,inventore,blanditiis,alias
53648,officiis,similique,odit,omnis
63496,dolor,rerum,praesentium,ut
90769,aliquid,voluptate,non,minus
95533,voluptates,sit,nemo,quas
22009,deleniti,ducimus,numquam,praesentium
10187,quia,necessitatibus,laboriosam,delectus
29934,reiciendis,facilis,sapiente,commodi
42500,alias,nesciunt,sunt,quas
41695,beatae,totam,et,quisquam
32392,vitae,atque,assumenda,maxime
95819,sequi,sapiente,voluptates,quo
81185,illum,cupiditate,commodi,consectetur
71641,facere,error,dolore,odio
30849,nam,saepe,nemo,maxime
17034,laboriosam,adipisci,saepe,provident
66353,quas,dolor,delectus,consequatur
88714,quisquam,dolor,quasi,aliquam
88957,commodi,velit,corrupti,vel
36876,impedit,fuga,vitae,corrupti
92660,similique,esse,nobis,sequi
32996,libero,voluptatem,alias,animi
59802,dolore,debitis,atque,dolorum
85617,ullam,excepturi,labore,quasi
49327,qui,inventore,fugit,perspiciatis
10290,consectetur,et,repellendus,sint
20566,a,esse,cum,quod
23525,tenetur,accusantium,doloremque,a
74198,eius,perferendis,inventore,quasi
97440,temporibus,quaerat,eum,eum
30714,maxime,corrupti,veniam,aliquid
20452,voluptatibus,ut,magnam,cupiditate
93445,nulla,expedita,itaque,deserunt
77871,ab,velit,iste,error
26898,quos,odit,assumenda,fugit
81844,natus,natus,recusandae,dolorem
97511,laborum,eligendi,delectus,dignissimos
24145,consequatur,tenetur,debitis,laboriosam
62647,a,id,accusamus,in
73295,rerum,voluptates,ad,consectetur
29753,quam,voluptatem,doloremque,illo
96759,non,recusandae,sunt,odit
13992,accusantium,consequuntur,consectetur,repellat
32993,labore,quia,ullam,ducimus
98618,deserunt,temporibus,quam,expedita
24846,nisi,aperiam,dolorum,nostrum
47859,qui,architecto,corrupti,odio
97772,optio,saepe,tempore,perspiciatis
80185,ad,unde,tempore,nostrum
81454,hic,ipsa,fuga,molestiae
82112,enim,debitis,ipsum,officiis
84114,eos,ipsa,minima,facere
63436,debitis,quae,tenetur,possimus
45838,a,officia,culpa,fugiat
84310,pariatur,corrupti,eaque,tempora
73928,tempora,at,facilis,nostrum
30761,provident,minus,perspiciatis,culpa
75230,minus,repellat,eos,harum
50276,earum,id,rerum,consectetur
30268,occaecati,repellat,explicabo,nam
51926,sapiente,consectetur,ratione,velit
17902,illo,voluptatem,officiis,repellat
82540,harum,laudantium,laudantium,eaque
67771,aperiam,minus,illo,laborum
84563,assumenda,repellendus,consequuntur,omnis
49217,minima,ex,quia,cumque
74297,veritatis,quia,possimus,doloremque
81284,nostrum,non,placeat,exercitationem
29999,magnam,omnis,soluta,vitae
69478,reiciendis,error,autem,consequatur
57134,mollitia,explicabo,corrupti,officia
30421,autem,aliquam,velit,nostrum
71182,maxime,tempore,inventore,ducimus
15357,atque,enim,quam,voluptatem
47229,tenetur,deserunt,nihil,velit
22417,dolorem,nihil,occaecati,blanditiis
18357,praesentium,error,neque,enim
97855,aliquid,veritatis,similique,non
42600,sit,perferendis,sit,non
48564,minus,provident,autem,deleniti
90325,itaque,occaecati,minima,nobis
26196,nulla,reprehenderit,totam,error
80854,nemo,ab,sapiente,facilis
41395,vitae,saepe,totam,molestias
16230,facilis,sunt,tenetur,animi
26149,amet,provident,autem,optio
55536,pariatur,deserunt,ad,nam
81180,recusandae,iusto,nihil,maiores
92630,repellendus,temporibus,pariatur,unde
15860,libero,non,fuga,velit
27644,excepturi,magnam,aut,sunt
75224,similique,optio,quo,blanditiis
28208,veniam,minus,magni,pariatur
60829,modi,fugiat,consequatur,voluptatum
25778,mollitia,in,aspernatur,ipsam
60896,maiores,inventore,nulla,laudantium
76662,id,aliquid,consequuntur,consequuntur
20119,eligendi,exercitationem,quia,ut
91233,porro,qui,reprehenderit,reprehenderit
86700,voluptatibus,illum,facilis,quibusdam
21451,a,qui,minus,dicta
21705,doloribus,culpa,sed,minima
23405,architecto,sed,eum,cum
69351,sapiente,facere,soluta,eos
87436,unde,temporibus,aliquid,dolorem
47165,cum,neque,iure,repudiandae
86717,nostrum,assumenda,quos,tenetur
60720,rerum,accusantium,quod,occaecati
14864,error,quas,ut,maxime
73035,ullam,cupiditate,fugit,possimus
31803,architecto,quam,voluptatibus,labore
17685,nemo,animi,sed,assumenda
59181,voluptates,ut,molestias,dolore
27561,similique,et,ullam,doloremque
73797,laborum,aliquid,amet,sunt
98703,ipsam,iusto,cum,tempora
20064,omnis,omnis,hic,aliquid
32924,temporibus,quia,sapiente,sed
79527,sapiente,illum,pariatur,architecto
72701,odit,et,similique,cum
92033,ea,eligendi,nobis,tenetur
19407,temporibus,molestiae,iste,id
26371,illo,ipsam,laudantium,expedita
20329,cum,magnam,soluta,rem
33603,deserunt,sed,ullam,voluptate
98462,odit,molestias,repellat,rem
55084,aperiam,modi,expedita,quae
54975,omnis,nulla,numquam,rerum
83718,voluptas,itaque,minima,porro
74642,cumque,facilis,fugiat,repellendus
46284,pariatur,repellendus,quis,dolore
25196,id,ipsam,ducimus,sapiente
13195,doloribus,perferendis,omnis,blanditiis
80327,amet,blanditiis,optio,quaerat
12491,velit,tempore,necessitatibus,iusto
47832,possimus,unde,quo,mollitia
42471,quasi,odio,est,veritatis
78011,ut,eos,debitis,doloremque
89935,deserunt,ex,corporis,minus
89721,quae,ab,aperiam,ducimus
12970,repellendus,adipisci,aut,nam
93979,ex,modi,at,ipsa
16349,doloremque,ipsam,aliquam,labore
40645,dolorem,blanditiis,praesentium,pariatur
93449,vel,reprehenderit,laboriosam,facilis
18271,optio,perferendis,quos,quod
13523,ducimus,iure,adipisci,consequatur
56023,quo,occaecati,minima,tempora
23051,laborum,fugiat,inventore,totam
20055,nam,animi,deserunt,assumenda
55525,temporibus,nostrum,quam,unde
11774,id,alias,odio,totam
46753,provident,unde,temporibus,fuga
35204,dicta,earum,vero,amet
61116,dignissimos,saepe,at,culpa
35571,molestiae,commodi,rem,aliquam
78154,repellendus,consectetur,laborum,corrupti
72163,mollitia,recusandae,corporis,porro
73205,cum,eum,eligendi,itaque
67986,quos,dicta,praesentium,mollitia
57118,harum,nesciunt,veritatis,saepe
34529,atque,quasi,illum,voluptas
